two_theta_deg,no DWF (static),empirical digitized reference,elastic-derived Debye,quasi-harmonic Debye,harmonic phonon spectrum (isotropic),experimental (Fischer 1978)
10.0000,2.329157e+02,2.200728e+02,2.205618e+02,2.241239e+02,2.136800e+02,2.130229e+02
10.0200,2.333670e+02,2.205053e+02,2.209950e+02,2.245624e+02,2.141028e+02,2.134448e+02
10.0400,2.338197e+02,2.209393e+02,2.214297e+02,2.250024e+02,2.145270e+02,2.138680e+02
10.0600,2.342738e+02,2.213746e+02,2.218658e+02,2.254438e+02,2.149526e+02,2.142925e+02
10.0800,2.347294e+02,2.218113e+02,2.223032e+02,2.258866e+02,2.153795e+02,2.147184e+02
10.1000,2.351864e+02,2.222495e+02,2.227421e+02,2.263308e+02,2.158079e+02,2.151457e+02
10.1200,2.356449e+02,2.226890e+02,2.231824e+02,2.267764e+02,2.162376e+02,2.155744e+02
10.1400,2.361049e+02,2.231300e+02,2.236241e+02,2.272235e+02,2.166687e+02,2.160045e+02
10.1600,2.365664e+02,2.235724e+02,2.240673e+02,2.276721e+02,2.171012e+02,2.164360e+02
10.1800,2.370294e+02,2.240162e+02,2.245119e+02,2.281220e+02,2.175351e+02,2.168689e+02
10.2000,2.374938e+02,2.244615e+02,2.249579e+02,2.285735e+02,2.179704e+02,2.173032e+02
10.2200,2.379598e+02,2.249082e+02,2.254054e+02,2.290264e+02,2.184072e+02,2.177389e+02
10.2400,2.384273e+02,2.253564e+02,2.258543e+02,2.294808e+02,2.188454e+02,2.181760e+02
10.2600,2.388962e+02,2.258061e+02,2.263047e+02,2.299367e+02,2.192850e+02,2.186146e+02
10.2800,2.393667e+02,2.262572e+02,2.267566e+02,2.303940e+02,2.197260e+02,2.190546e+02
10.3000,2.398388e+02,2.267098e+02,2.272099e+02,2.308529e+02,2.201685e+02,2.194960e+02
10.3200,2.403123e+02,2.271638e+02,2.276648e+02,2.313132e+02,2.206125e+02,2.199389e+02
10.3400,2.407875e+02,2.276194e+02,2.281211e+02,2.317751e+02,2.210579e+02,2.203832e+02
10.3600,2.412641e+02,2.280765e+02,2.285789e+02,2.322384e+02,2.215047e+02,2.208290e+02
10.3800,2.417424e+02,2.285350e+02,2.290382e+02,2.327033e+02,2.219531e+02,2.212763e+02
10.4000,2.422221e+02,2.289951e+02,2.294991e+02,2.331697e+02,2.224029e+02,2.217251e+02
10.4200,2.427035e+02,2.294567e+02,2.299614e+02,2.336377e+02,2.228542e+02,2.221753e+02
10.4400,2.431864e+02,2.299198e+02,2.304253e+02,2.341071e+02,2.233070e+02,2.226270e+02
10.4600,2.436710e+02,2.303844e+02,2.308907e+02,2.345782e+02,2.237613e+02,2.230802e+02
10.4800,2.441571e+02,2.308506e+02,2.313577e+02,2.350508e+02,2.242171e+02,2.235350e+02
10.5000,2.446448e+02,2.313183e+02,2.318262e+02,2.355249e+02,2.246744e+02,2.239912e+02
10.5200,2.451342e+02,2.317875e+02,2.322962e+02,2.360006e+02,2.251333e+02,2.244490e+02
10.5400,2.456251e+02,2.322584e+02,2.327678e+02,2.364779e+02,2.255936e+02,2.249083e+02
10.5600,2.461177e+02,2.327308e+02,2.332410e+02,2.369568e+02,2.260556e+02,2.253691e+02
10.5800,2.466119e+02,2.332047e+02,2.337158e+02,2.374373e+02,2.265190e+02,2.258314e+02
10.6000,2.471077e+02,2.336803e+02,2.341921e+02,2.379194e+02,2.269840e+02,2.262953e+02
10.6200,2.476052e+02,2.341574e+02,2.346700e+02,2.384031e+02,2.274506e+02,2.267608e+02
10.6400,2.481044e+02,2.346361e+02,2.351496e+02,2.388884e+02,2.279187e+02,2.272278e+02
10.6600,2.486052e+02,2.351165e+02,2.356307e+02,2.393753e+02,2.283884e+02,2.276964e+02
10.6800,2.491076e+02,2.355984e+02,2.361134e+02,2.398638e+02,2.288596e+02,2.281665e+02
10.7000,2.496118e+02,2.360820e+02,2.365978e+02,2.403540e+02,2.293325e+02,2.286383e+02
10.7200,2.501176e+02,2.365671e+02,2.370838e+02,2.408458e+02,2.298070e+02,2.291116e+02
10.7400,2.506252e+02,2.370540e+02,2.375714e+02,2.413393e+02,2.302830e+02,2.295865e+02
10.7600,2.511344e+02,2.375424e+02,2.380607e+02,2.418345e+02,2.307607e+02,2.300631e+02
10.7800,2.516454e+02,2.380325e+02,2.385516e+02,2.423313e+02,2.312400e+02,2.305412e+02
10.8000,2.521580e+02,2.385243e+02,2.390442e+02,2.428298e+02,2.317209e+02,2.310210e+02
10.8200,2.526724e+02,2.390177e+02,2.395385e+02,2.433300e+02,2.322034e+02,2.315024e+02
10.8400,2.531885e+02,2.395128e+02,2.400344e+02,2.438318e+02,2.326876e+02,2.319854e+02
10.8600,2.537064e+02,2.400096e+02,2.405320e+02,2.443354e+02,2.331734e+02,2.324701e+02
10.8800,2.542260e+02,2.405081e+02,2.410313e+02,2.448407e+02,2.336609e+02,2.329565e+02
10.9000,2.547474e+02,2.410083e+02,2.415323e+02,2.453477e+02,2.341500e+02,2.334445e+02
10.9200,2.552705e+02,2.415101e+02,2.420350e+02,2.458564e+02,2.346409e+02,2.339341e+02
10.9400,2.557955e+02,2.420137e+02,2.425395e+02,2.463669e+02,2.351334e+02,2.344255e+02
10.9600,2.563222e+02,2.425190e+02,2.430456e+02,2.468791e+02,2.356275e+02,2.349185e+02
10.9800,2.568507e+02,2.430261e+02,2.435535e+02,2.473930e+02,2.361234e+02,2.354132e+02
11.0000,2.573810e+02,2.435349e+02,2.440631e+02,2.479087e+02,2.366210e+02,2.359096e+02
11.0200,2.579131e+02,2.440454e+02,2.445745e+02,2.484262e+02,2.371203e+02,2.364078e+02
11.0400,2.584470e+02,2.445577e+02,2.450876e+02,2.489454e+02,2.376213e+02,2.369076e+02
11.0600,2.589828e+02,2.450717e+02,2.456025e+02,2.494665e+02,2.381241e+02,2.374092e+02
11.0800,2.595204e+02,2.455875e+02,2.461192e+02,2.499893e+02,2.386286e+02,2.379125e+02
11.1000,2.600598e+02,2.461051e+02,2.466376e+02,2.505139e+02,2.391348e+02,2.384175e+02
11.1200,2.606011e+02,2.466245e+02,2.471578e+02,2.510404e+02,2.396428e+02,2.389243e+02
11.1400,2.611443e+02,2.471457e+02,2.476799e+02,2.515686e+02,2.401525e+02,2.394329e+02
11.1600,2.616893e+02,2.476687e+02,2.482037e+02,2.520987e+02,2.406641e+02,2.399432e+02
11.1800,2.622362e+02,2.481935e+02,2.487294e+02,2.526306e+02,2.411774e+02,2.404553e+02
11.2000,2.627850e+02,2.487201e+02,2.492569e+02,2.531644e+02,2.416925e+02,2.409692e+02
11.2200,2.633357e+02,2.492486e+02,2.497862e+02,2.537000e+02,2.422094e+02,2.414849e+02
11.2400,2.638883e+02,2.497789e+02,2.503174e+02,2.542375e+02,2.427280e+02,2.420024e+02
11.2600,2.644429e+02,2.503110e+02,2.508504e+02,2.547769e+02,2.432486e+02,2.425217e+02
11.2800,2.649993e+02,2.508450e+02,2.513853e+02,2.553181e+02,2.437709e+02,2.430428e+02
11.3000,2.655577e+02,2.513809e+02,2.519221e+02,2.558612e+02,2.442951e+02,2.435657e+02
11.3200,2.661181e+02,2.519187e+02,2.524608e+02,2.564063e+02,2.448211e+02,2.440905e+02
11.3400,2.666804e+02,2.524583e+02,2.530013e+02,2.569532e+02,2.453489e+02,2.446171e+02
11.3600,2.672446e+02,2.529999e+02,2.535437e+02,2.575021e+02,2.458787e+02,2.451456e+02
11.3800,2.678109e+02,2.535433e+02,2.540881e+02,2.580529e+02,2.464103e+02,2.456760e+02
11.4000,2.683791e+02,2.540887e+02,2.546343e+02,2.586056e+02,2.469437e+02,2.462082e+02
11.4200,2.689494e+02,2.546360e+02,2.551825e+02,2.591603e+02,2.474791e+02,2.467423e+02
11.4400,2.695216e+02,2.551852e+02,2.557327e+02,2.597169e+02,2.480164e+02,2.472784e+02
11.4600,2.700958e+02,2.557364e+02,2.562847e+02,2.602755e+02,2.485555e+02,2.478163e+02
11.4800,2.706721e+02,2.562895e+02,2.568388e+02,2.608361e+02,2.490966e+02,2.483561e+02
11.5000,2.712504e+02,2.568446e+02,2.573948e+02,2.613987e+02,2.496396e+02,2.488978e+02
11.5200,2.718308e+02,2.574017e+02,2.579528e+02,2.619633e+02,2.501846e+02,2.494415e+02
11.5400,2.724132e+02,2.579607e+02,2.585127e+02,2.625298e+02,2.507315e+02,2.499871e+02
11.5600,2.729977e+02,2.585218e+02,2.590747e+02,2.630984e+02,2.512803e+02,2.505347e+02
11.5800,2.735842e+02,2.590848e+02,2.596387e+02,2.636690e+02,2.518311e+02,2.510843e+02
11.6000,2.741729e+02,2.596499e+02,2.602047e+02,2.642417e+02,2.523839e+02,2.516358e+02
11.6200,2.747636e+02,2.602170e+02,2.607727e+02,2.648164e+02,2.529387e+02,2.521893e+02
11.6400,2.753565e+02,2.607861e+02,2.613427e+02,2.653932e+02,2.534955e+02,2.527447e+02
11.6600,2.759514e+02,2.613573e+02,2.619148e+02,2.659720e+02,2.540542e+02,2.533022e+02
11.6800,2.765485e+02,2.619305e+02,2.624890e+02,2.665529e+02,2.546150e+02,2.538617e+02
11.7000,2.771478e+02,2.625058e+02,2.630652e+02,2.671359e+02,2.551778e+02,2.544232e+02
11.7200,2.777491e+02,2.630832e+02,2.636435e+02,2.677210e+02,2.557427e+02,2.549868e+02
11.7400,2.783527e+02,2.636626e+02,2.642239e+02,2.683083e+02,2.563096e+02,2.555524e+02
11.7600,2.789584e+02,2.642442e+02,2.648064e+02,2.688976e+02,2.568786e+02,2.561200e+02
11.7800,2.795663e+02,2.648278e+02,2.653910e+02,2.694891e+02,2.574496e+02,2.566897e+02
11.8000,2.801764e+02,2.654136e+02,2.659778e+02,2.700827e+02,2.580227e+02,2.572615e+02
11.8200,2.807888e+02,2.660015e+02,2.665666e+02,2.706785e+02,2.585979e+02,2.578354e+02
11.8400,2.814033e+02,2.665915e+02,2.671576e+02,2.712764e+02,2.591752e+02,2.584113e+02
11.8600,2.820200e+02,2.671837e+02,2.677508e+02,2.718765e+02,2.597546e+02,2.589894e+02
11.8800,2.826390e+02,2.677781e+02,2.683461e+02,2.724788e+02,2.603361e+02,2.595696e+02
11.9000,2.832603e+02,2.683746e+02,2.689436e+02,2.730833e+02,2.609198e+02,2.601519e+02
11.9200,2.838838e+02,2.689734e+02,2.695433e+02,2.736900e+02,2.615056e+02,2.607364e+02
11.9400,2.845096e+02,2.695743e+02,2.701452e+02,2.742989e+02,2.620935e+02,2.613230e+02
11.9600,2.851377e+02,2.701774e+02,2.707493e+02,2.749101e+02,2.626836e+02,2.619117e+02
11.9800,2.857681e+02,2.707827e+02,2.713556e+02,2.755235e+02,2.632759e+02,2.625027e+02
12.0000,2.864008e+02,2.713903e+02,2.719642e+02,2.761392e+02,2.638704e+02,2.630958e+02
12.0200,2.870358e+02,2.720001e+02,2.725750e+02,2.767571e+02,2.644671e+02,2.636911e+02
12.0400,2.876731e+02,2.726122e+02,2.731881e+02,2.773773e+02,2.650660e+02,2.642886e+02
12.0600,2.883128e+02,2.732265e+02,2.738034e+02,2.779998e+02,2.656671e+02,2.648883e+02
12.0800,2.889549e+02,2.738432e+02,2.744210e+02,2.786247e+02,2.662705e+02,2.654903e+02
12.1000,2.895993e+02,2.744621e+02,2.750409e+02,2.792518e+02,2.668761e+02,2.660945e+02
12.1200,2.902461e+02,2.750833e+02,2.756631e+02,2.798812e+02,2.674839e+02,2.667010e+02
12.1400,2.908953e+02,2.757068e+02,2.762876e+02,2.805130e+02,2.680941e+02,2.673097e+02
12.1600,2.915469e+02,2.763326e+02,2.769145e+02,2.811472e+02,2.687065e+02,2.679207e+02
12.1800,2.922010e+02,2.769608e+02,2.775437e+02,2.817837e+02,2.693212e+02,2.685340e+02
12.2000,2.928574e+02,2.775913e+02,2.781752e+02,2.824226e+02,2.699382e+02,2.691496e+02
12.2200,2.935164e+02,2.782242e+02,2.788092e+02,2.830639e+02,2.705575e+02,2.697675e+02
12.2400,2.941777e+02,2.788595e+02,2.794455e+02,2.837076e+02,2.711792e+02,2.703878e+02
12.2600,2.948416e+02,2.794972e+02,2.800841e+02,2.843537e+02,2.718032e+02,2.710103e+02
12.2800,2.955079e+02,2.801372e+02,2.807252e+02,2.850022e+02,2.724295e+02,2.716353e+02
12.3000,2.961768e+02,2.807797e+02,2.813687e+02,2.856532e+02,2.730582e+02,2.722625e+02
12.3200,2.968481e+02,2.814246e+02,2.820147e+02,2.863066e+02,2.736893e+02,2.728922e+02
12.3400,2.975220e+02,2.820719e+02,2.826631e+02,2.869625e+02,2.743228e+02,2.735242e+02
12.3600,2.981984e+02,2.827217e+02,2.833139e+02,2.876209e+02,2.749587e+02,2.741587e+02
12.3800,2.988774e+02,2.833740e+02,2.839672e+02,2.882817e+02,2.755971e+02,2.747956e+02
12.4000,2.995590e+02,2.840287e+02,2.846230e+02,2.889451e+02,2.762378e+02,2.754349e+02
12.4200,3.002431e+02,2.846859e+02,2.852813e+02,2.896110e+02,2.768810e+02,2.760766e+02
12.4400,3.009298e+02,2.853457e+02,2.859420e+02,2.902794e+02,2.775267e+02,2.767208e+02
12.4600,3.016191e+02,2.860079e+02,2.866054e+02,2.909504e+02,2.781748e+02,2.773674e+02
12.4800,3.023111e+02,2.866727e+02,2.872712e+02,2.916240e+02,2.788254e+02,2.780165e+02
12.5000,3.030057e+02,2.873400e+02,2.879396e+02,2.923001e+02,2.794785e+02,2.786682e+02
12.5200,3.037029e+02,2.880099e+02,2.886106e+02,2.929788e+02,2.801341e+02,2.793223e+02
12.5400,3.044028e+02,2.886824e+02,2.892841e+02,2.936601e+02,2.807923e+02,2.799789e+02
12.5600,3.051054e+02,2.893574e+02,2.899602e+02,2.943440e+02,2.814529e+02,2.806381e+02
12.5800,3.058107e+02,2.900351e+02,2.906390e+02,2.950306e+02,2.821162e+02,2.812999e+02
12.6000,3.065186e+02,2.907153e+02,2.913203e+02,2.957198e+02,2.827820e+02,2.819641e+02
12.6200,3.072294e+02,2.913982e+02,2.920043e+02,2.964116e+02,2.834504e+02,2.826310e+02
12.6400,3.079428e+02,2.920838e+02,2.926910e+02,2.971062e+02,2.841213e+02,2.833005e+02
12.6600,3.086590e+02,2.927720e+02,2.933803e+02,2.978034e+02,2.847949e+02,2.839725e+02
12.6800,3.093780e+02,2.934628e+02,2.940722e+02,2.985033e+02,2.854711e+02,2.846472e+02
12.7000,3.100997e+02,2.941564e+02,2.947669e+02,2.992060e+02,2.861500e+02,2.853245e+02
12.7200,3.108243e+02,2.948527e+02,2.954643e+02,2.999114e+02,2.868315e+02,2.860045e+02
12.7400,3.115517e+02,2.955517e+02,2.961644e+02,3.006195e+02,2.875157e+02,2.866871e+02
12.7600,3.122819e+02,2.962534e+02,2.968672e+02,3.013304e+02,2.882025e+02,2.873724e+02
12.7800,3.130149e+02,2.969578e+02,2.975728e+02,3.020441e+02,2.888921e+02,2.880604e+02
12.8000,3.137508e+02,2.976651e+02,2.982812e+02,3.027606e+02,2.895843e+02,2.887511e+02
12.8200,3.144896e+02,2.983751e+02,2.989923e+02,3.034799e+02,2.902793e+02,2.894445e+02
12.8400,3.152313e+02,2.990879e+02,2.997062e+02,3.042020e+02,2.909770e+02,2.901407e+02
12.8600,3.159759e+02,2.998035e+02,3.004230e+02,3.049270e+02,2.916775e+02,2.908396e+02
12.8800,3.167234e+02,3.005219e+02,3.011426e+02,3.056548e+02,2.923808e+02,2.915412e+02
12.9000,3.174739e+02,3.012432e+02,3.018650e+02,3.063855e+02,2.930868e+02,2.922457e+02
12.9200,3.182273e+02,3.019674e+02,3.025903e+02,3.071191e+02,2.937957e+02,2.929529e+02
12.9400,3.189837e+02,3.026944e+02,3.033185e+02,3.078556e+02,2.945073e+02,2.936630e+02
12.9600,3.197431e+02,3.034243e+02,3.040495e+02,3.085950e+02,2.952219e+02,2.943759e+02
12.9800,3.205055e+02,3.041571e+02,3.047835e+02,3.093373e+02,2.959392e+02,2.950916e+02
13.0000,3.212709e+02,3.048928e+02,3.055204e+02,3.100826e+02,2.966594e+02,2.958102e+02
13.0200,3.220393e+02,3.056315e+02,3.062602e+02,3.108309e+02,2.973825e+02,2.965317e+02
13.0400,3.228109e+02,3.063731e+02,3.070030e+02,3.115822e+02,2.981086e+02,2.972561e+02
13.0600,3.235855e+02,3.071177e+02,3.077488e+02,3.123365e+02,2.988375e+02,2.979834e+02
13.0800,3.243632e+02,3.078653e+02,3.084976e+02,3.130938e+02,2.995693e+02,2.987136e+02
13.1000,3.251440e+02,3.086159e+02,3.092493e+02,3.138541e+02,3.003042e+02,2.994468e+02
13.1200,3.259279e+02,3.093695e+02,3.100042e+02,3.146175e+02,3.010419e+02,3.001829e+02
13.1400,3.267150e+02,3.101262e+02,3.107620e+02,3.153840e+02,3.017827e+02,3.009220e+02
13.1600,3.275052e+02,3.108859e+02,3.115229e+02,3.161535e+02,3.025265e+02,3.016641e+02
13.1800,3.282987e+02,3.116487e+02,3.122869e+02,3.169262e+02,3.032732e+02,3.024092e+02
13.2000,3.290953e+02,3.124145e+02,3.130540e+02,3.177020e+02,3.040230e+02,3.031573e+02
13.2200,3.298952e+02,3.131835e+02,3.138242e+02,3.184810e+02,3.047759e+02,3.039085e+02
13.2400,3.306983e+02,3.139557e+02,3.145976e+02,3.192631e+02,3.055319e+02,3.046628e+02
13.2600,3.315046e+02,3.147309e+02,3.153741e+02,3.200484e+02,3.062909e+02,3.054201e+02
13.2800,3.323143e+02,3.155094e+02,3.161537e+02,3.208369e+02,3.070530e+02,3.061805e+02
13.3000,3.331272e+02,3.162910e+02,3.169366e+02,3.216286e+02,3.078183e+02,3.069441e+02
13.3200,3.339434e+02,3.170758e+02,3.177226e+02,3.224236e+02,3.085867e+02,3.077108e+02
13.3400,3.347630e+02,3.178639e+02,3.185119e+02,3.232218e+02,3.093582e+02,3.084806e+02
13.3600,3.355859e+02,3.186551e+02,3.193044e+02,3.240233e+02,3.101330e+02,3.092536e+02
13.3800,3.364122e+02,3.194497e+02,3.201002e+02,3.248281e+02,3.109109e+02,3.100298e+02
13.4000,3.372419e+02,3.202475e+02,3.208993e+02,3.256362e+02,3.116921e+02,3.108092e+02
13.4200,3.380750e+02,3.210486e+02,3.217017e+02,3.264476e+02,3.124765e+02,3.115919e+02
13.4400,3.389116e+02,3.218530e+02,3.225074e+02,3.272624e+02,3.132641e+02,3.123778e+02
13.4600,3.397516e+02,3.226608e+02,3.233164e+02,3.280806e+02,3.140550e+02,3.131669e+02
13.4800,3.405950e+02,3.234719e+02,3.241288e+02,3.289021e+02,3.148493e+02,3.139594e+02
13.5000,3.414420e+02,3.242864e+02,3.249446e+02,3.297271e+02,3.156468e+02,3.147551e+02
13.5200,3.422925e+02,3.251043e+02,3.257637e+02,3.305555e+02,3.164476e+02,3.155542e+02
13.5400,3.431465e+02,3.259256e+02,3.265863e+02,3.313874e+02,3.172519e+02,3.163566e+02
13.5600,3.440040e+02,3.267504e+02,3.274124e+02,3.322227e+02,3.180594e+02,3.171624e+02
13.5800,3.448652e+02,3.275786e+02,3.282419e+02,3.330615e+02,3.188704e+02,3.179716e+02
13.6000,3.457299e+02,3.284103e+02,3.290748e+02,3.339039e+02,3.196848e+02,3.187842e+02
13.6200,3.465982e+02,3.292454e+02,3.299113e+02,3.347498e+02,3.205026e+02,3.196002e+02
13.6400,3.474702e+02,3.300841e+02,3.307513e+02,3.355992e+02,3.213239e+02,3.204196e+02
13.6600,3.483459e+02,3.309264e+02,3.315949e+02,3.364522e+02,3.221486e+02,3.212426e+02
13.6800,3.492252e+02,3.317721e+02,3.324420e+02,3.373089e+02,3.229769e+02,3.220690e+02
13.7000,3.501083e+02,3.326215e+02,3.332927e+02,3.381691e+02,3.238086e+02,3.228989e+02
13.7200,3.509951e+02,3.334745e+02,3.341470e+02,3.390330e+02,3.246439e+02,3.237323e+02
13.7400,3.518856e+02,3.343311e+02,3.350049e+02,3.399005e+02,3.254828e+02,3.245693e+02
13.7600,3.527799e+02,3.351913e+02,3.358665e+02,3.407718e+02,3.263252e+02,3.254099e+02
13.7800,3.536780e+02,3.360553e+02,3.367318e+02,3.416467e+02,3.271713e+02,3.262540e+02
13.8000,3.545799e+02,3.369229e+02,3.376007e+02,3.425254e+02,3.280209e+02,3.271018e+02
13.8200,3.554857e+02,3.377942e+02,3.384734e+02,3.434079e+02,3.288742e+02,3.279532e+02
13.8400,3.563953e+02,3.386693e+02,3.393498e+02,3.442941e+02,3.297312e+02,3.288083e+02
13.8600,3.573089e+02,3.395481e+02,3.402300e+02,3.451841e+02,3.305919e+02,3.296671e+02
13.8800,3.582263e+02,3.404307e+02,3.411140e+02,3.460780e+02,3.314562e+02,3.305296e+02
13.9000,3.591477e+02,3.413171e+02,3.420018e+02,3.469757e+02,3.323243e+02,3.313958e+02
13.9200,3.600730e+02,3.422073e+02,3.428934e+02,3.478772e+02,3.331962e+02,3.322657e+02
13.9400,3.610023e+02,3.431014e+02,3.437888e+02,3.487827e+02,3.340719e+02,3.331394e+02
13.9600,3.619357e+02,3.439994e+02,3.446882e+02,3.496921e+02,3.349513e+02,3.340170e+02
13.9800,3.628730e+02,3.449012e+02,3.455915e+02,3.506054e+02,3.358346e+02,3.348983e+02
14.0000,3.638145e+02,3.458070e+02,3.464987e+02,3.515227e+02,3.367217e+02,3.357835e+02
14.0200,3.647600e+02,3.467168e+02,3.474098e+02,3.524440e+02,3.376128e+02,3.366725e+02
14.0400,3.657096e+02,3.476305e+02,3.483249e+02,3.533693e+02,3.385077e+02,3.375655e+02
14.0600,3.666634e+02,3.485482e+02,3.492441e+02,3.542987e+02,3.394065e+02,3.384624e+02
14.0800,3.676213e+02,3.494699e+02,3.501672e+02,3.552321e+02,3.403093e+02,3.393632e+02
14.1000,3.685834e+02,3.503957e+02,3.510944e+02,3.561696e+02,3.412161e+02,3.402679e+02
14.1200,3.695497e+02,3.513256e+02,3.520257e+02,3.571113e+02,3.421268e+02,3.411767e+02
14.1400,3.705203e+02,3.522595e+02,3.529611e+02,3.580570e+02,3.430416e+02,3.420895e+02
14.1600,3.714951e+02,3.531976e+02,3.539007e+02,3.590070e+02,3.439605e+02,3.430063e+02
14.1800,3.724743e+02,3.541399e+02,3.548443e+02,3.599611e+02,3.448834e+02,3.439272e+02
14.2000,3.734577e+02,3.550863e+02,3.557922e+02,3.609195e+02,3.458104e+02,3.448522e+02
14.2200,3.744455e+02,3.560369e+02,3.567443e+02,3.618821e+02,3.467415e+02,3.457813e+02
14.2400,3.754377e+02,3.569917e+02,3.577006e+02,3.628490e+02,3.476768e+02,3.467145e+02
14.2600,3.764343e+02,3.579508e+02,3.586612e+02,3.638202e+02,3.486163e+02,3.476520e+02
14.2800,3.774353e+02,3.589142e+02,3.596261e+02,3.647958e+02,3.495600e+02,3.485936e+02
14.3000,3.784407e+02,3.598819e+02,3.605952e+02,3.657757e+02,3.505079e+02,3.495394e+02
14.3200,3.794507e+02,3.608540e+02,3.615688e+02,3.667600e+02,3.514601e+02,3.504895e+02
14.3400,3.804652e+02,3.618304e+02,3.625467e+02,3.677487e+02,3.524165e+02,3.514439e+02
14.3600,3.814842e+02,3.628112e+02,3.635290e+02,3.687418e+02,3.533773e+02,3.524026e+02
14.3800,3.825078e+02,3.637964e+02,3.645157e+02,3.697395e+02,3.543424e+02,3.533656e+02
14.4000,3.835360e+02,3.647861e+02,3.655069e+02,3.707416e+02,3.553119e+02,3.543330e+02
14.4200,3.845689e+02,3.657802e+02,3.665026e+02,3.717482e+02,3.562858e+02,3.553048e+02
14.4400,3.856064e+02,3.667789e+02,3.675028e+02,3.727594e+02,3.572641e+02,3.562810e+02
14.4600,3.866486e+02,3.677821e+02,3.685075e+02,3.737753e+02,3.582469e+02,3.572616e+02
14.4800,3.876955e+02,3.687899e+02,3.695169e+02,3.747957e+02,3.592342e+02,3.582467e+02
14.5000,3.887472e+02,3.698023e+02,3.705308e+02,3.758207e+02,3.602260e+02,3.592363e+02
14.5200,3.898036e+02,3.708193e+02,3.715493e+02,3.768505e+02,3.612223e+02,3.602305e+02
14.5400,3.908649e+02,3.718409e+02,3.725726e+02,3.778850e+02,3.622232e+02,3.612292e+02
14.5600,3.919311e+02,3.728673e+02,3.736005e+02,3.789242e+02,3.632287e+02,3.622325e+02
14.5800,3.930021e+02,3.738983e+02,3.746331e+02,3.799682e+02,3.642388e+02,3.632405e+02
14.6000,3.940780e+02,3.749342e+02,3.756705e+02,3.810169e+02,3.652536e+02,3.642531e+02
14.6200,3.951589e+02,3.759748e+02,3.767127e+02,3.820706e+02,3.662731e+02,3.652704e+02
14.6400,3.962448e+02,3.770202e+02,3.777597e+02,3.831290e+02,3.672973e+02,3.662924e+02
14.6600,3.973356e+02,3.780705e+02,3.788116e+02,3.841924e+02,3.683263e+02,3.673191e+02
14.6800,3.984315e+02,3.791256e+02,3.798683e+02,3.852608e+02,3.693601e+02,3.683507e+02
14.7000,3.995325e+02,3.801857e+02,3.809300e+02,3.863340e+02,3.703987e+02,3.693870e+02
14.7200,4.006386e+02,3.812507e+02,3.819966e+02,3.874123e+02,3.714421e+02,3.704282e+02
14.7400,4.017499e+02,3.823206e+02,3.830682e+02,3.884956e+02,3.724905e+02,3.714743e+02
14.7600,4.028663e+02,3.833956e+02,3.841449e+02,3.895840e+02,3.735437e+02,3.725253e+02
14.7800,4.039880e+02,3.844757e+02,3.852265e+02,3.906775e+02,3.746020e+02,3.735812e+02
14.8000,4.051149e+02,3.855608e+02,3.863133e+02,3.917761e+02,3.756652e+02,3.746421e+02
14.8200,4.062470e+02,3.866510e+02,3.874052e+02,3.928799e+02,3.767334e+02,3.757080e+02
14.8400,4.073846e+02,3.877464e+02,3.885022e+02,3.939889e+02,3.778066e+02,3.767790e+02
14.8600,4.085274e+02,3.888469e+02,3.896044e+02,3.951031e+02,3.788850e+02,3.778550e+02
14.8800,4.096757e+02,3.899527e+02,3.907118e+02,3.962226e+02,3.799685e+02,3.789362e+02
14.9000,4.108294e+02,3.910637e+02,3.918245e+02,3.973474e+02,3.810571e+02,3.800225e+02
14.9200,4.119885e+02,3.921800e+02,3.929425e+02,3.984776e+02,3.821510e+02,3.811139e+02
14.9400,4.131532e+02,3.933016e+02,3.940659e+02,3.996131e+02,3.832500e+02,3.822106e+02
14.9600,4.143234e+02,3.944286e+02,3.951946e+02,4.007541e+02,3.843543e+02,3.833126e+02
14.9800,4.154992e+02,3.955610e+02,3.963287e+02,4.019005e+02,3.854640e+02,3.844198e+02
15.0000,4.166806e+02,3.966989e+02,3.974682e+02,4.030524e+02,3.865789e+02,3.855324e+02
15.0200,4.178676e+02,3.978422e+02,3.986132e+02,4.042099e+02,3.876993e+02,3.866504e+02
15.0400,4.190604e+02,3.989910e+02,3.997638e+02,4.053729e+02,3.888250e+02,3.877737e+02
15.0600,4.202589e+02,4.001453e+02,4.009199e+02,4.065415e+02,3.899562e+02,3.889025e+02
15.0800,4.214631e+02,4.013053e+02,4.020816e+02,4.077158e+02,3.910929e+02,3.900367e+02
15.1000,4.226732e+02,4.024708e+02,4.032489e+02,4.088957e+02,3.922351e+02,3.911765e+02
15.1200,4.238892e+02,4.036421e+02,4.044219e+02,4.100814e+02,3.933829e+02,3.923218e+02
15.1400,4.251110e+02,4.048190e+02,4.056006e+02,4.112729e+02,3.945363e+02,3.934727e+02
15.1600,4.263388e+02,4.060017e+02,4.067850e+02,4.124701e+02,3.956953e+02,3.946293e+02
15.1800,4.275725e+02,4.071902e+02,4.079753e+02,4.136732e+02,3.968600e+02,3.957915e+02
15.2000,4.288123e+02,4.083845e+02,4.091714e+02,4.148822e+02,3.980304e+02,3.969594e+02
15.2200,4.300582e+02,4.095846e+02,4.103734e+02,4.160972e+02,3.992066e+02,3.981331e+02
15.2400,4.313101e+02,4.107907e+02,4.115812e+02,4.173181e+02,4.003886e+02,3.993126e+02
15.2600,4.325682e+02,4.120027e+02,4.127951e+02,4.185450e+02,4.015765e+02,4.004979e+02
15.2800,4.338325e+02,4.132207e+02,4.140149e+02,4.197780e+02,4.027702e+02,4.016890e+02
15.3000,4.351030e+02,4.144448e+02,4.152408e+02,4.210171e+02,4.039698e+02,4.028861e+02
15.3200,4.363799e+02,4.156749e+02,4.164728e+02,4.222623e+02,4.051754e+02,4.040892e+02
15.3400,4.376630e+02,4.169112e+02,4.177109e+02,4.235137e+02,4.063871e+02,4.052982e+02
15.3600,4.389525e+02,4.181536e+02,4.189551e+02,4.247714e+02,4.076048e+02,4.065133e+02
15.3800,4.402485e+02,4.194022e+02,4.202056e+02,4.260353e+02,4.088286e+02,4.077345e+02
15.4000,4.415509e+02,4.206571e+02,4.214624e+02,4.273055e+02,4.100585e+02,4.089619e+02
15.4200,4.428598e+02,4.219183e+02,4.227255e+02,4.285822e+02,4.112946e+02,4.101954e+02
15.4400,4.441753e+02,4.231858e+02,4.239949e+02,4.298652e+02,4.125370e+02,4.114351e+02
15.4600,4.454973e+02,4.244598e+02,4.252707e+02,4.311547e+02,4.137856e+02,4.126811e+02
15.4800,4.468261e+02,4.257401e+02,4.265530e+02,4.324507e+02,4.150406e+02,4.139334e+02
15.5000,4.481615e+02,4.270270e+02,4.278418e+02,4.337533e+02,4.163019e+02,4.151920e+02
15.5200,4.495037e+02,4.283204e+02,4.291371e+02,4.350625e+02,4.175697e+02,4.164571e+02
15.5400,4.508527e+02,4.296203e+02,4.304390e+02,4.363783e+02,4.188439e+02,4.177286e+02
15.5600,4.522086e+02,4.309269e+02,4.317475e+02,4.377008e+02,4.201246e+02,4.190067e+02
15.5800,4.535713e+02,4.322402e+02,4.330628e+02,4.390301e+02,4.214119e+02,4.202912e+02
15.6000,4.549410e+02,4.335602e+02,4.343847e+02,4.403662e+02,4.227058e+02,4.215824e+02
15.6200,4.563177e+02,4.348870e+02,4.357135e+02,4.417091e+02,4.240064e+02,4.228802e+02
15.6400,4.577015e+02,4.362206e+02,4.370491e+02,4.430589e+02,4.253137e+02,4.241847e+02
15.6600,4.590924e+02,4.375611e+02,4.383916e+02,4.444157e+02,4.266277e+02,4.254960e+02
15.6800,4.604904e+02,4.389085e+02,4.397410e+02,4.457795e+02,4.279485e+02,4.268140e+02
15.7000,4.618956e+02,4.402630e+02,4.410974e+02,4.471504e+02,4.292762e+02,4.281389e+02
15.7200,4.633082e+02,4.416244e+02,4.424609e+02,4.485284e+02,4.306108e+02,4.294707e+02
15.7400,4.647280e+02,4.429929e+02,4.438314e+02,4.499135e+02,4.319524e+02,4.308095e+02
15.7600,4.661552e+02,4.443686e+02,4.452091e+02,4.513058e+02,4.333010e+02,4.321552e+02
15.7800,4.675899e+02,4.457515e+02,4.465940e+02,4.527055e+02,4.346567e+02,4.335080e+02
15.8000,4.690320e+02,4.471416e+02,4.479862e+02,4.541124e+02,4.360194e+02,4.348680e+02
15.8200,4.704817e+02,4.485391e+02,4.493857e+02,4.555268e+02,4.373894e+02,4.362351e+02
15.8400,4.719390e+02,4.499439e+02,4.507926e+02,4.569486e+02,4.387666e+02,4.376094e+02
15.8600,4.734040e+02,4.513561e+02,4.522069e+02,4.583778e+02,4.401511e+02,4.389909e+02
15.8800,4.748767e+02,4.527758e+02,4.536287e+02,4.598147e+02,4.415429e+02,4.403798e+02
15.9000,4.763572e+02,4.542030e+02,4.550580e+02,4.612591e+02,4.429421e+02,4.417761e+02
15.9200,4.778455e+02,4.556378e+02,4.564949e+02,4.627113e+02,4.443488e+02,4.431799e+02
15.9400,4.793417e+02,4.570803e+02,4.579395e+02,4.641711e+02,4.457630e+02,4.445911e+02
15.9600,4.808459e+02,4.585304e+02,4.593918e+02,4.656388e+02,4.471848e+02,4.460099e+02
15.9800,4.823581e+02,4.599884e+02,4.608519e+02,4.671143e+02,4.486142e+02,4.474363e+02
16.0000,4.838784e+02,4.614541e+02,4.623198e+02,4.685977e+02,4.500513e+02,4.488704e+02
16.0200,4.854069e+02,4.629278e+02,4.637956e+02,4.700891e+02,4.514962e+02,4.503123e+02
16.0400,4.869435e+02,4.644094e+02,4.652794e+02,4.715885e+02,4.529488e+02,4.517619e+02
16.0600,4.884885e+02,4.658990e+02,4.667712e+02,4.730960e+02,4.544094e+02,4.532194e+02
16.0800,4.900417e+02,4.673968e+02,4.682711e+02,4.746117e+02,4.558779e+02,4.546848e+02
16.1000,4.916034e+02,4.689026e+02,4.697792e+02,4.761356e+02,4.573543e+02,4.561582e+02
16.1200,4.931736e+02,4.704167e+02,4.712955e+02,4.776679e+02,4.588389e+02,4.576397e+02
16.1400,4.947523e+02,4.719390e+02,4.728200e+02,4.792084e+02,4.603316e+02,4.591293e+02
16.1600,4.963397e+02,4.734697e+02,4.743529e+02,4.807574e+02,4.618324e+02,4.606270e+02
16.1800,4.979357e+02,4.750087e+02,4.758942e+02,4.823149e+02,4.633416e+02,4.621330e+02
16.2000,4.995404e+02,4.765563e+02,4.774440e+02,4.838810e+02,4.648590e+02,4.636473e+02
16.2200,5.011540e+02,4.781124e+02,4.790024e+02,4.854557e+02,4.663848e+02,4.651700e+02
16.2400,5.027765e+02,4.796771e+02,4.805694e+02,4.870391e+02,4.679191e+02,4.667011e+02
16.2600,5.044079e+02,4.812504e+02,4.821450e+02,4.886312e+02,4.694620e+02,4.682407e+02
16.2800,5.060484e+02,4.828325e+02,4.837294e+02,4.902323e+02,4.710134e+02,4.697889e+02
16.3000,5.076979e+02,4.844235e+02,4.853227e+02,4.918422e+02,4.725735e+02,4.713458e+02
16.3200,5.093567e+02,4.860233e+02,4.869249e+02,4.934611e+02,4.741423e+02,4.729113e+02
16.3400,5.110247e+02,4.876321e+02,4.885360e+02,4.950890e+02,4.757199e+02,4.744857e+02
16.3600,5.127021e+02,4.892500e+02,4.901562e+02,4.967261e+02,4.773065e+02,4.760689e+02
16.3800,5.143888e+02,4.908769e+02,4.917855e+02,4.983724e+02,4.789019e+02,4.776611e+02
16.4000,5.160851e+02,4.925130e+02,4.934240e+02,5.000280e+02,4.805064e+02,4.792623e+02
16.4200,5.177909e+02,4.941584e+02,4.950718e+02,5.016930e+02,4.821200e+02,4.808726e+02
16.4400,5.195063e+02,4.958132e+02,4.967289e+02,5.033674e+02,4.837428e+02,4.824920e+02
16.4600,5.212315e+02,4.974773e+02,4.983955e+02,5.050513e+02,4.853749e+02,4.841207e+02
16.4800,5.229665e+02,4.991510e+02,5.000716e+02,5.067448e+02,4.870162e+02,4.857587e+02
16.5000,5.247114e+02,5.008342e+02,5.017572e+02,5.084480e+02,4.886670e+02,4.874061e+02
16.5200,5.264662e+02,5.025271e+02,5.034526e+02,5.101610e+02,4.903273e+02,4.890629e+02
16.5400,5.282311e+02,5.042297e+02,5.051576e+02,5.118837e+02,4.919971e+02,4.907293e+02
16.5600,5.300061e+02,5.059422e+02,5.068726e+02,5.136164e+02,4.936766e+02,4.924054e+02
16.5800,5.317914e+02,5.076645e+02,5.085974e+02,5.153592e+02,4.953659e+02,4.940911e+02
16.6000,5.335870e+02,5.093969e+02,5.103322e+02,5.171120e+02,4.970649e+02,4.957867e+02
16.6200,5.353929e+02,5.111393e+02,5.120772e+02,5.188750e+02,4.987739e+02,4.974921e+02
16.6400,5.372094e+02,5.128919e+02,5.138322e+02,5.206482e+02,5.004928e+02,4.992075e+02
16.6600,5.390364e+02,5.146547e+02,5.155976e+02,5.224318e+02,5.022218e+02,5.009330e+02
16.6800,5.408741e+02,5.164278e+02,5.173733e+02,5.242259e+02,5.039609e+02,5.026686e+02
16.7000,5.427226e+02,5.182114e+02,5.191594e+02,5.260305e+02,5.057103e+02,5.044144e+02
16.7200,5.445819e+02,5.200055e+02,5.209561e+02,5.278457e+02,5.074701e+02,5.061705e+02
16.7400,5.464522e+02,5.218102e+02,5.227634e+02,5.296716e+02,5.092402e+02,5.079370e+02
16.7600,5.483335e+02,5.236256e+02,5.245814e+02,5.315084e+02,5.110209e+02,5.097141e+02
16.7800,5.502259e+02,5.254518e+02,5.264102e+02,5.333560e+02,5.128122e+02,5.115017e+02
16.8000,5.521296e+02,5.272888e+02,5.282499e+02,5.352146e+02,5.146142e+02,5.133000e+02
16.8200,5.540446e+02,5.291369e+02,5.301006e+02,5.370844e+02,5.164269e+02,5.151091e+02
16.8400,5.559711e+02,5.309960e+02,5.319624e+02,5.389653e+02,5.182506e+02,5.169290e+02
16.8600,5.579091e+02,5.328663e+02,5.338353e+02,5.408575e+02,5.200852e+02,5.187599e+02
16.8800,5.598587e+02,5.347479e+02,5.357196e+02,5.427612e+02,5.219310e+02,5.206019e+02
16.9000,5.618201e+02,5.366408e+02,5.376153e+02,5.446763e+02,5.237879e+02,5.224550e+02
16.9200,5.637933e+02,5.385453e+02,5.395224e+02,5.466030e+02,5.256561e+02,5.243194e+02
16.9400,5.657785e+02,5.404613e+02,5.414412e+02,5.485414e+02,5.275357e+02,5.261952e+02
16.9600,5.677757e+02,5.423890e+02,5.433716e+02,5.504916e+02,5.294267e+02,5.280824e+02
16.9800,5.697851e+02,5.443285e+02,5.453139e+02,5.524538e+02,5.313294e+02,5.299812e+02
17.0000,5.718067e+02,5.462799e+02,5.472681e+02,5.544279e+02,5.332437e+02,5.318917e+02
17.0200,5.738408e+02,5.482433e+02,5.492342e+02,5.564142e+02,5.351699e+02,5.338139e+02
17.0400,5.758874e+02,5.502188e+02,5.512126e+02,5.584127e+02,5.371080e+02,5.357481e+02
17.0600,5.779466e+02,5.522065e+02,5.532031e+02,5.604236e+02,5.390580e+02,5.376942e+02
17.0800,5.800185e+02,5.542066e+02,5.552061e+02,5.624470e+02,5.410203e+02,5.396524e+02
17.1000,5.821032e+02,5.562192e+02,5.572214e+02,5.644829e+02,5.429947e+02,5.416229e+02
17.1200,5.842010e+02,5.582443e+02,5.592494e+02,5.665315e+02,5.449815e+02,5.436057e+02
17.1400,5.863118e+02,5.602820e+02,5.612901e+02,5.685930e+02,5.469808e+02,5.456009e+02
17.1600,5.884358e+02,5.623326e+02,5.633436e+02,5.706674e+02,5.489927e+02,5.476088e+02
17.1800,5.905732e+02,5.643961e+02,5.654100e+02,5.727548e+02,5.510172e+02,5.496292e+02
17.2000,5.927240e+02,5.664727e+02,5.674895e+02,5.748554e+02,5.530546e+02,5.516625e+02
17.2200,5.948884e+02,5.685624e+02,5.695821e+02,5.769693e+02,5.551050e+02,5.537087e+02
17.2400,5.970665e+02,5.706654e+02,5.716881e+02,5.790967e+02,5.571684e+02,5.557680e+02
17.2600,5.992585e+02,5.727818e+02,5.738075e+02,5.812376e+02,5.592450e+02,5.578404e+02
17.2800,6.014644e+02,5.749118e+02,5.759405e+02,5.833921e+02,5.613349e+02,5.599261e+02
17.3000,6.036844e+02,5.770554e+02,5.780871e+02,5.855605e+02,5.634382e+02,5.620252e+02
17.3200,6.059187e+02,5.792129e+02,5.802476e+02,5.877429e+02,5.655551e+02,5.641379e+02
17.3400,6.081673e+02,5.813842e+02,5.824221e+02,5.899393e+02,5.676858e+02,5.662642e+02
17.3600,6.104305e+02,5.835697e+02,5.846106e+02,5.921499e+02,5.698302e+02,5.684044e+02
17.3800,6.127083e+02,5.857693e+02,5.868133e+02,5.943749e+02,5.719886e+02,5.705585e+02
17.4000,6.150009e+02,5.879833e+02,5.890304e+02,5.966144e+02,5.741612e+02,5.727267e+02
17.4200,6.173085e+02,5.902118e+02,5.912621e+02,5.988685e+02,5.763480e+02,5.749091e+02
17.4400,6.196311e+02,5.924550e+02,5.935083e+02,6.011374e+02,5.785491e+02,5.771058e+02
17.4600,6.219690e+02,5.947128e+02,5.957694e+02,6.034212e+02,5.807648e+02,5.793171e+02
17.4800,6.243223e+02,5.969856e+02,5.980453e+02,6.057201e+02,5.829951e+02,5.815430e+02
17.5000,6.266911e+02,5.992735e+02,6.003364e+02,6.080342e+02,5.852403e+02,5.837837e+02
17.5200,6.290756e+02,6.015766e+02,6.026427e+02,6.103636e+02,5.875004e+02,5.860393e+02
17.5400,6.314759e+02,6.038950e+02,6.049644e+02,6.127086e+02,5.897757e+02,5.883100e+02
17.5600,6.338923e+02,6.062290e+02,6.073016e+02,6.150693e+02,5.920661e+02,5.905959e+02
17.5800,6.363248e+02,6.085786e+02,6.096545e+02,6.174458e+02,5.943721e+02,5.928972e+02
17.6000,6.387736e+02,6.109441e+02,6.120233e+02,6.198383e+02,5.966935e+02,5.952141e+02
17.6200,6.412390e+02,6.133256e+02,6.144081e+02,6.222470e+02,5.990307e+02,5.975467e+02
17.6400,6.437210e+02,6.157232e+02,6.168091e+02,6.246719e+02,6.013838e+02,5.998951e+02
17.6600,6.462198e+02,6.181372e+02,6.192264e+02,6.271134e+02,6.037530e+02,6.022595e+02
17.6800,6.487357e+02,6.205676e+02,6.216602e+02,6.295715e+02,6.061383e+02,6.046402e+02
17.7000,6.512687e+02,6.230147e+02,6.241107e+02,6.320465e+02,6.085401e+02,6.070371e+02
17.7200,6.538190e+02,6.254786e+02,6.265780e+02,6.345384e+02,6.109584e+02,6.094507e+02
17.7400,6.563870e+02,6.279596e+02,6.290624e+02,6.370475e+02,6.133934e+02,6.118809e+02
17.7600,6.589726e+02,6.304577e+02,6.315640e+02,6.395740e+02,6.158453e+02,6.143279e+02
17.7800,6.615761e+02,6.329732e+02,6.340830e+02,6.421181e+02,6.183143e+02,6.167921e+02
17.8000,6.641977e+02,6.355062e+02,6.366195e+02,6.446798e+02,6.208006e+02,6.192734e+02
17.8200,6.668376e+02,6.380570e+02,6.391738e+02,6.472595e+02,6.233043e+02,6.217721e+02
17.8400,6.694960e+02,6.406256e+02,6.417460e+02,6.498572e+02,6.258256e+02,6.242885e+02
17.8600,6.721730e+02,6.432124e+02,6.443363e+02,6.524733e+02,6.283647e+02,6.268226e+02
17.8800,6.748689e+02,6.458175e+02,6.469450e+02,6.551078e+02,6.309218e+02,6.293747e+02
17.9000,6.775839e+02,6.484411e+02,6.495722e+02,6.577610e+02,6.334971e+02,6.319450e+02
17.9200,6.803181e+02,6.510834e+02,6.522181e+02,6.604331e+02,6.360908e+02,6.345336e+02
17.9400,6.830719e+02,6.537445e+02,6.548830e+02,6.631243e+02,6.387031e+02,6.371407e+02
17.9600,6.858453e+02,6.564248e+02,6.575670e+02,6.658348e+02,6.413342e+02,6.397666e+02
17.9800,6.886386e+02,6.591244e+02,6.602703e+02,6.685648e+02,6.439843e+02,6.424115e+02
18.0000,6.914521e+02,6.618435e+02,6.629931e+02,6.713145e+02,6.466536e+02,6.450756e+02
18.0200,6.942859e+02,6.645824e+02,6.657357e+02,6.740841e+02,6.493423e+02,6.477590e+02
18.0400,6.971403e+02,6.673412e+02,6.684983e+02,6.768739e+02,6.520506e+02,6.504621e+02
18.0600,7.000155e+02,6.701202e+02,6.712811e+02,6.796841e+02,6.547788e+02,6.531849e+02
18.0800,7.029117e+02,6.729196e+02,6.740844e+02,6.825149e+02,6.575270e+02,6.559278e+02
18.1000,7.058291e+02,6.757396e+02,6.769083e+02,6.853666e+02,6.602956e+02,6.586909e+02
18.1200,7.087681e+02,6.785805e+02,6.797530e+02,6.882393e+02,6.630847e+02,6.614746e+02
18.1400,7.117288e+02,6.814425e+02,6.826189e+02,6.911333e+02,6.658945e+02,6.642789e+02
18.1600,7.147115e+02,6.843259e+02,6.855062e+02,6.940488e+02,6.687253e+02,6.671042e+02
18.1800,7.177164e+02,6.872308e+02,6.884151e+02,6.969862e+02,6.715774e+02,6.699507e+02
18.2000,7.207439e+02,6.901575e+02,6.913458e+02,6.999456e+02,6.744509e+02,6.728187e+02
18.2200,7.237941e+02,6.931063e+02,6.942986e+02,7.029273e+02,6.773461e+02,6.757083e+02
18.2400,7.268673e+02,6.960775e+02,6.972738e+02,7.059315e+02,6.802633e+02,6.786198e+02
18.2600,7.299638e+02,6.990712e+02,7.002716e+02,7.089586e+02,6.832028e+02,6.815536e+02
18.2800,7.330838e+02,7.020878e+02,7.032923e+02,7.120088e+02,6.861647e+02,6.845098e+02
18.3000,7.362277e+02,7.051276e+02,7.063362e+02,7.150823e+02,6.891494e+02,6.874887e+02
18.3200,7.393956e+02,7.081907e+02,7.094035e+02,7.181794e+02,6.921571e+02,6.904905e+02
18.3400,7.425880e+02,7.112775e+02,7.124945e+02,7.213005e+02,6.951881e+02,6.935157e+02
18.3600,7.458050e+02,7.143883e+02,7.156094e+02,7.244457e+02,6.982426e+02,6.965643e+02
18.3800,7.490471e+02,7.175233e+02,7.187487e+02,7.276154e+02,7.013210e+02,6.996368e+02
18.4000,7.523144e+02,7.206828e+02,7.219125e+02,7.308099e+02,7.044236e+02,7.027334e+02
18.4200,7.556072e+02,7.238671e+02,7.251011e+02,7.340295e+02,7.075506e+02,7.058543e+02
18.4400,7.589260e+02,7.270766e+02,7.283149e+02,7.372744e+02,7.107023e+02,7.090000e+02
18.4600,7.622709e+02,7.303116e+02,7.315542e+02,7.405450e+02,7.138790e+02,7.121706e+02
18.4800,7.656424e+02,7.335722e+02,7.348192e+02,7.438416e+02,7.170811e+02,7.153665e+02
18.5000,7.690407e+02,7.368589e+02,7.381104e+02,7.471646e+02,7.203088e+02,7.185880e+02
18.5200,7.724662e+02,7.401720e+02,7.414280e+02,7.505141e+02,7.235624e+02,7.218354e+02
18.5400,7.759192e+02,7.435119e+02,7.447723e+02,7.538907e+02,7.268424e+02,7.251091e+02
18.5600,7.794001e+02,7.468787e+02,7.481436e+02,7.572945e+02,7.301489e+02,7.284093e+02
18.5800,7.829092e+02,7.502730e+02,7.515424e+02,7.607261e+02,7.334824e+02,7.317364e+02
18.6000,7.864468e+02,7.536950e+02,7.549690e+02,7.641856e+02,7.368432e+02,7.350908e+02
18.6200,7.900133e+02,7.571450e+02,7.584236e+02,7.676734e+02,7.402316e+02,7.384727e+02
18.6400,7.936092e+02,7.606235e+02,7.619068e+02,7.711900e+02,7.436480e+02,7.418826e+02
18.6600,7.972347e+02,7.641308e+02,7.654188e+02,7.747356e+02,7.470928e+02,7.453208e+02
18.6800,8.008902e+02,7.676673e+02,7.689599e+02,7.783107e+02,7.505663e+02,7.487877e+02
18.7000,8.045762e+02,7.712333e+02,7.725307e+02,7.819157e+02,7.540688e+02,7.522835e+02
18.7200,8.082929e+02,7.748292e+02,7.761314e+02,7.855508e+02,7.576008e+02,7.558088e+02
18.7400,8.120409e+02,7.784555e+02,7.797625e+02,7.892166e+02,7.611626e+02,7.593639e+02
18.7600,8.158206e+02,7.821125e+02,7.834244e+02,7.929134e+02,7.647547e+02,7.629492e+02
18.7800,8.196323e+02,7.858006e+02,7.871174e+02,7.966416e+02,7.683774e+02,7.665650e+02
18.8000,8.234765e+02,7.895203e+02,7.908420e+02,8.004017e+02,7.720312e+02,7.702119e+02
18.8200,8.273536e+02,7.932719e+02,7.945986e+02,8.041941e+02,7.757164e+02,7.738901e+02
18.8400,8.312640e+02,7.970559e+02,7.983876e+02,8.080191e+02,7.794335e+02,7.776002e+02
18.8600,8.352082e+02,8.008728e+02,8.022096e+02,8.118773e+02,7.831829e+02,7.813425e+02
18.8800,8.391867e+02,8.047229e+02,8.060648e+02,8.157691e+02,7.869651e+02,7.851176e+02
18.9000,8.431999e+02,8.086068e+02,8.099538e+02,8.196950e+02,7.907805e+02,7.889257e+02
18.9200,8.472484e+02,8.125248e+02,8.138770e+02,8.236554e+02,7.946295e+02,7.927675e+02
18.9400,8.513325e+02,8.164776e+02,8.178349e+02,8.276507e+02,7.985127e+02,7.966434e+02
18.9600,8.554528e+02,8.204654e+02,8.218280e+02,8.316816e+02,8.024304e+02,8.005538e+02
18.9800,8.596097e+02,8.244889e+02,8.258568e+02,8.357484e+02,8.063833e+02,8.044992e+02
19.0000,8.638039e+02,8.285486e+02,8.299218e+02,8.398517e+02,8.103717e+02,8.084801e+02
19.0200,8.680358e+02,8.326449e+02,8.340235e+02,8.439921e+02,8.143962e+02,8.124971e+02
19.0400,8.723059e+02,8.367784e+02,8.381624e+02,8.481699e+02,8.184573e+02,8.165505e+02
19.0600,8.766149e+02,8.409495e+02,8.423390e+02,8.523858e+02,8.225555e+02,8.206411e+02
19.0800,8.809632e+02,8.451590e+02,8.465540e+02,8.566403e+02,8.266913e+02,8.247692e+02
19.1000,8.853515e+02,8.494072e+02,8.508077e+02,8.609340e+02,8.308654e+02,8.289354e+02
19.1200,8.897802e+02,8.536948e+02,8.551009e+02,8.652674e+02,8.350782e+02,8.331404e+02
19.1400,8.942501e+02,8.580223e+02,8.594341e+02,8.696412e+02,8.393303e+02,8.373846e+02
19.1600,8.987616e+02,8.623903e+02,8.638078e+02,8.740558e+02,8.436223e+02,8.416686e+02
19.1800,9.033155e+02,8.667995e+02,8.682227e+02,8.785120e+02,8.479548e+02,8.459931e+02
19.2000,9.079123e+02,8.712504e+02,8.726794e+02,8.830103e+02,8.523284e+02,8.503586e+02
19.2200,9.125528e+02,8.757437e+02,8.771786e+02,8.875514e+02,8.567438e+02,8.547657e+02
19.2400,9.172374e+02,8.802800e+02,8.817207e+02,8.921359e+02,8.612014e+02,8.592151e+02
19.2600,9.219670e+02,8.848600e+02,8.863066e+02,8.967644e+02,8.657021e+02,8.637074e+02
19.2800,9.267422e+02,8.894843e+02,8.909369e+02,9.014377e+02,8.702464e+02,8.682433e+02
19.3000,9.315637e+02,8.941536e+02,8.956122e+02,9.061564e+02,8.748350e+02,8.728235e+02
19.3200,9.364323e+02,8.988686e+02,9.003333e+02,9.109213e+02,8.794687e+02,8.774486e+02
19.3400,9.413486e+02,9.036300e+02,9.051009e+02,9.157330e+02,8.841480e+02,8.821193e+02
19.3600,9.463133e+02,9.084386e+02,9.099157e+02,9.205923e+02,8.888738e+02,8.868364e+02
19.3800,9.513274e+02,9.132951e+02,9.147784e+02,9.255000e+02,8.936467e+02,8.916005e+02
19.4000,9.563915e+02,9.182002e+02,9.196898e+02,9.304567e+02,8.984675e+02,8.964125e+02
19.4200,9.615064e+02,9.231547e+02,9.246507e+02,9.354634e+02,9.033370e+02,9.012731e+02
19.4400,9.666730e+02,9.281595e+02,9.296619e+02,9.405207e+02,9.082560e+02,9.061830e+02
19.4600,9.718921e+02,9.332153e+02,9.347242e+02,9.456296e+02,9.132253e+02,9.111432e+02
19.4800,9.771646e+02,9.383230e+02,9.398385e+02,9.507908e+02,9.182456e+02,9.161543e+02
19.5000,9.824912e+02,9.434834e+02,9.450055e+02,9.560052e+02,9.233179e+02,9.212173e+02
19.5200,9.878730e+02,9.486974e+02,9.502261e+02,9.612737e+02,9.284429e+02,9.263330e+02
19.5400,9.933108e+02,9.539660e+02,9.555014e+02,9.665972e+02,9.336216e+02,9.315023e+02
19.5600,9.988056e+02,9.592899e+02,9.608320e+02,9.719767e+02,9.388549e+02,9.367260e+02
19.5800,1.004358e+03,9.646701e+02,9.662191e+02,9.774129e+02,9.441436e+02,9.420052e+02
19.6000,1.009970e+03,9.701077e+02,9.716636e+02,9.829070e+02,9.494888e+02,9.473407e+02
19.6200,1.015642e+03,9.756035e+02,9.771664e+02,9.884600e+02,9.548914e+02,9.527335e+02
19.6400,1.021374e+03,9.811586e+02,9.827285e+02,9.940727e+02,9.603524e+02,9.581846e+02
19.6600,1.027169e+03,9.867740e+02,9.883510e+02,9.997463e+02,9.658728e+02,9.636950e+02
19.6800,1.033026e+03,9.924508e+02,9.940350e+02,1.005482e+03,9.714536e+02,9.692657e+02
19.7000,1.038948e+03,9.981900e+02,9.997815e+02,1.011280e+03,9.770960e+02,9.748979e+02
19.7200,1.044935e+03,1.003993e+03,1.005592e+03,1.017143e+03,9.828009e+02,9.805925e+02
19.7400,1.050989e+03,1.009860e+03,1.011466e+03,1.023071e+03,9.885696e+02,9.863508e+02
19.7600,1.057110e+03,1.015794e+03,1.017407e+03,1.029065e+03,9.944032e+02,9.921739e+02
19.7800,1.063300e+03,1.021794e+03,1.023415e+03,1.035128e+03,1.000303e+03,9.980629e+02
19.8000,1.069561e+03,1.027863e+03,1.029491e+03,1.041259e+03,1.006270e+03,1.004019e+03
19.8200,1.075893e+03,1.034001e+03,1.035637e+03,1.047460e+03,1.012305e+03,1.010044e+03
19.8400,1.082297e+03,1.040210e+03,1.041854e+03,1.053732e+03,1.018410e+03,1.016138e+03
19.8600,1.088776e+03,1.046491e+03,1.048143e+03,1.060078e+03,1.024586e+03,1.022303e+03
19.8800,1.095331e+03,1.052846e+03,1.054506e+03,1.066497e+03,1.030835e+03,1.028540e+03
19.9000,1.101962e+03,1.059275e+03,1.060943e+03,1.072992e+03,1.037157e+03,1.034852e+03
19.9200,1.108672e+03,1.065781e+03,1.067457e+03,1.079565e+03,1.043555e+03,1.041238e+03
19.9400,1.115462e+03,1.072365e+03,1.074049e+03,1.086215e+03,1.050029e+03,1.047701e+03
19.9600,1.122333e+03,1.079028e+03,1.080720e+03,1.092946e+03,1.056582e+03,1.054241e+03
19.9800,1.129287e+03,1.085772e+03,1.087472e+03,1.099758e+03,1.063214e+03,1.060862e+03
20.0000,1.136326e+03,1.092598e+03,1.094307e+03,1.106654e+03,1.069927e+03,1.067563e+03
20.0200,1.143452e+03,1.099508e+03,1.101226e+03,1.113634e+03,1.076723e+03,1.074347e+03
20.0400,1.150665e+03,1.106504e+03,1.108231e+03,1.120701e+03,1.083604e+03,1.081216e+03
20.0600,1.157969e+03,1.113588e+03,1.115323e+03,1.127856e+03,1.090571e+03,1.088171e+03
20.0800,1.165364e+03,1.120761e+03,1.122505e+03,1.135101e+03,1.097626e+03,1.095213e+03
20.1000,1.172853e+03,1.128025e+03,1.129778e+03,1.142438e+03,1.104771e+03,1.102345e+03
20.1200,1.180437e+03,1.135383e+03,1.137145e+03,1.149869e+03,1.112007e+03,1.109569e+03
20.1400,1.188119e+03,1.142835e+03,1.144606e+03,1.157396e+03,1.119337e+03,1.116886e+03
20.1600,1.195901e+03,1.150384e+03,1.152164e+03,1.165021e+03,1.126763e+03,1.124299e+03
20.1800,1.203784e+03,1.158032e+03,1.159822e+03,1.172746e+03,1.134286e+03,1.131809e+03
20.2000,1.211772e+03,1.165781e+03,1.167580e+03,1.180572e+03,1.141909e+03,1.139419e+03
20.2200,1.219865e+03,1.173634e+03,1.175443e+03,1.188503e+03,1.149633e+03,1.147130e+03
20.2400,1.228067e+03,1.181592e+03,1.183411e+03,1.196541e+03,1.157462e+03,1.154945e+03
20.2600,1.236379e+03,1.189658e+03,1.191486e+03,1.204687e+03,1.165397e+03,1.162866e+03
20.2800,1.244805e+03,1.197835e+03,1.199673e+03,1.212944e+03,1.173441e+03,1.170896e+03
20.3000,1.253347e+03,1.206124e+03,1.207972e+03,1.221316e+03,1.181596e+03,1.179037e+03
20.3200,1.262007e+03,1.214528e+03,1.216387e+03,1.229803e+03,1.189865e+03,1.187291e+03
20.3400,1.270788e+03,1.223051e+03,1.224919e+03,1.238410e+03,1.198250e+03,1.195662e+03
20.3600,1.279693e+03,1.231694e+03,1.233573e+03,1.247138e+03,1.206754e+03,1.204151e+03
20.3800,1.288725e+03,1.240460e+03,1.242350e+03,1.255991e+03,1.215379e+03,1.212762e+03
20.4000,1.297886e+03,1.249353e+03,1.251253e+03,1.264971e+03,1.224129e+03,1.221497e+03
20.4200,1.307180e+03,1.258375e+03,1.260286e+03,1.274082e+03,1.233007e+03,1.230359e+03
20.4400,1.316611e+03,1.267530e+03,1.269452e+03,1.283326e+03,1.242014e+03,1.239351e+03
20.4600,1.326180e+03,1.276820e+03,1.278753e+03,1.292707e+03,1.251156e+03,1.248477e+03
20.4800,1.335892e+03,1.286249e+03,1.288193e+03,1.302228e+03,1.260435e+03,1.257740e+03
20.5000,1.345750e+03,1.295820e+03,1.297776e+03,1.311892e+03,1.269853e+03,1.267143e+03
20.5200,1.355757e+03,1.305537e+03,1.307504e+03,1.321704e+03,1.279416e+03,1.276689e+03
20.5400,1.365918e+03,1.315404e+03,1.317383e+03,1.331666e+03,1.289126e+03,1.286382e+03
20.5600,1.376236e+03,1.325423e+03,1.327414e+03,1.341783e+03,1.298986e+03,1.296226e+03
20.5800,1.386715e+03,1.335600e+03,1.337603e+03,1.352058e+03,1.309002e+03,1.306225e+03
20.6000,1.397360e+03,1.345938e+03,1.347953e+03,1.362495e+03,1.319176e+03,1.316382e+03
20.6200,1.408174e+03,1.356441e+03,1.358468e+03,1.373100e+03,1.329514e+03,1.326702e+03
20.6400,1.419162e+03,1.367113e+03,1.369153e+03,1.383875e+03,1.340019e+03,1.337189e+03
20.6600,1.430329e+03,1.377960e+03,1.380013e+03,1.394826e+03,1.350695e+03,1.347848e+03
20.6800,1.441680e+03,1.388985e+03,1.391051e+03,1.405957e+03,1.361547e+03,1.358682e+03
20.7000,1.453218e+03,1.400194e+03,1.402273e+03,1.417273e+03,1.372581e+03,1.369697e+03
20.7200,1.464950e+03,1.411592e+03,1.413684e+03,1.428780e+03,1.383800e+03,1.380898e+03
20.7400,1.476881e+03,1.423183e+03,1.425289e+03,1.440482e+03,1.395211e+03,1.392289e+03
20.7600,1.489017e+03,1.434974e+03,1.437093e+03,1.452384e+03,1.406818e+03,1.403877e+03
20.7800,1.501362e+03,1.446969e+03,1.449102e+03,1.464493e+03,1.418627e+03,1.415666e+03
20.8000,1.513923e+03,1.459175e+03,1.461322e+03,1.476815e+03,1.430643e+03,1.427663e+03
20.8200,1.526707e+03,1.471597e+03,1.473759e+03,1.489355e+03,1.442873e+03,1.439872e+03
20.8400,1.539719e+03,1.484242e+03,1.486419e+03,1.502119e+03,1.455323e+03,1.452302e+03
20.8600,1.552966e+03,1.497117e+03,1.499308e+03,1.515115e+03,1.467999e+03,1.464957e+03
20.8800,1.566456e+03,1.510228e+03,1.512434e+03,1.528349e+03,1.480908e+03,1.477844e+03
20.9000,1.580195e+03,1.523582e+03,1.525803e+03,1.541829e+03,1.494057e+03,1.490972e+03
20.9200,1.594191e+03,1.537186e+03,1.539423e+03,1.555561e+03,1.507453e+03,1.504346e+03
20.9400,1.608452e+03,1.551049e+03,1.553302e+03,1.569553e+03,1.521103e+03,1.517974e+03
20.9600,1.622986e+03,1.565178e+03,1.567447e+03,1.583814e+03,1.535017e+03,1.531865e+03
20.9800,1.637802e+03,1.579582e+03,1.581867e+03,1.598352e+03,1.549201e+03,1.546026e+03
21.0000,1.652908e+03,1.594269e+03,1.596571e+03,1.613175e+03,1.563664e+03,1.560466e+03
21.0200,1.668314e+03,1.609248e+03,1.611567e+03,1.628293e+03,1.578416e+03,1.575193e+03
21.0400,1.684029e+03,1.624528e+03,1.626865e+03,1.643715e+03,1.593465e+03,1.590218e+03
21.0600,1.700064e+03,1.640121e+03,1.642475e+03,1.659452e+03,1.608822e+03,1.605550e+03
21.0800,1.716428e+03,1.656035e+03,1.658407e+03,1.675513e+03,1.624496e+03,1.621199e+03
21.1000,1.733134e+03,1.672282e+03,1.674672e+03,1.691909e+03,1.640498e+03,1.637176e+03
21.1200,1.750192e+03,1.688873e+03,1.691282e+03,1.708652e+03,1.656840e+03,1.653491e+03
21.1400,1.767615e+03,1.705819e+03,1.708247e+03,1.725754e+03,1.673532e+03,1.670156e+03
21.1600,1.785416e+03,1.723134e+03,1.725581e+03,1.743226e+03,1.690587e+03,1.687184e+03
21.1800,1.803606e+03,1.740829e+03,1.743296e+03,1.761083e+03,1.708018e+03,1.704588e+03
21.2000,1.822201e+03,1.758918e+03,1.761405e+03,1.779337e+03,1.725838e+03,1.722379e+03
21.2200,1.841214e+03,1.777416e+03,1.779924e+03,1.798003e+03,1.744061e+03,1.740573e+03
21.2400,1.860662e+03,1.796337e+03,1.798866e+03,1.817095e+03,1.762702e+03,1.759184e+03
21.2600,1.880559e+03,1.815697e+03,1.818247e+03,1.836630e+03,1.781775e+03,1.778228e+03
21.2800,1.900923e+03,1.835513e+03,1.838084e+03,1.856624e+03,1.801298e+03,1.797719e+03
21.3000,1.921771e+03,1.855800e+03,1.858394e+03,1.877094e+03,1.821287e+03,1.817676e+03
21.3200,1.943121e+03,1.876578e+03,1.879195e+03,1.898058e+03,1.841759e+03,1.838117e+03
21.3400,1.964994e+03,1.897865e+03,1.900505e+03,1.919536e+03,1.862734e+03,1.859058e+03
21.3600,1.987408e+03,1.919681e+03,1.922345e+03,1.941547e+03,1.884231e+03,1.880522e+03
21.3800,2.010387e+03,1.942048e+03,1.944736e+03,1.964113e+03,1.906270e+03,1.902527e+03
21.4000,2.033952e+03,1.964986e+03,1.967699e+03,1.987256e+03,1.928875e+03,1.925096e+03
21.4200,2.058127e+03,1.988520e+03,1.991259e+03,2.010998e+03,1.952066e+03,1.948252e+03
21.4400,2.082937e+03,2.012674e+03,2.015439e+03,2.035366e+03,1.975870e+03,1.972018e+03
21.4600,2.108409e+03,2.037474e+03,2.040265e+03,2.060385e+03,2.000310e+03,1.996421e+03
21.4800,2.134571e+03,2.062946e+03,2.065765e+03,2.086082e+03,2.025415e+03,2.021487e+03
21.5000,2.161452e+03,2.089121e+03,2.091968e+03,2.112487e+03,2.051213e+03,2.047245e+03
21.5200,2.189083e+03,2.116028e+03,2.118904e+03,2.139630e+03,2.077733e+03,2.073725e+03
21.5400,2.217498e+03,2.143700e+03,2.146606e+03,2.167544e+03,2.105008e+03,2.100958e+03
21.5600,2.246731e+03,2.172170e+03,2.175106e+03,2.196263e+03,2.133071e+03,2.128978e+03
21.5800,2.276820e+03,2.201476e+03,2.204443e+03,2.225824e+03,2.161958e+03,2.157821e+03
21.6000,2.307803e+03,2.231654e+03,2.234654e+03,2.256264e+03,2.191707e+03,2.187524e+03
21.6200,2.339722e+03,2.262747e+03,2.265779e+03,2.287626e+03,2.222358e+03,2.218129e+03
21.6400,2.372622e+03,2.294796e+03,2.297862e+03,2.319953e+03,2.253953e+03,2.249676e+03
21.6600,2.406550e+03,2.327848e+03,2.330950e+03,2.353290e+03,2.286538e+03,2.282211e+03
21.6800,2.441554e+03,2.361952e+03,2.365089e+03,2.387688e+03,2.320160e+03,2.315783e+03
21.7000,2.477689e+03,2.397160e+03,2.400334e+03,2.423198e+03,2.354872e+03,2.350443e+03
21.7200,2.515011e+03,2.433526e+03,2.436738e+03,2.459875e+03,2.390727e+03,2.386244e+03
21.7400,2.553579e+03,2.471109e+03,2.474361e+03,2.497780e+03,2.427784e+03,2.423245e+03
21.7600,2.593460e+03,2.509973e+03,2.513265e+03,2.536975e+03,2.466105e+03,2.461509e+03
21.7800,2.634720e+03,2.550184e+03,2.553518e+03,2.577528e+03,2.505755e+03,2.501100e+03
21.8000,2.677434e+03,2.591814e+03,2.595191e+03,2.619512e+03,2.546806e+03,2.542090e+03
21.8200,2.721680e+03,2.634940e+03,2.638362e+03,2.663003e+03,2.589333e+03,2.584554e+03
21.8400,2.767541e+03,2.679644e+03,2.683112e+03,2.708084e+03,2.633418e+03,2.628573e+03
21.8600,2.815109e+03,2.726014e+03,2.729529e+03,2.754844e+03,2.679147e+03,2.674235e+03
21.8800,2.864480e+03,2.774143e+03,2.777709e+03,2.803379e+03,2.726613e+03,2.721631e+03
21.9000,2.915757e+03,2.824135e+03,2.827751e+03,2.853789e+03,2.775917e+03,2.770862e+03
21.9200,2.969053e+03,2.876097e+03,2.879767e+03,2.906186e+03,2.827166e+03,2.822036e+03
21.9400,3.024487e+03,2.930148e+03,2.933872e+03,2.960688e+03,2.880476e+03,2.875269e+03
21.9600,3.082189e+03,2.986413e+03,2.990195e+03,3.017422e+03,2.935973e+03,2.930684e+03
21.9800,3.142299e+03,3.045029e+03,3.048871e+03,3.076525e+03,2.993790e+03,2.988417e+03
22.0000,3.204968e+03,3.106144e+03,3.110048e+03,3.138147e+03,3.054074e+03,3.048613e+03
22.0200,3.270358e+03,3.169917e+03,3.173885e+03,3.202448e+03,3.116982e+03,3.111430e+03
22.0400,3.338648e+03,3.236522e+03,3.240557e+03,3.269602e+03,3.182684e+03,3.177037e+03
22.0600,3.410029e+03,3.306144e+03,3.310250e+03,3.339798e+03,3.251366e+03,3.245620e+03
22.0800,3.484708e+03,3.378989e+03,3.383167e+03,3.413241e+03,3.323228e+03,3.317379e+03
22.1000,3.562913e+03,3.455276e+03,3.459532e+03,3.490154e+03,3.398490e+03,3.392532e+03
22.1200,3.644891e+03,3.535248e+03,3.539584e+03,3.570780e+03,3.477388e+03,3.471317e+03
22.1400,3.730911e+03,3.619167e+03,3.623587e+03,3.655384e+03,3.560183e+03,3.553993e+03
22.1600,3.821266e+03,3.707321e+03,3.711828e+03,3.744256e+03,3.647158e+03,3.640844e+03
22.1800,3.916278e+03,3.800023e+03,3.804622e+03,3.837712e+03,3.738623e+03,3.732179e+03
22.2000,4.016300e+03,3.897619e+03,3.902315e+03,3.936099e+03,3.834919e+03,3.828338e+03
22.2200,4.121720e+03,4.000486e+03,4.005284e+03,4.039799e+03,3.936420e+03,3.929694e+03
22.2400,4.232964e+03,4.109040e+03,4.113946e+03,4.149231e+03,4.043535e+03,4.036657e+03
22.2600,4.350500e+03,4.223742e+03,4.228760e+03,4.264857e+03,4.156718e+03,4.149680e+03
22.2800,4.474848e+03,4.345096e+03,4.350234e+03,4.387188e+03,4.276469e+03,4.269262e+03
22.3000,4.606581e+03,4.473663e+03,4.478928e+03,4.516788e+03,4.403341e+03,4.395956e+03
22.3200,4.746335e+03,4.610066e+03,4.615464e+03,4.654285e+03,4.537948e+03,4.530373e+03
22.3400,4.894818e+03,4.754994e+03,4.760534e+03,4.800372e+03,4.680972e+03,4.673196e+03
22.3600,5.052817e+03,4.909216e+03,4.914907e+03,4.955827e+03,4.833172e+03,4.825183e+03
22.3800,5.221211e+03,5.073592e+03,5.079444e+03,5.121514e+03,4.995396e+03,4.987180e+03
22.4000,5.400983e+03,5.249084e+03,5.255106e+03,5.298403e+03,5.168593e+03,5.160135e+03
22.4200,5.593240e+03,5.436769e+03,5.442974e+03,5.487580e+03,5.353829e+03,5.345113e+03
22.4400,5.799223e+03,5.637862e+03,5.644262e+03,5.690269e+03,5.552302e+03,5.543310e+03
22.4600,6.020336e+03,5.853734e+03,5.860343e+03,5.907851e+03,5.765366e+03,5.756077e+03
22.4800,6.258165e+03,6.085935e+03,6.092769e+03,6.141888e+03,5.994551e+03,5.984944e+03
22.5000,6.514514e+03,6.336226e+03,6.343302e+03,6.394157e+03,6.241596e+03,6.231647e+03
22.5200,6.791437e+03,6.606615e+03,6.613952e+03,6.666678e+03,6.508483e+03,6.498164e+03
22.5400,7.091283e+03,6.899395e+03,6.907014e+03,6.961764e+03,6.797477e+03,6.786758e+03
22.5600,7.416745e+03,7.217199e+03,7.225124e+03,7.282068e+03,7.111176e+03,7.100024e+03
22.5800,7.770929e+03,7.563059e+03,7.571316e+03,7.630644e+03,7.452574e+03,7.440952e+03
22.6000,8.157424e+03,7.940482e+03,7.949102e+03,8.011029e+03,7.825135e+03,7.813000e+03
22.6200,8.580402e+03,8.353544e+03,8.362559e+03,8.427327e+03,8.232881e+03,8.220185e+03
22.6400,9.044731e+03,8.806999e+03,8.816449e+03,8.884332e+03,8.680509e+03,8.667197e+03
22.6600,9.556120e+03,9.306426e+03,9.316354e+03,9.387663e+03,9.173523e+03,9.159535e+03
22.6800,1.012130e+04,9.858399e+03,9.868854e+03,9.943947e+03,9.718416e+03,9.703681e+03
22.7000,1.074825e+04,1.047071e+04,1.048175e+04,1.056104e+04,1.032288e+04,1.030732e+04
22.7200,1.144648e+04,1.115266e+04,1.116435e+04,1.124830e+04,1.099610e+04,1.097962e+04
22.7400,1.222741e+04,1.191540e+04,1.192782e+04,1.201698e+04,1.174908e+04,1.173157e+04
22.7600,1.310485e+04,1.277240e+04,1.278564e+04,1.288065e+04,1.259514e+04,1.257647e+04
22.7800,1.409557e+04,1.374008e+04,1.375423e+04,1.385585e+04,1.355046e+04,1.353048e+04
22.8000,1.522018e+04,1.483855e+04,1.485375e+04,1.496286e+04,1.463491e+04,1.461346e+04
22.8200,1.650417e+04,1.609272e+04,1.610910e+04,1.622676e+04,1.587308e+04,1.584995e+04
22.8400,1.797937e+04,1.753367e+04,1.755143e+04,1.767889e+04,1.729567e+04,1.727060e+04
22.8600,1.968592e+04,1.920063e+04,1.921997e+04,1.935878e+04,1.894141e+04,1.891409e+04
22.8800,2.167504e+04,2.114362e+04,2.116480e+04,2.131682e+04,2.085967e+04,2.082974e+04
22.9000,2.401281e+04,2.342721e+04,2.345056e+04,2.361810e+04,2.311421e+04,2.308121e+04
22.9200,2.678567e+04,2.613584e+04,2.616176e+04,2.634770e+04,2.578839e+04,2.575177e+04
22.9400,3.010836e+04,2.938159e+04,2.941058e+04,2.961857e+04,2.899289e+04,2.895191e+04
22.9600,3.413561e+04,3.331562e+04,3.334833e+04,3.358303e+04,3.287693e+04,3.283067e+04
22.9800,3.907990e+04,3.814550e+04,3.818279e+04,3.845026e+04,3.764546e+04,3.759273e+04
23.0000,4.523905e+04,4.416218e+04,4.420515e+04,4.451345e+04,4.358573e+04,4.352494e+04
23.0200,5.304133e+04,5.178402e+04,5.183420e+04,5.219420e+04,5.111081e+04,5.103981e+04
23.0400,6.313065e+04,6.164006e+04,6.169956e+04,6.212639e+04,6.084175e+04,6.075755e+04
23.0600,7.658442e+04,7.478282e+04,7.485475e+04,7.537069e+04,7.381773e+04,7.371593e+04
23.0800,9.564572e+04,9.340355e+04,9.349308e+04,9.413525e+04,9.220221e+04,9.207547e+04
23.1000,1.261665e+05,1.232191e+05,1.233368e+05,1.241810e+05,1.216395e+05,1.214728e+05
23.1200,1.840164e+05,1.797322e+05,1.799033e+05,1.811306e+05,1.774358e+05,1.771935e+05
23.1400,3.058585e+05,2.987591e+05,2.990427e+05,3.010765e+05,2.949531e+05,2.945514e+05
23.1600,5.542130e+05,5.413757e+05,5.418886e+05,5.455664e+05,5.344926e+05,5.337662e+05
23.1800,9.925950e+05,9.696295e+05,9.705470e+05,9.771267e+05,9.573149e+05,9.560154e+05
23.2000,1.616377e+06,1.579000e+06,1.580493e+06,1.591202e+06,1.558957e+06,1.556842e+06
23.2200,2.260990e+06,2.208720e+06,2.210808e+06,2.225784e+06,2.180690e+06,2.177733e+06
23.2400,2.557061e+06,2.497951e+06,2.500312e+06,2.517248e+06,2.466253e+06,2.462908e+06
23.2600,2.248824e+06,2.196835e+06,2.198912e+06,2.213807e+06,2.168956e+06,2.166014e+06
23.2800,1.601334e+06,1.564303e+06,1.565783e+06,1.576392e+06,1.544446e+06,1.542351e+06
23.3000,9.807088e+05,9.580166e+05,9.589232e+05,9.654245e+05,9.458486e+05,9.445645e+05
23.3200,5.469863e+05,5.343143e+05,5.348205e+05,5.384510e+05,5.275198e+05,5.268028e+05
23.3400,3.022922e+05,2.952731e+05,2.955535e+05,2.975643e+05,2.915101e+05,2.911130e+05
23.3600,1.825295e+05,1.782770e+05,1.784469e+05,1.796650e+05,1.759977e+05,1.757572e+05
23.3800,1.256442e+05,1.227057e+05,1.228231e+05,1.236647e+05,1.211310e+05,1.209649e+05
23.4000,9.555062e+04,9.330719e+04,9.339677e+04,9.403928e+04,9.210522e+04,9.197842e+04
23.4200,7.671087e+04,7.490245e+04,7.497465e+04,7.549253e+04,7.393377e+04,7.383159e+04
23.4400,6.340419e+04,6.190294e+04,6.196286e+04,6.239273e+04,6.109899e+04,6.101419e+04
23.4600,5.343028e+04,5.215921e+04,5.220993e+04,5.257386e+04,5.147870e+04,5.140692e+04
23.4800,4.572619e+04,4.463285e+04,4.467648e+04,4.498947e+04,4.404765e+04,4.398594e+04
23.5000,3.965445e+04,3.870111e+04,3.873915e+04,3.901203e+04,3.819100e+04,3.813722e+04
23.5200,3.479045e+04,3.394922e+04,3.398277e+04,3.422353e+04,3.349923e+04,3.345179e+04
23.5400,3.083876e+04,3.008855e+04,3.011847e+04,3.033315e+04,2.968738e+04,2.964509e+04
23.5600,2.758853e+04,2.691313e+04,2.694006e+04,2.713330e+04,2.655208e+04,2.651402e+04
23.5800,2.488616e+04,2.427290e+04,2.429735e+04,2.447279e+04,2.394518e+04,2.391064e+04
23.6000,2.261775e+04,2.205661e+04,2.207897e+04,2.223948e+04,2.175685e+04,2.172525e+04
23.6200,2.069750e+04,2.018042e+04,2.020102e+04,2.034891e+04,1.990429e+04,1.987520e+04
23.6400,1.905980e+04,1.858025e+04,1.859935e+04,1.873648e+04,1.832425e+04,1.829728e+04
23.6600,1.765384e+04,1.720646e+04,1.722427e+04,1.735219e+04,1.696771e+04,1.694256e+04
23.6800,1.643981e+04,1.602015e+04,1.603686e+04,1.615683e+04,1.579628e+04,1.577270e+04
23.7000,1.538617e+04,1.499053e+04,1.500628e+04,1.511937e+04,1.477955e+04,1.475733e+04
23.7200,1.446772e+04,1.409296e+04,1.410788e+04,1.421498e+04,1.389318e+04,1.387214e+04
23.7400,1.366410e+04,1.330756e+04,1.332175e+04,1.342363e+04,1.311755e+04,1.309755e+04
23.7600,1.295877e+04,1.261818e+04,1.263173e+04,1.272904e+04,1.243672e+04,1.241762e+04
23.7800,1.233820e+04,1.201157e+04,1.202457e+04,1.211787e+04,1.183762e+04,1.181931e+04
23.8000,1.179122e+04,1.147686e+04,1.148936e+04,1.157915e+04,1.130948e+04,1.129187e+04
23.8200,1.130860e+04,1.100500e+04,1.101707e+04,1.110378e+04,1.084340e+04,1.082640e+04
23.8400,1.088264e+04,1.058849e+04,1.060018e+04,1.068418e+04,1.043196e+04,1.041549e+04
23.8600,1.050695e+04,1.022106e+04,1.023242e+04,1.031405e+04,1.006897e+04,1.005297e+04
23.8800,1.017615e+04,9.897479e+03,9.908554e+03,9.988114e+03,9.749269e+03,9.733675e+03
23.9000,9.885763e+03,9.613360e+03,9.624184e+03,9.701947e+03,9.468518e+03,9.453280e+03
23.9200,9.632042e+03,9.365044e+03,9.375651e+03,9.451864e+03,9.223107e+03,9.208176e+03
23.9400,9.411872e+03,9.149486e+03,9.159910e+03,9.234799e+03,9.010030e+03,8.995361e+03
23.9600,9.222685e+03,8.964177e+03,8.974445e+03,9.048222e+03,8.826806e+03,8.812358e+03
23.9800,9.062391e+03,8.807071e+03,8.817211e+03,8.890073e+03,8.671418e+03,8.657151e+03
24.0000,8.929327e+03,8.676544e+03,8.686583e+03,8.758717e+03,8.542259e+03,8.528137e+03
24.0200,8.822225e+03,8.571354e+03,8.581315e+03,8.652900e+03,8.438101e+03,8.424088e+03
24.0400,8.740179e+03,8.490613e+03,8.500522e+03,8.571730e+03,8.358068e+03,8.344130e+03
24.0600,8.682637e+03,8.433779e+03,8.443659e+03,8.514663e+03,8.301622e+03,8.287725e+03
24.0800,8.649396e+03,8.400649e+03,8.410524e+03,8.481494e+03,8.268561e+03,8.254671e+03
24.1000,8.640605e+03,8.391366e+03,8.401261e+03,8.472370e+03,8.259024e+03,8.245108e+03
24.1200,8.656791e+03,8.406440e+03,8.416379e+03,8.487804e+03,8.273511e+03,8.259533e+03
24.1400,8.698887e+03,8.446775e+03,8.456784e+03,8.528711e+03,8.312913e+03,8.298837e+03
24.1600,8.768279e+03,8.513721e+03,8.523827e+03,8.596453e+03,8.378557e+03,8.364345e+03
24.1800,8.866876e+03,8.609133e+03,8.619365e+03,8.692901e+03,8.472273e+03,8.457882e+03
24.2000,8.997197e+03,8.735464e+03,8.745855e+03,8.820532e+03,8.596476e+03,8.581861e+03
24.2200,9.162498e+03,8.895881e+03,8.906467e+03,8.982540e+03,8.754288e+03,8.739399e+03
24.2400,9.366928e+03,9.094424e+03,9.105245e+03,9.183001e+03,8.949689e+03,8.934469e+03
24.2600,9.615747e+03,9.336216e+03,9.347317e+03,9.427083e+03,9.187729e+03,9.172113e+03
24.2800,9.915618e+03,9.627745e+03,9.639178e+03,9.721331e+03,9.474801e+03,9.458716e+03
24.3000,1.027500e+04,9.977247e+03,9.989073e+03,1.007405e+04,9.819023e+03,9.802382e+03
24.3200,1.070468e+04,1.039522e+04,1.040752e+04,1.049584e+04,1.023075e+04,1.021345e+04
24.3400,1.121850e+04,1.089517e+04,1.090802e+04,1.100031e+04,1.072328e+04,1.070519e+04
24.3600,1.183443e+04,1.149457e+04,1.150807e+04,1.160510e+04,1.131384e+04,1.129482e+04
24.3800,1.257598e+04,1.221633e+04,1.223062e+04,1.233331e+04,1.202502e+04,1.200489e+04
24.4000,1.347437e+04,1.309086e+04,1.310610e+04,1.321562e+04,1.288678e+04,1.286531e+04
24.4200,1.457164e+04,1.415909e+04,1.417550e+04,1.429333e+04,1.393949e+04,1.391638e+04
24.4400,1.592536e+04,1.547710e+04,1.549493e+04,1.562298e+04,1.523841e+04,1.521328e+04
24.4600,1.761585e+04,1.712314e+04,1.714274e+04,1.728351e+04,1.686066e+04,1.683303e+04
24.4800,1.975792e+04,1.920899e+04,1.923084e+04,1.938770e+04,1.891645e+04,1.888565e+04
24.5000,2.252174e+04,2.190043e+04,2.192516e+04,2.210274e+04,2.156916e+04,2.153427e+04
24.5200,2.618197e+04,2.546495e+04,2.549350e+04,2.569848e+04,2.508248e+04,2.504220e+04
24.5400,3.127529e+04,3.042526e+04,3.045912e+04,3.070217e+04,2.997164e+04,2.992386e+04
24.5600,3.914102e+04,3.808585e+04,3.812789e+04,3.842966e+04,3.752248e+04,3.746312e+04
24.5800,5.345384e+04,5.202576e+04,5.208268e+04,5.249119e+04,5.126287e+04,5.118248e+04
24.6000,8.318343e+04,8.098126e+04,8.106906e+04,8.169914e+04,7.980421e+04,7.968016e+04
24.6200,1.450608e+05,1.412480e+05,1.414001e+05,1.424912e+05,1.392092e+05,1.389943e+05
24.6400,2.591835e+05,2.524005e+05,2.526711e+05,2.546124e+05,2.487726e+05,2.483901e+05
24.6600,4.317018e+05,4.204290e+05,4.208786e+05,4.241051e+05,4.143989e+05,4.137632e+05
24.6800,6.284423e+05,6.120494e+05,6.127034e+05,6.173954e+05,6.032800e+05,6.023554e+05
24.7000,7.533520e+05,7.337082e+05,7.344919e+05,7.401145e+05,7.231995e+05,7.220915e+05
24.7200,7.054005e+05,6.870041e+05,6.877379e+05,6.930035e+05,6.771627e+05,6.761251e+05
24.7400,5.275774e+05,5.138079e+05,5.143572e+05,5.182983e+05,5.064420e+05,5.056654e+05
24.7600,3.356513e+05,3.268756e+05,3.272257e+05,3.297373e+05,3.221816e+05,3.216867e+05
24.7800,1.924517e+05,1.874019e+05,1.876033e+05,1.890485e+05,1.847014e+05,1.844167e+05
24.8000,1.077208e+05,1.048755e+05,1.049889e+05,1.058031e+05,1.033544e+05,1.031940e+05
24.8200,6.511486e+04,6.337773e+04,6.344697e+04,6.394392e+04,6.244957e+04,6.235176e+04
24.8400,4.500226e+04,4.378801e+04,4.383640e+04,4.418367e+04,4.313962e+04,4.307131e+04
24.8600,3.476673e+04,3.381835e+04,3.385613e+04,3.412730e+04,3.331221e+04,3.325890e+04
24.8800,2.862399e+04,2.783496e+04,2.786638e+04,2.809194e+04,2.741409e+04,2.736977e+04
24.9000,2.439411e+04,2.371465e+04,2.374170e+04,2.393589e+04,2.335241e+04,2.331427e+04
24.9200,2.126549e+04,2.066695e+04,2.069076e+04,2.086180e+04,2.034800e+04,2.031442e+04
24.9400,1.887074e+04,1.833399e+04,1.835535e+04,1.850869e+04,1.804812e+04,1.801803e+04
24.9600,1.699891e+04,1.651036e+04,1.652978e+04,1.666933e+04,1.625028e+04,1.622291e+04
24.9800,1.551202e+04,1.506164e+04,1.507954e+04,1.520816e+04,1.482199e+04,1.479677e+04
25.0000,1.431484e+04,1.389508e+04,1.391176e+04,1.403161e+04,1.367183e+04,1.364834e+04
25.0200,1.333978e+04,1.294487e+04,1.296056e+04,1.307329e+04,1.273491e+04,1.271282e+04
25.0400,1.253785e+04,1.216326e+04,1.217814e+04,1.228506e+04,1.196419e+04,1.194325e+04
25.0600,1.187287e+04,1.151503e+04,1.152924e+04,1.163136e+04,1.132493e+04,1.130493e+04
25.0800,1.131766e+04,1.097371e+04,1.098737e+04,1.108551e+04,1.079105e+04,1.077184e+04
25.1000,1.085154e+04,1.051915e+04,1.053235e+04,1.062718e+04,1.034268e+04,1.032413e+04
25.1200,1.045851e+04,1.013578e+04,1.014859e+04,1.024065e+04,9.964486e+03,9.946478e+03
25.1400,1.012609e+04,9.811425e+03,9.823913e+03,9.913665e+03,9.644457e+03,9.626906e+03
25.1600,9.844393e+03,9.536470e+03,9.548688e+03,9.636510e+03,9.373116e+03,9.355946e+03
25.1800,9.605542e+03,9.303233e+03,9.315226e+03,9.401439e+03,9.142892e+03,9.126040e+03
25.2000,9.403178e+03,9.105525e+03,9.117332e+03,9.202210e+03,8.947684e+03,8.931096e+03
25.2200,9.232138e+03,8.938315e+03,8.949970e+03,9.033749e+03,8.782533e+03,8.766163e+03
25.2400,9.088193e+03,8.797486e+03,8.809016e+03,8.891901e+03,8.643380e+03,8.627187e+03
25.2600,8.967856e+03,8.679639e+03,8.691069e+03,8.773239e+03,8.526875e+03,8.510824e+03
25.2800,8.868230e+03,8.581954e+03,8.593306e+03,8.674919e+03,8.430238e+03,8.414298e+03
25.3000,8.786900e+03,8.502076e+03,8.513370e+03,8.594564e+03,8.351148e+03,8.335291e+03
25.3200,8.721834e+03,8.438028e+03,8.449281e+03,8.530182e+03,8.287655e+03,8.271856e+03
25.3400,8.671322e+03,8.388143e+03,8.399370e+03,8.480089e+03,8.238115e+03,8.222354e+03
25.3600,8.633912e+03,8.351006e+03,8.362222e+03,8.442861e+03,8.201135e+03,8.185391e+03
25.3800,8.608371e+03,8.325417e+03,8.336634e+03,8.417284e+03,8.175531e+03,8.159785e+03
25.4000,8.593646e+03,8.310349e+03,8.321579e+03,8.402325e+03,8.160290e+03,8.144526e+03
25.4200,8.588835e+03,8.304923e+03,8.316177e+03,8.397097e+03,8.154546e+03,8.138750e+03
25.4400,8.593167e+03,8.308387e+03,8.319676e+03,8.400841e+03,8.157557e+03,8.141714e+03
25.4600,8.605975e+03,8.320093e+03,8.331425e+03,8.412903e+03,8.168685e+03,8.152781e+03
25.4800,8.626689e+03,8.339483e+03,8.350867e+03,8.432722e+03,8.187378e+03,8.171401e+03
25.5000,8.654815e+03,8.366076e+03,8.377521e+03,8.459812e+03,8.213164e+03,8.197102e+03
25.5200,8.689929e+03,8.399460e+03,8.410973e+03,8.493757e+03,8.245634e+03,8.229477e+03
25.5400,8.731668e+03,8.439279e+03,8.450868e+03,8.534199e+03,8.284438e+03,8.268174e+03
25.5600,8.779717e+03,8.485227e+03,8.496899e+03,8.580829e+03,8.329274e+03,8.312894e+03
25.5800,8.833809e+03,8.537043e+03,8.548805e+03,8.633383e+03,8.379885e+03,8.363378e+03
25.6000,8.893716e+03,8.594503e+03,8.606362e+03,8.691638e+03,8.436049e+03,8.419406e+03
25.6200,8.959245e+03,8.657419e+03,8.669382e+03,8.755403e+03,8.497582e+03,8.480793e+03
25.6400,9.030233e+03,8.725634e+03,8.737707e+03,8.824518e+03,8.564326e+03,8.547383e+03
25.6600,9.106548e+03,8.799016e+03,8.811205e+03,8.898853e+03,8.636153e+03,8.619047e+03
25.6800,9.188081e+03,8.877459e+03,8.889771e+03,8.978300e+03,8.712957e+03,8.695679e+03
25.7000,9.274746e+03,8.960878e+03,8.973319e+03,9.062773e+03,8.794655e+03,8.777195e+03
25.7200,9.366477e+03,9.049209e+03,9.061785e+03,9.152210e+03,8.881182e+03,8.863533e+03
25.7400,9.463229e+03,9.142408e+03,9.155124e+03,9.246563e+03,8.972494e+03,8.954647e+03
25.7600,9.564973e+03,9.240444e+03,9.253308e+03,9.345804e+03,9.068562e+03,9.050508e+03
25.7800,9.671697e+03,9.343305e+03,9.356322e+03,9.449921e+03,9.169373e+03,9.151103e+03
25.8000,9.783404e+03,9.450993e+03,9.464170e+03,9.558915e+03,9.274928e+03,9.256434e+03
25.8200,9.900110e+03,9.563524e+03,9.576867e+03,9.672804e+03,9.385242e+03,9.366515e+03
25.8400,1.002185e+04,9.680928e+03,9.694442e+03,9.791616e+03,9.500344e+03,9.481375e+03
25.8600,1.014866e+04,9.803244e+03,9.816937e+03,9.915393e+03,9.620273e+03,9.601053e+03
25.8800,1.028060e+04,9.930528e+03,9.944406e+03,1.004419e+04,9.745083e+03,9.725603e+03
25.9000,1.041774e+04,1.006284e+04,1.007691e+04,1.017808e+04,9.874837e+03,9.855087e+03
25.9200,1.056016e+04,1.020027e+04,1.021454e+04,1.031713e+04,1.000961e+04,9.989582e+03
25.9400,1.070795e+04,1.034290e+04,1.035737e+04,1.046143e+04,1.014949e+04,1.012917e+04
25.9600,1.086122e+04,1.049082e+04,1.050550e+04,1.061109e+04,1.029457e+04,1.027396e+04
25.9800,1.102007e+04,1.064415e+04,1.065905e+04,1.076622e+04,1.044497e+04,1.042404e+04
26.0000,1.118464e+04,1.080301e+04,1.081814e+04,1.092693e+04,1.060079e+04,1.057955e+04
26.0200,1.135506e+04,1.096753e+04,1.098289e+04,1.109337e+04,1.076218e+04,1.074061e+04
26.0400,1.153149e+04,1.113786e+04,1.115346e+04,1.126568e+04,1.092927e+04,1.090735e+04
26.0600,1.171407e+04,1.131415e+04,1.133000e+04,1.144402e+04,1.110221e+04,1.107995e+04
26.0800,1.190300e+04,1.149657e+04,1.151268e+04,1.162856e+04,1.128117e+04,1.125854e+04
26.1000,1.209845e+04,1.168530e+04,1.170168e+04,1.181947e+04,1.146633e+04,1.144333e+04
26.1200,1.230062e+04,1.188053e+04,1.189719e+04,1.201696e+04,1.165787e+04,1.163448e+04
26.1400,1.250973e+04,1.208246e+04,1.209941e+04,1.222123e+04,1.185600e+04,1.183221e+04
26.1600,1.272600e+04,1.229133e+04,1.230856e+04,1.243250e+04,1.206093e+04,1.203672e+04
26.1800,1.294967e+04,1.250734e+04,1.252489e+04,1.265101e+04,1.227288e+04,1.224824e+04
26.2000,1.318100e+04,1.273077e+04,1.274863e+04,1.287700e+04,1.249210e+04,1.246702e+04
26.2200,1.342026e+04,1.296186e+04,1.298004e+04,1.311075e+04,1.271885e+04,1.269332e+04
26.2400,1.366773e+04,1.320089e+04,1.321941e+04,1.335253e+04,1.295340e+04,1.292739e+04
26.2600,1.392373e+04,1.344817e+04,1.346703e+04,1.360264e+04,1.319604e+04,1.316954e+04
26.2800,1.418857e+04,1.370400e+04,1.372322e+04,1.386140e+04,1.344707e+04,1.342007e+04
26.3000,1.446261e+04,1.396871e+04,1.398830e+04,1.412914e+04,1.370682e+04,1.367931e+04
26.3200,1.474619e+04,1.424265e+04,1.426263e+04,1.440622e+04,1.397564e+04,1.394759e+04
26.3400,1.503972e+04,1.452620e+04,1.454658e+04,1.469302e+04,1.425390e+04,1.422528e+04
26.3600,1.534359e+04,1.481976e+04,1.484054e+04,1.498993e+04,1.454196e+04,1.451277e+04
26.3800,1.565824e+04,1.512373e+04,1.514494e+04,1.529737e+04,1.484026e+04,1.481047e+04
26.4000,1.598412e+04,1.543856e+04,1.546021e+04,1.561580e+04,1.514922e+04,1.511881e+04
26.4200,1.632173e+04,1.576473e+04,1.578683e+04,1.594568e+04,1.546930e+04,1.543825e+04
26.4400,1.667157e+04,1.610272e+04,1.612529e+04,1.628753e+04,1.580099e+04,1.576928e+04
26.4600,1.703420e+04,1.645307e+04,1.647613e+04,1.664187e+04,1.614481e+04,1.611242e+04
26.4800,1.741019e+04,1.681634e+04,1.683990e+04,1.700928e+04,1.650131e+04,1.646820e+04
26.5000,1.780016e+04,1.719311e+04,1.721720e+04,1.739035e+04,1.687107e+04,1.683723e+04
26.5200,1.820476e+04,1.758403e+04,1.760866e+04,1.778571e+04,1.725472e+04,1.722011e+04
26.5400,1.862469e+04,1.798976e+04,1.801496e+04,1.819606e+04,1.765290e+04,1.761750e+04
26.5600,1.906068e+04,1.841102e+04,1.843680e+04,1.862211e+04,1.806633e+04,1.803010e+04
26.5800,1.951352e+04,1.884856e+04,1.887495e+04,1.906463e+04,1.849574e+04,1.845865e+04
26.6000,1.998405e+04,1.930320e+04,1.933023e+04,1.952444e+04,1.894193e+04,1.890396e+04
26.6200,2.047316e+04,1.977580e+04,1.980348e+04,2.000241e+04,1.940574e+04,1.936685e+04
26.6400,2.098179e+04,2.026726e+04,2.029562e+04,2.049946e+04,1.988808e+04,1.984823e+04
26.6600,2.151097e+04,2.077858e+04,2.080765e+04,2.101658e+04,2.038991e+04,2.034905e+04
26.6800,2.206176e+04,2.131080e+04,2.134061e+04,2.155484e+04,2.091224e+04,2.087035e+04
26.7000,2.263533e+04,2.186503e+04,2.189560e+04,2.211536e+04,2.145618e+04,2.141321e+04
26.7200,2.323291e+04,2.244246e+04,2.247384e+04,2.269935e+04,2.202290e+04,2.197880e+04
26.7400,2.385583e+04,2.304437e+04,2.307659e+04,2.330809e+04,2.261365e+04,2.256838e+04
26.7600,2.450549e+04,2.367214e+04,2.370522e+04,2.394298e+04,2.322978e+04,2.318328e+04
26.7800,2.518342e+04,2.432722e+04,2.436121e+04,2.460549e+04,2.387271e+04,2.382494e+04
26.8000,2.589124e+04,2.501120e+04,2.504614e+04,2.529722e+04,2.454401e+04,2.449490e+04
26.8200,2.663070e+04,2.572575e+04,2.576168e+04,2.601988e+04,2.524531e+04,2.519481e+04
26.8400,2.740367e+04,2.647270e+04,2.650966e+04,2.677529e+04,2.597842e+04,2.592646e+04
26.8600,2.821219e+04,2.725399e+04,2.729203e+04,2.756544e+04,2.674524e+04,2.669175e+04
26.8800,2.905843e+04,2.807174e+04,2.811091e+04,2.839246e+04,2.754783e+04,2.749276e+04
26.9000,2.994474e+04,2.892821e+04,2.896857e+04,2.925863e+04,2.838844e+04,2.833170e+04
26.9200,3.087365e+04,2.982586e+04,2.986746e+04,3.016645e+04,2.926946e+04,2.921097e+04
26.9400,3.184791e+04,3.076733e+04,3.081024e+04,3.111859e+04,3.019350e+04,3.013317e+04
26.9600,3.287048e+04,3.175549e+04,3.179977e+04,3.211794e+04,3.116336e+04,3.110111e+04
26.9800,3.394458e+04,3.279345e+04,3.283916e+04,3.316765e+04,3.218211e+04,3.211783e+04
27.0000,3.507369e+04,3.388458e+04,3.393180e+04,3.427113e+04,3.325303e+04,3.318663e+04
27.0200,3.626160e+04,3.503253e+04,3.508134e+04,3.543209e+04,3.437974e+04,3.431110e+04
27.0400,3.751244e+04,3.624130e+04,3.629178e+04,3.665454e+04,3.556613e+04,3.549514e+04
27.0600,3.883069e+04,3.751521e+04,3.756746e+04,3.794287e+04,3.681647e+04,3.674300e+04
27.0800,4.022125e+04,3.885901e+04,3.891311e+04,3.930188e+04,3.813540e+04,3.805932e+04
27.1000,4.168948e+04,4.027787e+04,4.033393e+04,4.073680e+04,3.952801e+04,3.944916e+04
27.1200,4.324123e+04,4.177744e+04,4.183558e+04,4.225334e+04,4.099984e+04,4.091807e+04
27.1400,4.488292e+04,4.336394e+04,4.342427e+04,4.385779e+04,4.255698e+04,4.247213e+04
27.1600,4.662161e+04,4.504418e+04,4.510683e+04,4.555704e+04,4.420614e+04,4.411802e+04
27.1800,4.846504e+04,4.682565e+04,4.689077e+04,4.735867e+04,4.595466e+04,4.586307e+04
27.2000,5.042179e+04,4.871662e+04,4.878435e+04,4.927103e+04,4.781065e+04,4.771538e+04
27.2200,5.250127e+04,5.072621e+04,5.079672e+04,5.130336e+04,4.978307e+04,4.968389e+04
27.2400,5.471393e+04,5.286451e+04,5.293797e+04,5.346585e+04,5.188182e+04,5.177849e+04
27.2600,5.707136e+04,5.514271e+04,5.521932e+04,5.576982e+04,5.411789e+04,5.401013e+04
27.2800,5.958642e+04,5.757325e+04,5.765322e+04,5.822785e+04,5.650348e+04,5.639099e+04
27.3000,6.227342e+04,6.016996e+04,6.025352e+04,6.085393e+04,5.905218e+04,5.893464e+04
27.3200,6.514837e+04,6.294831e+04,6.303571e+04,6.366370e+04,6.177915e+04,6.165621e+04
27.3400,6.822916e+04,6.592558e+04,6.601709e+04,6.667464e+04,6.470137e+04,6.457264e+04
27.3600,7.153585e+04,6.912116e+04,6.921709e+04,6.990637e+04,6.783788e+04,6.770293e+04
27.3800,7.509102e+04,7.255689e+04,7.265757e+04,7.338095e+04,7.121008e+04,7.106845e+04
27.4000,7.892014e+04,7.625737e+04,7.636316e+04,7.712327e+04,7.484215e+04,7.469332e+04
27.4200,8.305202e+04,8.025043e+04,8.036174e+04,8.116149e+04,7.876139e+04,7.860480e+04
27.4400,8.751935e+04,8.456769e+04,8.468496e+04,8.552756e+04,8.299884e+04,8.283385e+04
27.4600,9.235936e+04,8.924511e+04,8.936884e+04,9.025787e+04,8.758979e+04,8.741571e+04
27.4800,9.761458e+04,9.432379e+04,9.445454e+04,9.539397e+04,9.257460e+04,9.239064e+04
27.5000,1.033338e+05,9.985086e+04,9.998925e+04,1.009835e+05,9.799950e+04,9.780480e+04
27.5200,1.095730e+05,1.058806e+05,1.060273e+05,1.070814e+05,1.039177e+05,1.037113e+05
27.5400,1.163973e+05,1.124756e+05,1.126314e+05,1.137510e+05,1.103908e+05,1.101716e+05
27.5600,1.238817e+05,1.197086e+05,1.198744e+05,1.210658e+05,1.174902e+05,1.172569e+05
27.5800,1.321141e+05,1.276645e+05,1.278413e+05,1.291116e+05,1.252990e+05,1.250502e+05
27.6000,1.411972e+05,1.364425e+05,1.366315e+05,1.379889e+05,1.339148e+05,1.336490e+05
27.6200,1.512521e+05,1.461597e+05,1.463621e+05,1.478159e+05,1.434524e+05,1.431677e+05
27.6400,1.624220e+05,1.569545e+05,1.571717e+05,1.587327e+05,1.540477e+05,1.537419e+05
27.6600,1.748776e+05,1.689917e+05,1.692256e+05,1.709060e+05,1.658624e+05,1.655333e+05
27.6800,1.888231e+05,1.824689e+05,1.827214e+05,1.845355e+05,1.790905e+05,1.787352e+05
27.7000,2.045052e+05,1.976243e+05,1.978977e+05,1.998623e+05,1.939658e+05,1.935811e+05
27.7200,2.222233e+05,2.147474e+05,2.150445e+05,2.171789e+05,2.107725e+05,2.103544e+05
27.7400,2.423442e+05,2.341924e+05,2.345164e+05,2.368438e+05,2.298582e+05,2.294023e+05
27.7600,2.653203e+05,2.563970e+05,2.567516e+05,2.592993e+05,2.516524e+05,2.511533e+05
27.7800,2.917157e+05,2.819059e+05,2.822957e+05,2.850965e+05,2.766898e+05,2.761412e+05
27.8000,3.222396e+05,3.114047e+05,3.118353e+05,3.149288e+05,3.056435e+05,3.050375e+05
27.8200,3.577941e+05,3.457652e+05,3.462432e+05,3.496777e+05,3.393690e+05,3.386963e+05
27.8400,3.995398e+05,3.861090e+05,3.866427e+05,3.904775e+05,3.789672e+05,3.782161e+05
27.8600,4.489893e+05,4.338978e+05,4.344976e+05,4.388065e+05,4.258729e+05,4.250289e+05
27.8800,5.081421e+05,4.910641e+05,4.917428e+05,4.966190e+05,4.819828e+05,4.810276e+05
27.9000,5.796832e+05,5.602027e+05,5.609770e+05,5.665391e+05,5.498438e+05,5.487542e+05
27.9200,6.672820e+05,6.448598e+05,6.457509e+05,6.521531e+05,6.329364e+05,6.316822e+05
27.9400,7.760522e+05,7.499773e+05,7.510136e+05,7.584587e+05,7.361113e+05,7.346529e+05
27.9600,9.132918e+05,8.826081e+05,8.838276e+05,8.925887e+05,8.662912e+05,8.645749e+05
27.9800,1.089808e+06,1.053196e+06,1.054651e+06,1.065105e+06,1.033727e+06,1.031679e+06
28.0000,1.323011e+06,1.278569e+06,1.280335e+06,1.293025e+06,1.254934e+06,1.252449e+06
28.0200,1.646825e+06,1.591508e+06,1.593706e+06,1.609501e+06,1.562091e+06,1.558997e+06
28.0400,2.145713e+06,2.073642e+06,2.076507e+06,2.097085e+06,2.035316e+06,2.031284e+06
28.0600,3.051447e+06,2.948961e+06,2.953034e+06,2.982297e+06,2.894459e+06,2.888726e+06
28.0800,4.930956e+06,4.765353e+06,4.771935e+06,4.819220e+06,4.677285e+06,4.668021e+06
28.1000,8.845477e+06,8.548419e+06,8.560225e+06,8.645046e+06,8.390442e+06,8.373825e+06
28.1200,1.607776e+07,1.553783e+07,1.555929e+07,1.571346e+07,1.525069e+07,1.522049e+07
28.1400,2.703743e+07,2.612946e+07,2.616554e+07,2.642480e+07,2.564659e+07,2.559580e+07
28.1600,3.958297e+07,3.825370e+07,3.830653e+07,3.868609e+07,3.754679e+07,3.747243e+07
28.1800,4.763282e+07,4.603323e+07,4.609680e+07,4.655354e+07,4.518255e+07,4.509307e+07
28.2000,4.469712e+07,4.319611e+07,4.325577e+07,4.368436e+07,4.239786e+07,4.231390e+07
28.2200,3.341004e+07,3.228807e+07,3.233266e+07,3.265303e+07,3.169140e+07,3.162864e+07
28.2400,2.115918e+07,2.044860e+07,2.047685e+07,2.067974e+07,2.007072e+07,2.003097e+07
28.2600,1.199170e+07,1.158899e+07,1.160500e+07,1.171999e+07,1.137482e+07,1.135230e+07
28.2800,6.555318e+06,6.335166e+06,6.343916e+06,6.406777e+06,6.218089e+06,6.205774e+06
28.3000,3.817346e+06,3.689139e+06,3.694234e+06,3.730842e+06,3.620958e+06,3.613787e+06
28.3200,2.523956e+06,2.439183e+06,2.442552e+06,2.466758e+06,2.394101e+06,2.389359e+06
28.3400,1.865754e+06,1.803085e+06,1.805575e+06,1.823470e+06,1.769757e+06,1.766252e+06
28.3600,1.470605e+06,1.421205e+06,1.423169e+06,1.437274e+06,1.394935e+06,1.392172e+06
28.3800,1.198088e+06,1.157840e+06,1.159439e+06,1.170931e+06,1.136436e+06,1.134185e+06
28.4000,9.959801e+05,9.625185e+05,9.638484e+05,9.734027e+05,9.447243e+05,9.428527e+05
28.4200,8.407037e+05,8.124565e+05,8.135791e+05,8.216445e+05,7.974353e+05,7.958554e+05
28.4400,7.187506e+05,6.945987e+05,6.955586e+05,7.024546e+05,6.817555e+05,6.804046e+05
28.4600,6.212914e+05,6.004123e+05,6.012421e+05,6.072036e+05,5.893096e+05,5.881417e+05
28.4800,5.422351e+05,5.240108e+05,5.247351e+05,5.299385e+05,5.143198e+05,5.133005e+05
28.5000,4.772595e+05,4.612171e+05,4.618546e+05,4.664351e+05,4.526865e+05,4.517892e+05
28.5200,4.232317e+05,4.090035e+05,4.095690e+05,4.136314e+05,4.014378e+05,4.006421e+05
28.5400,3.778385e+05,3.651347e+05,3.656395e+05,3.692667e+05,3.583796e+05,3.576691e+05
28.5600,3.393435e+05,3.279323e+05,3.283858e+05,3.316439e+05,3.218647e+05,3.212265e+05
28.5800,3.064234e+05,2.961177e+05,2.965273e+05,2.994697e+05,2.906380e+05,2.900617e+05
28.6000,2.780565e+05,2.687033e+05,2.690750e+05,2.717454e+05,2.637302e+05,2.632071e+05
28.6200,2.534435e+05,2.449168e+05,2.452557e+05,2.476901e+05,2.403832e+05,2.399064e+05
28.6400,2.319527e+05,2.241477e+05,2.244578e+05,2.266862e+05,2.199978e+05,2.195614e+05
28.6600,2.130793e+05,2.059080e+05,2.061930e+05,2.082404e+05,2.020952e+05,2.016942e+05
28.6800,1.964163e+05,1.898045e+05,1.900673e+05,1.919549e+05,1.862893e+05,1.859196e+05
28.7000,1.816325e+05,1.755172e+05,1.757602e+05,1.775061e+05,1.722659e+05,1.719240e+05
28.7200,1.684564e+05,1.627835e+05,1.630089e+05,1.646285e+05,1.597675e+05,1.594503e+05
28.7400,1.566637e+05,1.513867e+05,1.515964e+05,1.531029e+05,1.485813e+05,1.482863e+05
28.7600,1.460677e+05,1.411465e+05,1.413420e+05,1.427470e+05,1.385303e+05,1.382552e+05
28.7800,1.365122e+05,1.319118e+05,1.320946e+05,1.334080e+05,1.294663e+05,1.292091e+05
28.8000,1.278655e+05,1.235555e+05,1.237268e+05,1.249572e+05,1.212644e+05,1.210234e+05
28.8200,1.200163e+05,1.159698e+05,1.161306e+05,1.172858e+05,1.138188e+05,1.135926e+05
28.8400,1.128695e+05,1.090630e+05,1.092142e+05,1.103009e+05,1.070396e+05,1.068268e+05
28.8600,1.063439e+05,1.027565e+05,1.028990e+05,1.039231e+05,1.008496e+05,1.006491e+05
28.8800,1.003698e+05,9.698286e+04,9.711743e+04,9.808428e+04,9.518266e+04,9.499334e+04
28.9000,9.488663e+04,9.168382e+04,9.181107e+04,9.272536e+04,8.998152e+04,8.980250e+04
28.9200,8.984228e+04,8.680881e+04,8.692933e+04,8.779526e+04,8.519657e+04,8.502702e+04
28.9400,8.519117e+04,8.231384e+04,8.242815e+04,8.324950e+04,8.078464e+04,8.062382e+04
28.9600,8.089352e+04,7.816046e+04,7.826904e+04,7.904919e+04,7.670798e+04,7.655524e+04
28.9800,7.691445e+04,7.431497e+04,7.441824e+04,7.516025e+04,7.293353e+04,7.278826e+04
29.0000,7.322329e+04,7.074771e+04,7.084605e+04,7.155269e+04,6.943216e+04,6.929382e+04
29.0200,6.979294e+04,6.743250e+04,6.752627e+04,6.820003e+04,6.617819e+04,6.604629e+04
29.0400,6.659943e+04,6.434619e+04,6.443570e+04,6.507884e+04,6.314888e+04,6.302298e+04
29.0600,6.362148e+04,6.146819e+04,6.155372e+04,6.216833e+04,6.032404e+04,6.020373e+04
29.0800,6.084014e+04,5.878020e+04,5.886202e+04,5.944998e+04,5.768570e+04,5.757061e+04
29.1000,5.823849e+04,5.626586e+04,5.634422e+04,5.690724e+04,5.521780e+04,5.510760e+04
29.1200,5.580141e+04,5.391057e+04,5.398567e+04,5.452534e+04,5.290600e+04,5.280037e+04
29.1400,5.351531e+04,5.170119e+04,5.177324e+04,5.229100e+04,5.073742e+04,5.063608e+04
29.1600,5.136799e+04,4.962592e+04,4.969511e+04,5.019230e+04,4.870048e+04,4.860317e+04
29.1800,4.934845e+04,4.767416e+04,4.774065e+04,4.821849e+04,4.678475e+04,4.669124e+04
29.2000,4.744677e+04,4.583628e+04,4.590024e+04,4.635986e+04,4.498082e+04,4.489087e+04
29.2200,4.565396e+04,4.410363e+04,4.416520e+04,4.460764e+04,4.328015e+04,4.319357e+04
29.2400,4.396188e+04,4.246831e+04,4.252762e+04,4.295385e+04,4.167503e+04,4.159162e+04
29.2600,4.236312e+04,4.092319e+04,4.098037e+04,4.139128e+04,4.015843e+04,4.007803e+04
29.2800,4.085096e+04,3.946176e+04,3.951692e+04,3.991335e+04,3.872398e+04,3.864641e+04
29.3000,3.941926e+04,3.807808e+04,3.813134e+04,3.851406e+04,3.736585e+04,3.729097e+04
29.3200,3.806242e+04,3.676676e+04,3.681820e+04,3.718792e+04,3.607872e+04,3.600639e+04
29.3400,3.677532e+04,3.552282e+04,3.557256e+04,3.592995e+04,3.485775e+04,3.478783e+04
29.3600,3.555327e+04,3.434175e+04,3.438986e+04,3.473555e+04,3.369848e+04,3.363085e+04
29.3800,3.439195e+04,3.321938e+04,3.326594e+04,3.360051e+04,3.259682e+04,3.253138e+04
29.4000,3.328742e+04,3.215189e+04,3.219698e+04,3.252097e+04,3.154903e+04,3.148566e+04
29.4200,3.223605e+04,3.113577e+04,3.117945e+04,3.149338e+04,3.055166e+04,3.049025e+04
29.4400,3.123447e+04,3.016777e+04,3.021012e+04,3.051446e+04,2.960152e+04,2.954199e+04
29.4600,3.027960e+04,2.924491e+04,2.928598e+04,2.958118e+04,2.869568e+04,2.863795e+04
29.4800,2.936858e+04,2.836443e+04,2.840429e+04,2.869077e+04,2.783144e+04,2.777542e+04
29.5000,2.849877e+04,2.752378e+04,2.756248e+04,2.784063e+04,2.700630e+04,2.695191e+04
29.5200,2.766773e+04,2.672059e+04,2.675818e+04,2.702838e+04,2.621793e+04,2.616509e+04
29.5400,2.687319e+04,2.595268e+04,2.598922e+04,2.625181e+04,2.546418e+04,2.541283e+04
29.5600,2.611305e+04,2.521801e+04,2.525354e+04,2.550886e+04,2.474306e+04,2.469314e+04
29.5800,2.538536e+04,2.451470e+04,2.454926e+04,2.479762e+04,2.405271e+04,2.400416e+04
29.6000,2.468830e+04,2.384099e+04,2.387462e+04,2.411631e+04,2.339142e+04,2.334418e+04
29.6200,2.402017e+04,2.319524e+04,2.322798e+04,2.346328e+04,2.275758e+04,2.271159e+04
29.6400,2.337941e+04,2.257594e+04,2.260783e+04,2.283700e+04,2.214970e+04,2.210490e+04
29.6600,2.276453e+04,2.198166e+04,2.201273e+04,2.223602e+04,2.156637e+04,2.152272e+04
29.6800,2.217418e+04,2.141107e+04,2.144135e+04,2.165900e+04,2.100630e+04,2.096376e+04
29.7000,2.160706e+04,2.086294e+04,2.089246e+04,2.110469e+04,2.046826e+04,2.042679e+04
29.7200,2.106197e+04,2.033610e+04,2.036490e+04,2.057192e+04,1.995113e+04,1.991068e+04
29.7400,2.053780e+04,1.982947e+04,1.985758e+04,2.005958e+04,1.945383e+04,1.941436e+04
29.7600,2.003348e+04,1.934204e+04,1.936947e+04,1.956665e+04,1.897538e+04,1.893685e+04
29.7800,1.954803e+04,1.887284e+04,1.889962e+04,1.909217e+04,1.851482e+04,1.847720e+04
29.8000,1.908053e+04,1.842098e+04,1.844714e+04,1.863522e+04,1.807128e+04,1.803453e+04
29.8200,1.863011e+04,1.798562e+04,1.801118e+04,1.819496e+04,1.764393e+04,1.760803e+04
29.8400,1.819593e+04,1.756597e+04,1.759095e+04,1.777058e+04,1.723201e+04,1.719692e+04
29.8600,1.777725e+04,1.716128e+04,1.718571e+04,1.736134e+04,1.683477e+04,1.680046e+04
29.8800,1.737332e+04,1.677086e+04,1.679475e+04,1.696653e+04,1.645153e+04,1.641798e+04
29.9000,1.698347e+04,1.639404e+04,1.641742e+04,1.658547e+04,1.608165e+04,1.604883e+04
29.9200,1.660705e+04,1.603021e+04,1.605308e+04,1.621754e+04,1.572451e+04,1.569239e+04
29.9400,1.624346e+04,1.567877e+04,1.570116e+04,1.586215e+04,1.537953e+04,1.534810e+04
29.9600,1.589213e+04,1.533917e+04,1.536110e+04,1.551873e+04,1.504618e+04,1.501540e+04
29.9800,1.555250e+04,1.501089e+04,1.503237e+04,1.518676e+04,1.472394e+04,1.469379e+04
30.0000,1.522407e+04,1.469343e+04,1.471447e+04,1.486574e+04,1.441231e+04,1.438278e+04
30.0200,1.490636e+04,1.438633e+04,1.440695e+04,1.455518e+04,1.411086e+04,1.408192e+04
30.0400,1.459891e+04,1.408914e+04,1.410935e+04,1.425465e+04,1.381912e+04,1.379076e+04
30.0600,1.430127e+04,1.380144e+04,1.382125e+04,1.396372e+04,1.353671e+04,1.350890e+04
30.0800,1.401305e+04,1.352284e+04,1.354227e+04,1.368199e+04,1.326322e+04,1.323595e+04
30.1000,1.373385e+04,1.325295e+04,1.327201e+04,1.340907e+04,1.299829e+04,1.297154e+04
30.1200,1.346329e+04,1.299142e+04,1.301012e+04,1.314460e+04,1.274156e+04,1.271532e+04
30.1400,1.320104e+04,1.273791e+04,1.275627e+04,1.288825e+04,1.249271e+04,1.246696e+04
30.1600,1.294675e+04,1.249210e+04,1.251012e+04,1.263968e+04,1.225141e+04,1.222613e+04
30.1800,1.270012e+04,1.225369e+04,1.227138e+04,1.239859e+04,1.201737e+04,1.199255e+04
30.2000,1.246083e+04,1.202237e+04,1.203974e+04,1.216468e+04,1.179029e+04,1.176592e+04
30.2200,1.222860e+04,1.179788e+04,1.181494e+04,1.193767e+04,1.156991e+04,1.154598e+04
30.2400,1.200316e+04,1.157994e+04,1.159671e+04,1.171729e+04,1.135598e+04,1.133246e+04
30.2600,1.178424e+04,1.136832e+04,1.138480e+04,1.150330e+04,1.114823e+04,1.112512e+04
30.2800,1.157161e+04,1.116276e+04,1.117896e+04,1.129544e+04,1.094644e+04,1.092373e+04
30.3000,1.136503e+04,1.096305e+04,1.097898e+04,1.109349e+04,1.075039e+04,1.072806e+04
30.3200,1.116426e+04,1.076897e+04,1.078462e+04,1.089724e+04,1.055986e+04,1.053790e+04
30.3400,1.096910e+04,1.058030e+04,1.059570e+04,1.070646e+04,1.037464e+04,1.035305e+04
30.3600,1.077935e+04,1.039685e+04,1.041200e+04,1.052095e+04,1.019455e+04,1.017331e+04
30.3800,1.059480e+04,1.021843e+04,1.023334e+04,1.034054e+04,1.001940e+04,9.998501e+03
30.4000,1.041527e+04,1.004487e+04,1.005954e+04,1.016504e+04,9.849004e+03,9.828444e+03
30.4200,1.024058e+04,9.875982e+03,9.890419e+03,9.994264e+03,9.683206e+03,9.662970e+03
30.4400,1.007057e+04,9.711611e+03,9.725824e+03,9.828056e+03,9.521838e+03,9.501918e+03
30.4600,9.905063e+03,9.551597e+03,9.565591e+03,9.666255e+03,9.364746e+03,9.345134e+03
30.4800,9.743909e+03,9.395789e+03,9.409571e+03,9.508708e+03,9.211784e+03,9.192471e+03
30.5000,9.586960e+03,9.244044e+03,9.257618e+03,9.355269e+03,9.062808e+03,9.043787e+03
30.5200,9.434072e+03,9.096223e+03,9.109596e+03,9.205799e+03,8.917684e+03,8.898946e+03
30.5400,9.285108e+03,8.952194e+03,8.965371e+03,9.060165e+03,8.776282e+03,8.757821e+03
30.5600,9.139937e+03,8.811831e+03,8.824817e+03,8.918237e+03,8.638478e+03,8.620286e+03
30.5800,8.998435e+03,8.675012e+03,8.687812e+03,8.779894e+03,8.504153e+03,8.486223e+03
30.6000,8.860479e+03,8.541621e+03,8.554239e+03,8.645018e+03,8.373191e+03,8.355517e+03
30.6200,8.725956e+03,8.411547e+03,8.423988e+03,8.513496e+03,8.245485e+03,8.228060e+03
30.6400,8.594754e+03,8.284682e+03,8.296950e+03,8.385219e+03,8.120929e+03,8.103747e+03
30.6600,8.466766e+03,8.160923e+03,8.173024e+03,8.260085e+03,7.999421e+03,7.982476e+03
30.6800,8.341892e+03,8.040172e+03,8.052109e+03,8.137992e+03,7.880866e+03,7.864152e+03
30.7000,8.220032e+03,7.922335e+03,7.934111e+03,8.018845e+03,7.765170e+03,7.748681e+03
30.7200,8.101092e+03,7.807319e+03,7.818940e+03,7.902553e+03,7.652244e+03,7.635975e+03
30.7400,7.984983e+03,7.695039e+03,7.706507e+03,7.789026e+03,7.542001e+03,7.525947e+03
30.7600,7.871617e+03,7.585408e+03,7.596728e+03,7.678180e+03,7.434360e+03,7.418515e+03
30.7800,7.760910e+03,7.478348e+03,7.489522e+03,7.569933e+03,7.329241e+03,7.313601e+03
30.8000,7.652782e+03,7.373779e+03,7.384812e+03,7.464206e+03,7.226568e+03,7.211127e+03
30.8200,7.547155e+03,7.271628e+03,7.282523e+03,7.360923e+03,7.126267e+03,7.111021e+03
30.8400,7.443956e+03,7.171822e+03,7.182581e+03,7.260012e+03,7.028268e+03,7.013211e+03
30.8600,7.343111e+03,7.074291e+03,7.084919e+03,7.161403e+03,6.932502e+03,6.917631e+03
30.8800,7.244553e+03,6.978969e+03,6.989468e+03,7.065028e+03,6.838904e+03,6.824214e+03
30.9000,7.148214e+03,6.885792e+03,6.896166e+03,6.970822e+03,6.747410e+03,6.732898e+03
30.9200,7.054031e+03,6.794698e+03,6.804948e+03,6.878722e+03,6.657961e+03,6.643622e+03
30.9400,6.961941e+03,6.705626e+03,6.715757e+03,6.788668e+03,6.570497e+03,6.556328e+03
30.9600,6.871886e+03,6.618520e+03,6.628533e+03,6.700602e+03,6.484962e+03,6.470958e+03
30.9800,6.783806e+03,6.533324e+03,6.543222e+03,6.614467e+03,6.401302e+03,6.387459e+03
31.0000,6.697649e+03,6.449984e+03,6.459770e+03,6.530210e+03,6.319463e+03,6.305778e+03
31.0200,6.613358e+03,6.368449e+03,6.378125e+03,6.447778e+03,6.239395e+03,6.225864e+03
31.0400,6.530884e+03,6.288668e+03,6.298237e+03,6.367120e+03,6.161049e+03,6.147669e+03
31.0600,6.450177e+03,6.210594e+03,6.220058e+03,6.288189e+03,6.084378e+03,6.071146e+03
31.0800,6.371187e+03,6.134180e+03,6.143542e+03,6.210936e+03,6.009336e+03,5.996249e+03
31.1000,6.293869e+03,6.059381e+03,6.068643e+03,6.135317e+03,5.935879e+03,5.922933e+03
31.1200,6.218178e+03,5.986154e+03,5.995318e+03,6.061288e+03,5.863965e+03,5.851157e+03
31.1400,6.144071e+03,5.914457e+03,5.923525e+03,5.988807e+03,5.793552e+03,5.780880e+03
31.1600,6.071506e+03,5.844249e+03,5.853223e+03,5.917831e+03,5.724602e+03,5.712061e+03
31.1800,6.000441e+03,5.775492e+03,5.784374e+03,5.848323e+03,5.657074e+03,5.644663e+03
31.2000,5.930839e+03,5.708147e+03,5.716940e+03,5.780243e+03,5.590933e+03,5.578649e+03
31.2200,5.862661e+03,5.642179e+03,5.650883e+03,5.713555e+03,5.526142e+03,5.513981e+03
31.2400,5.795870e+03,5.577551e+03,5.586169e+03,5.648223e+03,5.462666e+03,5.450627e+03
31.2600,5.730432e+03,5.514229e+03,5.522763e+03,5.584212e+03,5.400472e+03,5.388552e+03
31.2800,5.666311e+03,5.452180e+03,5.460632e+03,5.521489e+03,5.339528e+03,5.327725e+03
31.3000,5.603476e+03,5.391373e+03,5.399744e+03,5.460021e+03,5.279802e+03,5.268112e+03
31.3200,5.541893e+03,5.331775e+03,5.340067e+03,5.399776e+03,5.221263e+03,5.209685e+03
31.3400,5.481531e+03,5.273358e+03,5.281572e+03,5.340726e+03,5.163882e+03,5.152413e+03
31.3600,5.422361e+03,5.216091e+03,5.224230e+03,5.282839e+03,5.107631e+03,5.096268e+03
31.3800,5.364352e+03,5.159947e+03,5.168012e+03,5.226088e+03,5.052481e+03,5.041223e+03
31.4000,5.307478e+03,5.104899e+03,5.112890e+03,5.170445e+03,4.998406e+03,4.987251e+03
31.4200,5.251711e+03,5.050919e+03,5.058840e+03,5.115883e+03,4.945380e+03,4.934325e+03
31.4400,5.197023e+03,4.997983e+03,5.005834e+03,5.062376e+03,4.893378e+03,4.882422e+03
31.4600,5.143390e+03,4.946065e+03,4.953847e+03,5.009900e+03,4.842375e+03,4.831515e+03
31.4800,5.090786e+03,4.895141e+03,4.902857e+03,4.958429e+03,4.792348e+03,4.781582e+03
31.5000,5.039187e+03,4.845188e+03,4.852838e+03,4.907940e+03,4.743273e+03,4.732600e+03
31.5200,4.988570e+03,4.796184e+03,4.803770e+03,4.858410e+03,4.695129e+03,4.684546e+03
31.5400,4.938912e+03,4.748105e+03,4.755628e+03,4.809817e+03,4.647894e+03,4.637400e+03
31.5600,4.890191e+03,4.700932e+03,4.708393e+03,4.762139e+03,4.601546e+03,4.591139e+03
31.5800,4.842385e+03,4.654643e+03,4.662044e+03,4.715356e+03,4.556066e+03,4.545745e+03
31.6000,4.795474e+03,4.609217e+03,4.616559e+03,4.669447e+03,4.511434e+03,4.501196e+03
31.6200,4.749437e+03,4.564637e+03,4.571920e+03,4.624392e+03,4.467631e+03,4.457475e+03
31.6400,4.704255e+03,4.520882e+03,4.528109e+03,4.580172e+03,4.424637e+03,4.414562e+03
31.6600,4.659909e+03,4.477934e+03,4.485105e+03,4.536768e+03,4.382436e+03,4.372439e+03
31.6800,4.616381e+03,4.435775e+03,4.442892e+03,4.494163e+03,4.341009e+03,4.331089e+03
31.7000,4.573652e+03,4.394389e+03,4.401452e+03,4.452339e+03,4.300340e+03,4.290495e+03
31.7200,4.531704e+03,4.353758e+03,4.360768e+03,4.411279e+03,4.260411e+03,4.250641e+03
31.7400,4.490522e+03,4.313865e+03,4.320824e+03,4.370966e+03,4.221208e+03,4.211510e+03
31.7600,4.450089e+03,4.274696e+03,4.281604e+03,4.331385e+03,4.182713e+03,4.173087e+03
31.7800,4.410388e+03,4.236233e+03,4.243093e+03,4.292519e+03,4.144913e+03,4.135356e+03
31.8000,4.371404e+03,4.198463e+03,4.205274e+03,4.254353e+03,4.107792e+03,4.098303e+03
31.8200,4.333122e+03,4.161371e+03,4.168135e+03,4.216873e+03,4.071336e+03,4.061914e+03
31.8400,4.295527e+03,4.124943e+03,4.131660e+03,4.180064e+03,4.035530e+03,4.026174e+03
31.8600,4.258605e+03,4.089164e+03,4.095835e+03,4.143913e+03,4.000362e+03,3.991071e+03
31.8800,4.222342e+03,4.054021e+03,4.060648e+03,4.108405e+03,3.965819e+03,3.956590e+03
31.9000,4.186725e+03,4.019502e+03,4.026085e+03,4.073527e+03,3.931887e+03,3.922720e+03
31.9200,4.151740e+03,3.985593e+03,3.992133e+03,4.039268e+03,3.898553e+03,3.889447e+03
31.9400,4.117375e+03,3.952283e+03,3.958781e+03,4.005613e+03,3.865807e+03,3.856760e+03
31.9600,4.083616e+03,3.919558e+03,3.926015e+03,3.972551e+03,3.833635e+03,3.824647e+03
31.9800,4.050453e+03,3.887408e+03,3.893824e+03,3.940071e+03,3.802027e+03,3.793096e+03
32.0000,4.017873e+03,3.855821e+03,3.862197e+03,3.908160e+03,3.770971e+03,3.762096e+03
32.0200,3.985865e+03,3.824785e+03,3.831123e+03,3.876807e+03,3.740456e+03,3.731636e+03
32.0400,3.954418e+03,3.794291e+03,3.800591e+03,3.846002e+03,3.710472e+03,3.701706e+03
32.0600,3.923520e+03,3.764328e+03,3.770590e+03,3.815734e+03,3.681009e+03,3.672295e+03
32.0800,3.893161e+03,3.734884e+03,3.741110e+03,3.785992e+03,3.652056e+03,3.643394e+03
32.1000,3.863331e+03,3.705951e+03,3.712142e+03,3.756766e+03,3.623604e+03,3.614992e+03
32.1200,3.834020e+03,3.677519e+03,3.683674e+03,3.728047e+03,3.595642e+03,3.587081e+03
32.1400,3.805218e+03,3.649578e+03,3.655699e+03,3.699825e+03,3.568162e+03,3.559650e+03
32.1600,3.776915e+03,3.622119e+03,3.628206e+03,3.672091e+03,3.541156e+03,3.532690e+03
32.1800,3.749103e+03,3.595133e+03,3.601187e+03,3.644835e+03,3.514612e+03,3.506194e+03
32.2000,3.721771e+03,3.568611e+03,3.574633e+03,3.618049e+03,3.488525e+03,3.480152e+03
32.2200,3.694912e+03,3.542545e+03,3.548535e+03,3.591724e+03,3.462884e+03,3.454556e+03
32.2400,3.668517e+03,3.516927e+03,3.522886e+03,3.565852e+03,3.437682e+03,3.429398e+03
32.2600,3.642577e+03,3.491748e+03,3.497676e+03,3.540424e+03,3.412911e+03,3.404670e+03
32.2800,3.617085e+03,3.467000e+03,3.472899e+03,3.515433e+03,3.388563e+03,3.380364e+03
32.3000,3.592031e+03,3.442676e+03,3.448546e+03,3.490871e+03,3.364630e+03,3.356473e+03
32.3200,3.567410e+03,3.418769e+03,3.424610e+03,3.466730e+03,3.341106e+03,3.332989e+03
32.3400,3.543212e+03,3.395270e+03,3.401083e+03,3.443003e+03,3.317983e+03,3.309906e+03
32.3600,3.519431e+03,3.372173e+03,3.377959e+03,3.419683e+03,3.295254e+03,3.287215e+03
32.3800,3.496060e+03,3.349471e+03,3.355230e+03,3.396762e+03,3.272912e+03,3.264911e+03
32.4000,3.473091e+03,3.327158e+03,3.332891e+03,3.374235e+03,3.250950e+03,3.242987e+03
32.4200,3.450517e+03,3.305226e+03,3.310933e+03,3.352093e+03,3.229363e+03,3.221436e+03
32.4400,3.428333e+03,3.283669e+03,3.289351e+03,3.330331e+03,3.208144e+03,3.200252e+03
32.4600,3.406531e+03,3.262481e+03,3.268138e+03,3.308942e+03,3.187286e+03,3.179429e+03
32.4800,3.385105e+03,3.241655e+03,3.247289e+03,3.287921e+03,3.166783e+03,3.158961e+03
32.5000,3.364050e+03,3.221187e+03,3.226797e+03,3.267260e+03,3.146631e+03,3.138842e+03
32.5200,3.343358e+03,3.201069e+03,3.206656e+03,3.246955e+03,3.126822e+03,3.119066e+03
32.5400,3.323025e+03,3.181297e+03,3.186861e+03,3.226999e+03,3.107352e+03,3.099628e+03
32.5600,3.303044e+03,3.161864e+03,3.167407e+03,3.207387e+03,3.088215e+03,3.080522e+03
32.5800,3.283410e+03,3.142766e+03,3.148287e+03,3.188113e+03,3.069406e+03,3.061743e+03
32.6000,3.264117e+03,3.123997e+03,3.129497e+03,3.169173e+03,3.050919e+03,3.043286e+03
32.6200,3.245161e+03,3.105551e+03,3.111031e+03,3.150560e+03,3.032749e+03,3.025146e+03
32.6400,3.226535e+03,3.087425e+03,3.092884e+03,3.132270e+03,3.014892e+03,3.007317e+03
32.6600,3.208235e+03,3.069612e+03,3.075052e+03,3.114298e+03,2.997343e+03,2.989796e+03
32.6800,3.190257e+03,3.052109e+03,3.057530e+03,3.096639e+03,2.980096e+03,2.972577e+03
32.7000,3.172594e+03,3.034910e+03,3.040313e+03,3.079288e+03,2.963149e+03,2.955655e+03
32.7200,3.155242e+03,3.018012e+03,3.023396e+03,3.062241e+03,2.946495e+03,2.939027e+03
32.7400,3.138198e+03,3.001409e+03,3.006775e+03,3.045493e+03,2.930130e+03,2.922688e+03
32.7600,3.121456e+03,2.985097e+03,2.990446e+03,3.029040e+03,2.914051e+03,2.906634e+03
32.7800,3.105012e+03,2.969072e+03,2.974404e+03,3.012878e+03,2.898254e+03,2.890860e+03
32.8000,3.088862e+03,2.953330e+03,2.958646e+03,2.997002e+03,2.882733e+03,2.875363e+03
32.8200,3.073001e+03,2.937867e+03,2.943167e+03,2.981408e+03,2.867486e+03,2.860139e+03
32.8400,3.057426e+03,2.922679e+03,2.927963e+03,2.966093e+03,2.852508e+03,2.845183e+03
32.8600,3.042133e+03,2.907762e+03,2.913031e+03,2.951053e+03,2.837795e+03,2.830492e+03
32.8800,3.027117e+03,2.893112e+03,2.898367e+03,2.936283e+03,2.823345e+03,2.816063e+03
32.9000,3.012375e+03,2.878727e+03,2.883967e+03,2.921780e+03,2.809153e+03,2.801891e+03
32.9200,2.997904e+03,2.864601e+03,2.869827e+03,2.907541e+03,2.795216e+03,2.787974e+03
32.9400,2.983700e+03,2.850732e+03,2.855945e+03,2.893562e+03,2.781530e+03,2.774308e+03
32.9600,2.969759e+03,2.837117e+03,2.842316e+03,2.879840e+03,2.768092e+03,2.760889e+03
32.9800,2.956078e+03,2.823752e+03,2.828938e+03,2.866370e+03,2.754899e+03,2.747714e+03
33.0000,2.942653e+03,2.810634e+03,2.815808e+03,2.853151e+03,2.741948e+03,2.734781e+03
33.0200,2.929482e+03,2.797759e+03,2.802921e+03,2.840179e+03,2.729236e+03,2.722086e+03
33.0400,2.916561e+03,2.785125e+03,2.790275e+03,2.827450e+03,2.716759e+03,2.709626e+03
33.0600,2.903888e+03,2.772729e+03,2.777868e+03,2.814963e+03,2.704515e+03,2.697398e+03
33.0800,2.891458e+03,2.760567e+03,2.765696e+03,2.802713e+03,2.692501e+03,2.685400e+03
33.1000,2.879270e+03,2.748638e+03,2.753756e+03,2.790698e+03,2.680714e+03,2.673628e+03
33.1200,2.867320e+03,2.736938e+03,2.742045e+03,2.778915e+03,2.669151e+03,2.662080e+03
33.1400,2.855606e+03,2.725464e+03,2.730562e+03,2.767362e+03,2.657810e+03,2.650753e+03
33.1600,2.844125e+03,2.714214e+03,2.719303e+03,2.756036e+03,2.646688e+03,2.639645e+03
33.1800,2.832874e+03,2.703186e+03,2.708265e+03,2.744934e+03,2.635783e+03,2.628752e+03
33.2000,2.821851e+03,2.692376e+03,2.697447e+03,2.734053e+03,2.625092e+03,2.618074e+03
33.2200,2.811053e+03,2.681783e+03,2.686846e+03,2.723392e+03,2.614612e+03,2.607607e+03
33.2400,2.800478e+03,2.671404e+03,2.676459e+03,2.712948e+03,2.604343e+03,2.597349e+03
33.2600,2.790124e+03,2.661237e+03,2.666284e+03,2.702719e+03,2.594280e+03,2.587297e+03
33.2800,2.779988e+03,2.651280e+03,2.656319e+03,2.692702e+03,2.584422e+03,2.577450e+03
33.3000,2.770068e+03,2.641529e+03,2.646562e+03,2.682895e+03,2.574768e+03,2.567806e+03
33.3200,2.760362e+03,2.631984e+03,2.637010e+03,2.673296e+03,2.565314e+03,2.558361e+03
33.3400,2.750867e+03,2.622643e+03,2.627662e+03,2.663904e+03,2.556058e+03,2.549115e+03
33.3600,2.741582e+03,2.613502e+03,2.618516e+03,2.654715e+03,2.547000e+03,2.540066e+03
33.3800,2.732505e+03,2.604561e+03,2.609569e+03,2.645728e+03,2.538136e+03,2.531211e+03
33.4000,2.723633e+03,2.595817e+03,2.600820e+03,2.636941e+03,2.529466e+03,2.522548e+03
33.4200,2.714966e+03,2.587269e+03,2.592266e+03,2.628352e+03,2.520986e+03,2.514076e+03
33.4400,2.706500e+03,2.578914e+03,2.583907e+03,2.619960e+03,2.512696e+03,2.505793e+03
33.4600,2.698234e+03,2.570752e+03,2.575740e+03,2.611763e+03,2.504594e+03,2.497697e+03
33.4800,2.690167e+03,2.562780e+03,2.567764e+03,2.603759e+03,2.496678e+03,2.489787e+03
33.5000,2.682297e+03,2.554997e+03,2.559977e+03,2.595946e+03,2.488946e+03,2.482061e+03
33.5200,2.674623e+03,2.547401e+03,2.552378e+03,2.588322e+03,2.481397e+03,2.474517e+03
33.5400,2.667142e+03,2.539990e+03,2.544964e+03,2.580887e+03,2.474030e+03,2.467155e+03
33.5600,2.659853e+03,2.532764e+03,2.537735e+03,2.573639e+03,2.466842e+03,2.459972e+03
33.5800,2.652754e+03,2.525720e+03,2.530689e+03,2.566576e+03,2.459833e+03,2.452966e+03
33.6000,2.645846e+03,2.518858e+03,2.523825e+03,2.559697e+03,2.453002e+03,2.446138e+03
33.6200,2.639125e+03,2.512175e+03,2.517140e+03,2.553001e+03,2.446346e+03,2.439485e+03
33.6400,2.632590e+03,2.505672e+03,2.510635e+03,2.546486e+03,2.439864e+03,2.433006e+03
33.6600,2.626241e+03,2.499346e+03,2.504308e+03,2.540150e+03,2.433556e+03,2.426700e+03
33.6800,2.620077e+03,2.493196e+03,2.498157e+03,2.533994e+03,2.427420e+03,2.420566e+03
33.7000,2.614095e+03,2.487221e+03,2.492182e+03,2.528016e+03,2.421455e+03,2.414602e+03
33.7200,2.608295e+03,2.481420e+03,2.486381e+03,2.522213e+03,2.415660e+03,2.408808e+03
33.7400,2.602676e+03,2.475793e+03,2.480753e+03,2.516587e+03,2.410033e+03,2.403182e+03
33.7600,2.597236e+03,2.470337e+03,2.475298e+03,2.511135e+03,2.404575e+03,2.397723e+03
33.7800,2.591975e+03,2.465052e+03,2.470013e+03,2.505856e+03,2.399283e+03,2.392431e+03
33.8000,2.586893e+03,2.459937e+03,2.464899e+03,2.500750e+03,2.394157e+03,2.387304e+03
33.8200,2.581986e+03,2.454991e+03,2.459955e+03,2.495815e+03,2.389196e+03,2.382342e+03
33.8400,2.577256e+03,2.450213e+03,2.455179e+03,2.491051e+03,2.384399e+03,2.377543e+03
33.8600,2.572701e+03,2.445603e+03,2.450570e+03,2.486457e+03,2.379766e+03,2.372908e+03
33.8800,2.568321e+03,2.441159e+03,2.446129e+03,2.482032e+03,2.375295e+03,2.368434e+03
33.9000,2.564114e+03,2.436881e+03,2.441853e+03,2.477776e+03,2.370986e+03,2.364122e+03
33.9200,2.560080e+03,2.432768e+03,2.437744e+03,2.473687e+03,2.366838e+03,2.359971e+03
33.9400,2.556219e+03,2.428820e+03,2.433799e+03,2.469765e+03,2.362850e+03,2.355979e+03
33.9600,2.552529e+03,2.425036e+03,2.430018e+03,2.466010e+03,2.359022e+03,2.352147e+03
33.9800,2.549011e+03,2.421415e+03,2.426401e+03,2.462420e+03,2.355354e+03,2.348474e+03
34.0000,2.545663e+03,2.417957e+03,2.422947e+03,2.458996e+03,2.351844e+03,2.344959e+03
34.0200,2.542485e+03,2.414661e+03,2.419655e+03,2.455737e+03,2.348492e+03,2.341601e+03
34.0400,2.539477e+03,2.411528e+03,2.416526e+03,2.452642e+03,2.345298e+03,2.338401e+03
34.0600,2.536638e+03,2.408555e+03,2.413559e+03,2.449711e+03,2.342262e+03,2.335358e+03
34.0800,2.533968e+03,2.405744e+03,2.410752e+03,2.446944e+03,2.339382e+03,2.332472e+03
34.1000,2.531467e+03,2.403093e+03,2.408107e+03,2.444340e+03,2.336659e+03,2.329741e+03
34.1200,2.529134e+03,2.400602e+03,2.405623e+03,2.441899e+03,2.334092e+03,2.327166e+03
34.1400,2.526969e+03,2.398272e+03,2.403299e+03,2.439620e+03,2.331681e+03,2.324747e+03
34.1600,2.524971e+03,2.396102e+03,2.401135e+03,2.437504e+03,2.329426e+03,2.322483e+03
34.1800,2.523142e+03,2.394091e+03,2.399131e+03,2.435551e+03,2.327326e+03,2.320374e+03
34.2000,2.521480e+03,2.392240e+03,2.397287e+03,2.433759e+03,2.325381e+03,2.318420e+03
34.2200,2.519986e+03,2.390548e+03,2.395603e+03,2.432129e+03,2.323592e+03,2.316621e+03
34.2400,2.518659e+03,2.389015e+03,2.394078e+03,2.430662e+03,2.321958e+03,2.314976e+03
34.2600,2.517500e+03,2.387642e+03,2.392713e+03,2.429356e+03,2.320479e+03,2.313486e+03
34.2800,2.516508e+03,2.386429e+03,2.391508e+03,2.428212e+03,2.319154e+03,2.312151e+03
34.3000,2.515683e+03,2.385374e+03,2.390462e+03,2.427231e+03,2.317985e+03,2.310970e+03
34.3200,2.515027e+03,2.384479e+03,2.389576e+03,2.426411e+03,2.316971e+03,2.309944e+03
34.3400,2.514538e+03,2.383744e+03,2.388850e+03,2.425754e+03,2.316113e+03,2.309072e+03
34.3600,2.514217e+03,2.383168e+03,2.388284e+03,2.425259e+03,2.315409e+03,2.308356e+03
34.3800,2.514064e+03,2.382752e+03,2.387878e+03,2.424926e+03,2.314861e+03,2.307794e+03
34.4000,2.514080e+03,2.382496e+03,2.387633e+03,2.424757e+03,2.314469e+03,2.307388e+03
34.4200,2.514265e+03,2.382401e+03,2.387548e+03,2.424750e+03,2.314233e+03,2.307137e+03
34.4400,2.514620e+03,2.382466e+03,2.387624e+03,2.424907e+03,2.314153e+03,2.307043e+03
34.4600,2.515143e+03,2.382692e+03,2.387862e+03,2.425228e+03,2.314229e+03,2.307104e+03
34.4800,2.515837e+03,2.383080e+03,2.388262e+03,2.425713e+03,2.314463e+03,2.307321e+03
34.5000,2.516702e+03,2.383630e+03,2.388824e+03,2.426363e+03,2.314854e+03,2.307696e+03
34.5200,2.517738e+03,2.384342e+03,2.389548e+03,2.427178e+03,2.315402e+03,2.308228e+03
34.5400,2.518945e+03,2.385217e+03,2.390436e+03,2.428159e+03,2.316109e+03,2.308917e+03
34.5600,2.520325e+03,2.386256e+03,2.391488e+03,2.429306e+03,2.316975e+03,2.309765e+03
34.5800,2.521878e+03,2.387458e+03,2.392704e+03,2.430620e+03,2.318000e+03,2.310772e+03
34.6000,2.523605e+03,2.388826e+03,2.394085e+03,2.432102e+03,2.319185e+03,2.311938e+03
34.6200,2.525507e+03,2.390358e+03,2.395632e+03,2.433752e+03,2.320531e+03,2.313264e+03
34.6400,2.527583e+03,2.392057e+03,2.397345e+03,2.435572e+03,2.322038e+03,2.314752e+03
34.6600,2.529836e+03,2.393923e+03,2.399226e+03,2.437561e+03,2.323707e+03,2.316400e+03
34.6800,2.532266e+03,2.395956e+03,2.401275e+03,2.439721e+03,2.325539e+03,2.318211e+03
34.7000,2.534874e+03,2.398158e+03,2.403493e+03,2.442052e+03,2.327534e+03,2.320186e+03
34.7200,2.537662e+03,2.400530e+03,2.405880e+03,2.444556e+03,2.329694e+03,2.322324e+03
34.7400,2.540629e+03,2.403072e+03,2.408439e+03,2.447234e+03,2.332020e+03,2.324627e+03
34.7600,2.543777e+03,2.405785e+03,2.411169e+03,2.450086e+03,2.334512e+03,2.327096e+03
34.7800,2.547108e+03,2.408671e+03,2.414072e+03,2.453114e+03,2.337171e+03,2.329732e+03
34.8000,2.550623e+03,2.411731e+03,2.417149e+03,2.456319e+03,2.339999e+03,2.332535e+03
34.8200,2.554322e+03,2.414965e+03,2.420402e+03,2.459702e+03,2.342996e+03,2.335508e+03
34.8400,2.558208e+03,2.418376e+03,2.423831e+03,2.463264e+03,2.346164e+03,2.338651e+03
34.8600,2.562281e+03,2.421963e+03,2.427437e+03,2.467007e+03,2.349504e+03,2.341965e+03
34.8800,2.566543e+03,2.425730e+03,2.431223e+03,2.470932e+03,2.353017e+03,2.345452e+03
34.9000,2.570995e+03,2.429676e+03,2.435188e+03,2.475040e+03,2.356704e+03,2.349113e+03
34.9200,2.575640e+03,2.433803e+03,2.439336e+03,2.479333e+03,2.360567e+03,2.352949e+03
34.9400,2.580477e+03,2.438113e+03,2.443667e+03,2.483812e+03,2.364608e+03,2.356961e+03
34.9600,2.585511e+03,2.442608e+03,2.448182e+03,2.488478e+03,2.368827e+03,2.361152e+03
34.9800,2.590741e+03,2.447289e+03,2.452884e+03,2.493335e+03,2.373226e+03,2.365522e+03
35.0000,2.596169e+03,2.452157e+03,2.457774e+03,2.498382e+03,2.377807e+03,2.370073e+03
35.0200,2.601798e+03,2.457214e+03,2.462853e+03,2.503622e+03,2.382572e+03,2.374807e+03
35.0400,2.607630e+03,2.462462e+03,2.468124e+03,2.509057e+03,2.387521e+03,2.379726e+03
35.0600,2.613666e+03,2.467903e+03,2.473588e+03,2.514689e+03,2.392658e+03,2.384830e+03
35.0800,2.619909e+03,2.473539e+03,2.479248e+03,2.520519e+03,2.397983e+03,2.390123e+03
35.1000,2.626359e+03,2.479372e+03,2.485104e+03,2.526549e+03,2.403498e+03,2.395606e+03
35.1200,2.633021e+03,2.485403e+03,2.491160e+03,2.532782e+03,2.409206e+03,2.401280e+03
35.1400,2.639896e+03,2.491635e+03,2.497417e+03,2.539220e+03,2.415108e+03,2.407148e+03
35.1600,2.646985e+03,2.498070e+03,2.503877e+03,2.545865e+03,2.421207e+03,2.413212e+03
35.1800,2.654293e+03,2.504709e+03,2.510543e+03,2.552718e+03,2.427504e+03,2.419474e+03
35.2000,2.661820e+03,2.511557e+03,2.517417e+03,2.559783e+03,2.434002e+03,2.425935e+03
35.2200,2.669571e+03,2.518614e+03,2.524501e+03,2.567063e+03,2.440703e+03,2.432600e+03
35.2400,2.677546e+03,2.525883e+03,2.531798e+03,2.574558e+03,2.447610e+03,2.439469e+03
35.2600,2.685749e+03,2.533367e+03,2.539310e+03,2.582273e+03,2.454724e+03,2.446545e+03
35.2800,2.694184e+03,2.541068e+03,2.547039e+03,2.590209e+03,2.462049e+03,2.453830e+03
35.3000,2.702851e+03,2.548990e+03,2.554990e+03,2.598369e+03,2.469587e+03,2.461328e+03
35.3200,2.711756e+03,2.557134e+03,2.563163e+03,2.606757e+03,2.477340e+03,2.469041e+03
35.3400,2.720900e+03,2.565503e+03,2.571563e+03,2.615375e+03,2.485311e+03,2.476971e+03
35.3600,2.730287e+03,2.574102e+03,2.580192e+03,2.624226e+03,2.493504e+03,2.485121e+03
35.3800,2.739920e+03,2.582931e+03,2.589053e+03,2.633313e+03,2.501920e+03,2.493495e+03
35.4000,2.749802e+03,2.591996e+03,2.598149e+03,2.642640e+03,2.510564e+03,2.502095e+03
35.4200,2.759937e+03,2.601298e+03,2.607484e+03,2.652209e+03,2.519437e+03,2.510924e+03
35.4400,2.770328e+03,2.610841e+03,2.617060e+03,2.662024e+03,2.528544e+03,2.519985e+03
35.4600,2.780979e+03,2.620629e+03,2.626881e+03,2.672089e+03,2.537887e+03,2.529282e+03
35.4800,2.791895e+03,2.630665e+03,2.636952e+03,2.682407e+03,2.547471e+03,2.538818e+03
35.5000,2.803077e+03,2.640952e+03,2.647274e+03,2.692981e+03,2.557297e+03,2.548597e+03
35.5200,2.814531e+03,2.651495e+03,2.657852e+03,2.703816e+03,2.567371e+03,2.558622e+03
35.5400,2.826261e+03,2.662297e+03,2.668690e+03,2.714916e+03,2.577695e+03,2.568896e+03
35.5600,2.838271e+03,2.673362e+03,2.679792e+03,2.726284e+03,2.588273e+03,2.579424e+03
35.5800,2.850565e+03,2.684694e+03,2.691162e+03,2.737925e+03,2.599109e+03,2.590209e+03
35.6000,2.863148e+03,2.696298e+03,2.702804e+03,2.749843e+03,2.610208e+03,2.601255e+03
35.6200,2.876024e+03,2.708177e+03,2.714722e+03,2.762041e+03,2.621574e+03,2.612567e+03
35.6400,2.889198e+03,2.720336e+03,2.726920e+03,2.774526e+03,2.633210e+03,2.624149e+03
35.6600,2.902675e+03,2.732780e+03,2.739404e+03,2.787302e+03,2.645121e+03,2.636004e+03
35.6800,2.916460e+03,2.745513e+03,2.752178e+03,2.800372e+03,2.657311e+03,2.648139e+03
35.7000,2.930558e+03,2.758540e+03,2.765247e+03,2.813743e+03,2.669786e+03,2.660556e+03
35.7200,2.944974e+03,2.771866e+03,2.778615e+03,2.827419e+03,2.682550e+03,2.673261e+03
35.7400,2.959714e+03,2.785496e+03,2.792289e+03,2.841405e+03,2.695607e+03,2.686259e+03
35.7600,2.974784e+03,2.799435e+03,2.806273e+03,2.855707e+03,2.708964e+03,2.699555e+03
35.7800,2.990189e+03,2.813690e+03,2.820572e+03,2.870331e+03,2.722625e+03,2.713154e+03
35.8000,3.005935e+03,2.828265e+03,2.835192e+03,2.885282e+03,2.736595e+03,2.727062e+03
35.8200,3.022029e+03,2.843166e+03,2.850140e+03,2.900566e+03,2.750880e+03,2.741283e+03
35.8400,3.038476e+03,2.858399e+03,2.865420e+03,2.916189e+03,2.765487e+03,2.755825e+03
35.8600,3.055284e+03,2.873970e+03,2.881040e+03,2.932157e+03,2.780420e+03,2.770691e+03
35.8800,3.072459e+03,2.889886e+03,2.897005e+03,2.948477e+03,2.795685e+03,2.785889e+03
35.9000,3.090008e+03,2.906152e+03,2.913321e+03,2.965155e+03,2.811290e+03,2.801425e+03
35.9200,3.107937e+03,2.922776e+03,2.929996e+03,2.982199e+03,2.827240e+03,2.817305e+03
35.9400,3.126255e+03,2.939765e+03,2.947037e+03,2.999614e+03,2.843542e+03,2.833536e+03
35.9600,3.144970e+03,2.957125e+03,2.964450e+03,3.017409e+03,2.860203e+03,2.850124e+03
35.9800,3.164087e+03,2.974864e+03,2.982242e+03,3.035591e+03,2.877230e+03,2.867076e+03
36.0000,3.183617e+03,2.992989e+03,3.000422e+03,3.054167e+03,2.894629e+03,2.884401e+03
36.0200,3.203567e+03,3.011508e+03,3.018998e+03,3.073146e+03,2.912410e+03,2.902104e+03
36.0400,3.223945e+03,3.030430e+03,3.037976e+03,3.092535e+03,2.930578e+03,2.920194e+03
36.0600,3.244761e+03,3.049761e+03,3.057365e+03,3.112343e+03,2.949143e+03,2.938679e+03
36.0800,3.266023e+03,3.069512e+03,3.077174e+03,3.132579e+03,2.968112e+03,2.957567e+03
36.1000,3.287741e+03,3.089689e+03,3.097412e+03,3.153252e+03,2.987494e+03,2.976866e+03
36.1200,3.309924e+03,3.110304e+03,3.118088e+03,3.174370e+03,3.007297e+03,2.996585e+03
36.1400,3.332583e+03,3.131364e+03,3.139210e+03,3.195944e+03,3.027531e+03,3.016733e+03
36.1600,3.355728e+03,3.152879e+03,3.160789e+03,3.217983e+03,3.048204e+03,3.037319e+03
36.1800,3.379369e+03,3.174860e+03,3.182835e+03,3.240497e+03,3.069327e+03,3.058352e+03
36.2000,3.403517e+03,3.197316e+03,3.205357e+03,3.263496e+03,3.090908e+03,3.079843e+03
36.2200,3.428183e+03,3.220258e+03,3.228367e+03,3.286993e+03,3.112959e+03,3.101801e+03
36.2400,3.453379e+03,3.243697e+03,3.251875e+03,3.310996e+03,3.135490e+03,3.124237e+03
36.2600,3.479118e+03,3.267645e+03,3.275892e+03,3.335519e+03,3.158511e+03,3.147162e+03
36.2800,3.505411e+03,3.292112e+03,3.300430e+03,3.360573e+03,3.182034e+03,3.170586e+03
36.3000,3.532271e+03,3.317111e+03,3.325502e+03,3.386170e+03,3.206070e+03,3.194522e+03
36.3200,3.559712e+03,3.342654e+03,3.351119e+03,3.412323e+03,3.230631e+03,3.218982e+03
36.3400,3.587747e+03,3.368753e+03,3.377294e+03,3.439044e+03,3.255730e+03,3.243976e+03
36.3600,3.616390e+03,3.395423e+03,3.404041e+03,3.466348e+03,3.281380e+03,3.269519e+03
36.3800,3.645656e+03,3.422677e+03,3.431373e+03,3.494249e+03,3.307592e+03,3.295624e+03
36.4000,3.675560e+03,3.450528e+03,3.459305e+03,3.522760e+03,3.334382e+03,3.322303e+03
36.4200,3.706117e+03,3.478992e+03,3.487851e+03,3.551896e+03,3.361762e+03,3.349571e+03
36.4400,3.737344e+03,3.508083e+03,3.517025e+03,3.581674e+03,3.389749e+03,3.377442e+03
36.4600,3.769257e+03,3.537817e+03,3.546845e+03,3.612108e+03,3.418356e+03,3.405932e+03
36.4800,3.801874e+03,3.568211e+03,3.577325e+03,3.643216e+03,3.447599e+03,3.435055e+03
36.5000,3.835212e+03,3.599280e+03,3.608483e+03,3.675015e+03,3.477494e+03,3.464828e+03
36.5200,3.869289e+03,3.631043e+03,3.640336e+03,3.707522e+03,3.508059e+03,3.495268e+03
36.5400,3.904126e+03,3.663516e+03,3.672902e+03,3.740755e+03,3.539309e+03,3.526391e+03
36.5600,3.939741e+03,3.696719e+03,3.706199e+03,3.774733e+03,3.571264e+03,3.558216e+03
36.5800,3.976155e+03,3.730671e+03,3.740247e+03,3.809476e+03,3.603941e+03,3.590760e+03
36.6000,4.013390e+03,3.765391e+03,3.775065e+03,3.845005e+03,3.637360e+03,3.624044e+03
36.6200,4.051467e+03,3.800901e+03,3.810675e+03,3.881339e+03,3.671540e+03,3.658086e+03
36.6400,4.090408e+03,3.837220e+03,3.847097e+03,3.918502e+03,3.706502e+03,3.692907e+03
36.6600,4.130239e+03,3.874373e+03,3.884354e+03,3.956515e+03,3.742268e+03,3.728528e+03
36.6800,4.170983e+03,3.912380e+03,3.922469e+03,3.995402e+03,3.778859e+03,3.764972e+03
36.7000,4.212665e+03,3.951267e+03,3.961465e+03,4.035188e+03,3.816298e+03,3.802260e+03
36.7200,4.255312e+03,3.991057e+03,4.001367e+03,4.075897e+03,3.854610e+03,3.840418e+03
36.7400,4.298951e+03,4.031777e+03,4.042201e+03,4.117555e+03,3.893818e+03,3.879469e+03
36.7600,4.343610e+03,4.073453e+03,4.083994e+03,4.160190e+03,3.933949e+03,3.919439e+03
36.7800,4.389320e+03,4.116113e+03,4.126772e+03,4.203830e+03,3.975029e+03,3.960355e+03
36.8000,4.436110e+03,4.159784e+03,4.170565e+03,4.248504e+03,4.017085e+03,4.002243e+03
36.8200,4.484012e+03,4.204497e+03,4.215403e+03,4.294243e+03,4.060147e+03,4.045132e+03
36.8400,4.533059e+03,4.250283e+03,4.261317e+03,4.341077e+03,4.104244e+03,4.089053e+03
36.8600,4.583286e+03,4.297174e+03,4.308338e+03,4.389041e+03,4.149406e+03,4.134036e+03
36.8800,4.634728e+03,4.345202e+03,4.356500e+03,4.438167e+03,4.195667e+03,4.180113e+03
36.9000,4.687422e+03,4.394404e+03,4.405838e+03,4.488492e+03,4.243060e+03,4.227317e+03
36.9200,4.741407e+03,4.444815e+03,4.456389e+03,4.540052e+03,4.291619e+03,4.275684e+03
36.9400,4.796723e+03,4.496472e+03,4.508189e+03,4.592886e+03,4.341381e+03,4.325248e+03
36.9600,4.853412e+03,4.549415e+03,4.561279e+03,4.647033e+03,4.392384e+03,4.376049e+03
36.9800,4.911517e+03,4.603685e+03,4.615698e+03,4.702536e+03,4.444666e+03,4.428125e+03
37.0000,4.971084e+03,4.659323e+03,4.671490e+03,4.759438e+03,4.498270e+03,4.481516e+03
37.0200,5.032160e+03,4.716375e+03,4.728699e+03,4.817784e+03,4.553236e+03,4.536266e+03
37.0400,5.094794e+03,4.774886e+03,4.787372e+03,4.877621e+03,4.609611e+03,4.592418e+03
37.0600,5.159037e+03,4.834905e+03,4.847555e+03,4.938998e+03,4.667441e+03,4.650020e+03
37.0800,5.224944e+03,4.896481e+03,4.909301e+03,5.001967e+03,4.726773e+03,4.709118e+03
37.1000,5.292569e+03,4.959667e+03,4.972660e+03,5.066581e+03,4.787658e+03,4.769764e+03
37.1200,5.361972e+03,5.024517e+03,5.037689e+03,5.132896e+03,4.850150e+03,4.832010e+03
37.1400,5.433214e+03,5.091090e+03,5.104444e+03,5.200970e+03,4.914303e+03,4.895911e+03
37.1600,5.506358e+03,5.159444e+03,5.172985e+03,5.270864e+03,4.980175e+03,4.961525e+03
37.1800,5.581470e+03,5.229642e+03,5.243375e+03,5.342643e+03,5.047826e+03,5.028910e+03
37.2000,5.658621e+03,5.301748e+03,5.315679e+03,5.416372e+03,5.117318e+03,5.098130e+03
37.2200,5.737883e+03,5.375832e+03,5.389966e+03,5.492121e+03,5.188718e+03,5.169251e+03
37.2400,5.819333e+03,5.451965e+03,5.466307e+03,5.569964e+03,5.262095e+03,5.242341e+03
37.2600,5.903050e+03,5.530221e+03,5.544776e+03,5.649976e+03,5.337521e+03,5.317472e+03
37.2800,5.989118e+03,5.610679e+03,5.625453e+03,5.732239e+03,5.415071e+03,5.394719e+03
37.3000,6.077624e+03,5.693420e+03,5.708421e+03,5.816835e+03,5.494824e+03,5.474161e+03
37.3200,6.168661e+03,5.778532e+03,5.793764e+03,5.903852e+03,5.576864e+03,5.555881e+03
37.3400,6.262325e+03,5.866104e+03,5.881574e+03,5.993384e+03,5.661277e+03,5.639966e+03
37.3600,6.358717e+03,5.956230e+03,5.971945e+03,6.085525e+03,5.748156e+03,5.726506e+03
37.3800,6.457944e+03,6.049011e+03,6.064978e+03,6.180380e+03,5.837595e+03,5.815597e+03
37.4000,6.560116e+03,6.144550e+03,6.160777e+03,6.278053e+03,5.929696e+03,5.907340e+03
37.4200,6.665351e+03,6.242958e+03,6.259452e+03,6.378657e+03,6.024565e+03,6.001840e+03
37.4400,6.773773e+03,6.344351e+03,6.361119e+03,6.482310e+03,6.122312e+03,6.099208e+03
37.4600,6.885510e+03,6.448848e+03,6.465900e+03,6.589137e+03,6.223056e+03,6.199561e+03
37.4800,7.000700e+03,6.556579e+03,6.573923e+03,6.699268e+03,6.326920e+03,6.303022e+03
37.5000,7.119487e+03,6.667679e+03,6.685323e+03,6.812840e+03,6.434033e+03,6.409721e+03
37.5200,7.242022e+03,6.782288e+03,6.800243e+03,6.929999e+03,6.544533e+03,6.519792e+03
37.5400,7.368464e+03,6.900557e+03,6.918831e+03,7.050897e+03,6.658564e+03,6.633382e+03
37.5600,7.498983e+03,7.022644e+03,7.041248e+03,7.175697e+03,6.776279e+03,6.750641e+03
37.5800,7.633757e+03,7.148715e+03,7.167660e+03,7.304568e+03,6.897837e+03,6.871730e+03
37.6000,7.772973e+03,7.278947e+03,7.298243e+03,7.437690e+03,7.023410e+03,6.996817e+03
37.6200,7.916831e+03,7.413526e+03,7.433185e+03,7.575254e+03,7.153177e+03,7.126083e+03
37.6400,8.065540e+03,7.552648e+03,7.572683e+03,7.717461e+03,7.287328e+03,7.259716e+03
37.6600,8.219324e+03,7.696523e+03,7.716945e+03,7.864523e+03,7.426064e+03,7.397917e+03
37.6800,8.378418e+03,7.845371e+03,7.866194e+03,8.016668e+03,7.569598e+03,7.540898e+03
37.7000,8.543072e+03,7.999426e+03,8.020664e+03,8.174133e+03,7.718157e+03,7.688883e+03
37.7200,8.713551e+03,8.158936e+03,8.180603e+03,8.337172e+03,7.871978e+03,7.842113e+03
37.7400,8.890136e+03,8.324166e+03,8.346277e+03,8.506055e+03,8.031318e+03,8.000839e+03
37.7600,9.073127e+03,8.495394e+03,8.517965e+03,8.681068e+03,8.196445e+03,8.165331e+03
37.7800,9.262840e+03,8.672918e+03,8.695967e+03,8.862514e+03,8.367648e+03,8.335874e+03
37.8000,9.459614e+03,8.857055e+03,8.880598e+03,9.050717e+03,8.545230e+03,8.512774e+03
37.8200,9.663809e+03,9.048142e+03,9.072198e+03,9.246021e+03,8.729518e+03,8.696354e+03
37.8400,9.875808e+03,9.246538e+03,9.271126e+03,9.448794e+03,8.920858e+03,8.886959e+03
37.8600,1.009602e+04,9.452626e+03,9.477767e+03,9.659426e+03,9.119620e+03,9.084958e+03
37.8800,1.032488e+04,9.666815e+03,9.692530e+03,9.878336e+03,9.326198e+03,9.290743e+03
37.9000,1.056286e+04,9.889541e+03,9.915853e+03,1.010597e+04,9.541013e+03,9.504734e+03
37.9200,1.081045e+04,1.012127e+04,1.014820e+04,1.034280e+04,9.764516e+03,9.727380e+03
37.9400,1.106819e+04,1.036251e+04,1.039009e+04,1.058935e+04,9.997190e+03,9.959162e+03
37.9600,1.133665e+04,1.061378e+04,1.064203e+04,1.084615e+04,1.023955e+04,1.020059e+04
37.9800,1.161644e+04,1.087567e+04,1.090462e+04,1.111380e+04,1.049215e+04,1.045223e+04
38.0000,1.190822e+04,1.114879e+04,1.117848e+04,1.139293e+04,1.075559e+04,1.071466e+04
38.0200,1.221271e+04,1.143381e+04,1.146425e+04,1.168421e+04,1.103051e+04,1.098852e+04
38.0400,1.253065e+04,1.173143e+04,1.176267e+04,1.198837e+04,1.131759e+04,1.127451e+04
38.0600,1.286287e+04,1.204243e+04,1.207450e+04,1.230620e+04,1.161757e+04,1.157334e+04
38.0800,1.321026e+04,1.236763e+04,1.240057e+04,1.263854e+04,1.193126e+04,1.188583e+04
38.1000,1.357376e+04,1.270792e+04,1.274177e+04,1.298630e+04,1.225952e+04,1.221283e+04
38.1200,1.395442e+04,1.306428e+04,1.309908e+04,1.335048e+04,1.260327e+04,1.255527e+04
38.1400,1.435334e+04,1.343775e+04,1.347354e+04,1.373213e+04,1.296353e+04,1.291416e+04
38.1600,1.477173e+04,1.382946e+04,1.386629e+04,1.413243e+04,1.334139e+04,1.329057e+04
38.1800,1.521091e+04,1.424063e+04,1.427857e+04,1.455262e+04,1.373804e+04,1.368571e+04
38.2000,1.567231e+04,1.467262e+04,1.471170e+04,1.499407e+04,1.415476e+04,1.410084e+04
38.2200,1.615747e+04,1.512686e+04,1.516715e+04,1.545826e+04,1.459296e+04,1.453737e+04
38.2400,1.666808e+04,1.560494e+04,1.564651e+04,1.594681e+04,1.505416e+04,1.499681e+04
38.2600,1.720599e+04,1.610860e+04,1.615150e+04,1.646149e+04,1.554004e+04,1.548084e+04
38.2800,1.777323e+04,1.663971e+04,1.668403e+04,1.700422e+04,1.605241e+04,1.599126e+04
38.3000,1.837198e+04,1.720035e+04,1.724617e+04,1.757713e+04,1.659328e+04,1.653006e+04
38.3200,1.900468e+04,1.779279e+04,1.784018e+04,1.818253e+04,1.716482e+04,1.709943e+04
38.3400,1.967399e+04,1.841952e+04,1.846858e+04,1.882296e+04,1.776945e+04,1.770176e+04
38.3600,2.038284e+04,1.908328e+04,1.913410e+04,1.950123e+04,1.840982e+04,1.833969e+04
38.3800,2.113445e+04,1.978710e+04,1.983979e+04,2.022043e+04,1.908884e+04,1.901612e+04
38.4000,2.193239e+04,2.053432e+04,2.058900e+04,2.098397e+04,1.980973e+04,1.973427e+04
38.4200,2.278062e+04,2.132864e+04,2.138543e+04,2.179564e+04,2.057607e+04,2.049770e+04
38.4400,2.368352e+04,2.217417e+04,2.223320e+04,2.265963e+04,2.139183e+04,2.131036e+04
38.4600,2.464596e+04,2.307547e+04,2.313690e+04,2.358061e+04,2.226140e+04,2.217662e+04
38.4800,2.567338e+04,2.403764e+04,2.410162e+04,2.456378e+04,2.318970e+04,2.310140e+04
38.5000,2.677185e+04,2.506636e+04,2.513307e+04,2.561495e+04,2.418222e+04,2.409015e+04
38.5200,2.794818e+04,2.616800e+04,2.623764e+04,2.674062e+04,2.524511e+04,2.514899e+04
38.5400,2.920999e+04,2.734972e+04,2.742249e+04,2.794812e+04,2.638527e+04,2.628482e+04
38.5600,3.056589e+04,2.861958e+04,2.869572e+04,2.924567e+04,2.761047e+04,2.750537e+04
38.5800,3.202561e+04,2.998669e+04,3.006645e+04,3.064258e+04,2.892951e+04,2.881940e+04
38.6000,3.360014e+04,3.146134e+04,3.154502e+04,3.214938e+04,3.035233e+04,3.023682e+04
38.6200,3.530201e+04,3.305527e+04,3.314317e+04,3.377805e+04,3.189024e+04,3.176889e+04
38.6400,3.714548e+04,3.478185e+04,3.487432e+04,3.554225e+04,3.355614e+04,3.342848e+04
38.6600,3.914688e+04,3.665636e+04,3.675381e+04,3.745760e+04,3.536480e+04,3.523027e+04
38.6800,4.132498e+04,3.869640e+04,3.879925e+04,3.954207e+04,3.733317e+04,3.719118e+04
38.7000,4.370141e+04,4.092221e+04,4.103096e+04,4.181636e+04,3.948082e+04,3.933068e+04
38.7200,4.630123e+04,4.335729e+04,4.347248e+04,4.430446e+04,4.183038e+04,4.167133e+04
38.7400,4.915359e+04,4.602892e+04,4.615119e+04,4.703426e+04,4.440821e+04,4.423939e+04
38.7600,5.229255e+04,4.896903e+04,4.909908e+04,5.003836e+04,4.724510e+04,4.706552e+04
38.7800,5.575811e+04,5.221507e+04,5.235372e+04,5.335506e+04,5.037721e+04,5.018576e+04
38.8000,5.959751e+04,5.581131e+04,5.595948e+04,5.702956e+04,5.384723e+04,5.364263e+04
38.8200,6.386684e+04,5.981029e+04,5.996904e+04,6.111555e+04,5.770588e+04,5.748666e+04
38.8400,6.863310e+04,6.427477e+04,6.444533e+04,6.567716e+04,6.201372e+04,6.177817e+04
38.8600,7.397687e+04,6.928023e+04,6.946403e+04,7.079150e+04,6.684356e+04,6.658972e+04
38.8800,7.999568e+04,7.491803e+04,7.511675e+04,7.655193e+04,7.228359e+04,7.200915e+04
38.9000,8.680851e+04,8.129963e+04,8.151524e+04,8.307233e+04,7.844136e+04,7.814359e+04
38.9200,9.456168e+04,8.856211e+04,8.879692e+04,9.049273e+04,8.544913e+04,8.512482e+04
38.9400,1.034367e+05,9.687546e+04,9.713227e+04,9.898686e+04,9.347094e+04,9.311626e+04
38.9600,1.136608e+05,1.064526e+05,1.067348e+05,1.087722e+05,1.027123e+05,1.023226e+05
38.9800,1.255216e+05,1.175630e+05,1.178745e+05,1.201241e+05,1.134331e+05,1.130028e+05
39.0000,1.393872e+05,1.305512e+05,1.308971e+05,1.333948e+05,1.259660e+05,1.254882e+05
39.0200,1.557341e+05,1.458640e+05,1.462503e+05,1.490404e+05,1.407419e+05,1.402082e+05
39.0400,1.751885e+05,1.640877e+05,1.645222e+05,1.676601e+05,1.583267e+05,1.577265e+05
39.0600,1.985849e+05,1.860041e+05,1.864966e+05,1.900529e+05,1.794749e+05,1.787946e+05
39.0800,2.270545e+05,2.126729e+05,2.132359e+05,2.173014e+05,2.052090e+05,2.044313e+05
39.1000,2.621595e+05,2.455575e+05,2.462074e+05,2.509006e+05,2.369410e+05,2.360432e+05
39.1200,3.061038e+05,2.867224e+05,2.874811e+05,2.929600e+05,2.766630e+05,2.756149e+05
39.1400,3.620873e+05,3.391652e+05,3.400625e+05,3.465425e+05,3.272679e+05,3.260283e+05
39.1600,4.350254e+05,4.074905e+05,4.085684e+05,4.163524e+05,3.931986e+05,3.917095e+05
39.1800,5.335770e+05,4.998095e+05,5.011314e+05,5.106775e+05,4.822823e+05,4.804561e+05
39.2000,6.771555e+05,6.343081e+05,6.359855e+05,6.480985e+05,6.120675e+05,6.097502e+05
39.2200,9.181932e+05,8.601029e+05,8.623771e+05,8.787994e+05,8.299498e+05,8.268080e+05
39.2400,1.394833e+06,1.306601e+06,1.310055e+06,1.334999e+06,1.260802e+06,1.256030e+06
39.2600,2.403685e+06,2.251657e+06,2.257609e+06,2.300588e+06,2.172741e+06,2.164518e+06
39.2800,4.394882e+06,4.116939e+06,4.127820e+06,4.206397e+06,3.972659e+06,3.957626e+06
39.3000,7.720778e+06,7.232517e+06,7.251633e+06,7.389669e+06,6.979062e+06,6.952653e+06
39.3200,1.210698e+07,1.134136e+07,1.137133e+07,1.158778e+07,1.094392e+07,1.090251e+07
39.3400,1.604405e+07,1.502946e+07,1.506918e+07,1.535602e+07,1.450279e+07,1.444791e+07
39.3600,1.689255e+07,1.582430e+07,1.586612e+07,1.616813e+07,1.526977e+07,1.521199e+07
39.3800,1.388771e+07,1.300948e+07,1.304386e+07,1.329215e+07,1.255359e+07,1.250608e+07
39.4000,9.414568e+06,8.819196e+06,8.842505e+06,9.010822e+06,8.510139e+06,8.477936e+06
39.4200,5.571568e+06,5.219210e+06,5.233005e+06,5.332620e+06,5.036303e+06,5.017245e+06
39.4400,3.063123e+06,2.869389e+06,2.876973e+06,2.931744e+06,2.768823e+06,2.758344e+06
39.4600,1.715971e+06,1.607424e+06,1.611674e+06,1.642361e+06,1.551079e+06,1.545208e+06
39.4800,1.071168e+06,1.003395e+06,1.006048e+06,1.025208e+06,9.682153e+05,9.645498e+05
39.5000,7.593300e+05,7.112752e+05,7.131565e+05,7.267416e+05,6.863319e+05,6.837329e+05
39.5200,5.862241e+05,5.491149e+05,5.505677e+05,5.610584e+05,5.298535e+05,5.278466e+05
39.5400,4.731817e+05,4.432200e+05,4.443929e+05,4.528629e+05,4.276687e+05,4.260484e+05
39.5600,3.915495e+05,3.667488e+05,3.677197e+05,3.747306e+05,3.538767e+05,3.525356e+05
39.5800,3.297063e+05,3.088153e+05,3.096331e+05,3.155387e+05,2.979728e+05,2.968431e+05
39.6000,2.816179e+05,2.637668e+05,2.644656e+05,2.695118e+05,2.545023e+05,2.535371e+05
39.6200,2.435166e+05,2.280737e+05,2.286782e+05,2.330436e+05,2.200594e+05,2.192245e+05
39.6400,2.128519e+05,1.993470e+05,1.998756e+05,2.036931e+05,1.923387e+05,1.916086e+05
39.6600,1.878344e+05,1.759103e+05,1.763771e+05,1.797476e+05,1.697227e+05,1.690781e+05
39.6800,1.671791e+05,1.565600e+05,1.569757e+05,1.599773e+05,1.510499e+05,1.504758e+05
39.7000,1.499451e+05,1.404145e+05,1.407875e+05,1.434814e+05,1.354694e+05,1.349543e+05
39.7200,1.354310e+05,1.268169e+05,1.271540e+05,1.295888e+05,1.223476e+05,1.218821e+05
39.7400,1.231062e+05,1.152701e+05,1.155768e+05,1.177916e+05,1.112048e+05,1.107813e+05
39.7600,1.125634e+05,1.053926e+05,1.056732e+05,1.076999e+05,1.016726e+05,1.012851e+05
39.7800,1.034860e+05,9.688777e+04,9.714597e+04,9.901080e+04,9.346504e+04,9.310850e+04
39.8000,9.562509e+04,8.952240e+04,8.976121e+04,9.148593e+04,8.635697e+04,8.602724e+04
39.8200,8.878280e+04,8.311120e+04,8.333312e+04,8.493596e+04,8.016958e+04,7.986318e+04
39.8400,8.280045e+04,7.750548e+04,7.771266e+04,7.920900e+04,7.475943e+04,7.447340e+04
39.8600,7.754961e+04,7.258494e+04,7.277919e+04,7.418214e+04,7.001040e+04,6.974225e+04
39.8800,7.292553e+04,6.825145e+04,6.843432e+04,6.975511e+04,6.582782e+04,6.557539e+04
39.9000,6.884214e+04,6.442439e+04,6.459722e+04,6.584553e+04,6.213387e+04,6.189531e+04
39.9200,6.522829e+04,6.103709e+04,6.120104e+04,6.238529e+04,5.886422e+04,5.863793e+04
39.9400,6.202479e+04,5.803409e+04,5.819019e+04,5.931774e+04,5.596537e+04,5.574993e+04
39.9600,5.918215e+04,5.536903e+04,5.551818e+04,5.659551e+04,5.339257e+04,5.318674e+04
39.9800,5.665881e+04,5.300298e+04,5.314597e+04,5.417882e+04,5.110823e+04,5.091093e+04
40.0000,5.441972e+04,5.090311e+04,5.104064e+04,5.203412e+04,4.908069e+04,4.889092e+04
40.0200,5.243528e+04,4.904165e+04,4.917436e+04,5.013305e+04,4.728315e+04,4.710004e+04
40.0400,5.068035e+04,4.739507e+04,4.752354e+04,4.845158e+04,4.569289e+04,4.551566e+04
40.0600,4.913364e+04,4.594341e+04,4.606815e+04,4.696930e+04,4.429065e+04,4.411857e+04
40.0800,4.777707e+04,4.466971e+04,4.479120e+04,4.566891e+04,4.306005e+04,4.289247e+04
40.1000,4.659530e+04,4.355961e+04,4.367829e+04,4.453571e+04,4.198725e+04,4.182355e+04
40.1200,4.557540e+04,4.260096e+04,4.271724e+04,4.355733e+04,4.106050e+04,4.090013e+04
40.1400,4.470648e+04,4.178358e+04,4.189784e+04,4.272333e+04,4.026997e+04,4.011240e+04
40.1600,4.397950e+04,4.109896e+04,4.121156e+04,4.202505e+04,3.960745e+04,3.945219e+04
40.1800,4.338702e+04,4.054013e+04,4.065140e+04,4.145535e+04,3.906620e+04,3.891277e+04
40.2000,4.292305e+04,4.010146e+04,4.021173e+04,4.100851e+04,3.864078e+04,3.848874e+04
40.2200,4.258297e+04,3.977859e+04,3.988819e+04,4.068007e+04,3.832698e+04,3.817589e+04
40.2400,4.236337e+04,3.956832e+04,3.967754e+04,4.046675e+04,3.812168e+04,3.797112e+04
40.2600,4.226200e+04,3.946851e+04,3.957767e+04,4.036641e+04,3.802283e+04,3.787237e+04
40.2800,4.227775e+04,3.947811e+04,3.958750e+04,4.037794e+04,3.802939e+04,3.787862e+04
40.3000,4.241060e+04,3.959706e+04,3.970699e+04,4.050132e+04,3.814128e+04,3.798979e+04
40.3200,4.266163e+04,3.982634e+04,3.993711e+04,4.073756e+04,3.835945e+04,3.820680e+04
40.3400,4.303304e+04,4.016797e+04,4.027990e+04,4.108872e+04,3.868582e+04,3.853158e+04
40.3600,4.352817e+04,4.062506e+04,4.073847e+04,4.155800e+04,3.912335e+04,3.896709e+04
40.3800,4.415160e+04,4.120184e+04,4.131706e+04,4.214973e+04,3.967613e+04,3.951737e+04
40.4000,4.490922e+04,4.190378e+04,4.202117e+04,4.286953e+04,4.034940e+04,4.018766e+04
40.4200,4.580835e+04,4.273768e+04,4.285762e+04,4.372436e+04,4.114969e+04,4.098447e+04
40.4400,4.685791e+04,4.371184e+04,4.383472e+04,4.472272e+04,4.208498e+04,4.191572e+04
40.4600,4.806860e+04,4.483620e+04,4.496244e+04,4.587478e+04,4.316482e+04,4.299093e+04
40.4800,4.945312e+04,4.612259e+04,4.625266e+04,4.719267e+04,4.440057e+04,4.422142e+04
40.5000,5.102651e+04,4.758499e+04,4.771939e+04,4.869070e+04,4.580570e+04,4.562059e+04
40.5200,5.280648e+04,4.923988e+04,4.937915e+04,5.038575e+04,4.739603e+04,4.720421e+04
40.5400,5.481384e+04,5.110664e+04,5.125140e+04,5.229765e+04,4.919021e+04,4.899084e+04
40.5600,5.707310e+04,5.320807e+04,5.335899e+04,5.444976e+04,5.121016e+04,5.100232e+04
40.5800,5.961309e+04,5.557103e+04,5.572885e+04,5.686956e+04,5.348170e+04,5.326436e+04
40.6000,6.246786e+04,5.822719e+04,5.839277e+04,5.958951e+04,5.603531e+04,5.580730e+04
40.6200,6.567767e+04,6.121406e+04,6.138834e+04,6.264797e+04,5.890704e+04,5.866706e+04
40.6400,6.929036e+04,6.457617e+04,6.476022e+04,6.609055e+04,6.213972e+04,6.188629e+04
40.6600,7.336297e+04,6.836663e+04,6.856170e+04,6.997163e+04,6.578445e+04,6.551586e+04
40.6800,7.796390e+04,7.264912e+04,7.285662e+04,7.435639e+04,6.990246e+04,6.961676e+04
40.7000,8.317559e+04,7.750042e+04,7.772198e+04,7.932343e+04,7.456759e+04,7.426253e+04
40.7200,8.909804e+04,8.301362e+04,8.325116e+04,8.496808e+04,7.986939e+04,7.954234e+04
40.7400,9.585340e+04,8.930248e+04,8.955822e+04,9.140676e+04,8.591724e+04,8.556513e+04
40.7600,1.035920e+05,9.650695e+04,9.678355e+04,9.878279e+04,9.284579e+04,9.246498e+04
40.7800,1.125004e+05,1.048008e+05,1.051014e+05,1.072740e+05,1.008221e+05,1.004083e+05
40.8000,1.228122e+05,1.144015e+05,1.147299e+05,1.171032e+05,1.100555e+05,1.096034e+05
40.8200,1.348232e+05,1.255845e+05,1.259451e+05,1.285520e+05,1.208106e+05,1.203141e+05
40.8400,1.489113e+05,1.387016e+05,1.391002e+05,1.419811e+05,1.334262e+05,1.328775e+05
40.8600,1.655661e+05,1.542090e+05,1.546523e+05,1.578570e+05,1.483406e+05,1.477302e+05
40.8800,1.854300e+05,1.727045e+05,1.732013e+05,1.767921e+05,1.661292e+05,1.654453e+05
40.9000,2.093585e+05,1.949850e+05,1.955461e+05,1.996019e+05,1.875582e+05,1.867857e+05
40.9200,2.385098e+05,2.221288e+05,2.227683e+05,2.273905e+05,2.136648e+05,2.127844e+05
40.9400,2.744810e+05,2.556232e+05,2.563593e+05,2.616804e+05,2.458794e+05,2.448659e+05
40.9600,3.195213e+05,2.975625e+05,2.984197e+05,3.046158e+05,2.862165e+05,2.850364e+05
40.9800,3.768879e+05,3.509798e+05,3.519912e+05,3.593016e+05,3.375932e+05,3.362009e+05
41.0000,4.515523e+05,4.205043e+05,4.217164e+05,4.304771e+05,4.044621e+05,4.027936e+05
41.0200,5.521420e+05,5.141699e+05,5.156522e+05,5.263667e+05,4.945501e+05,4.925095e+05
41.0400,6.976194e+05,6.496338e+05,6.515070e+05,6.650470e+05,6.248401e+05,6.222613e+05
41.0600,9.388148e+05,8.742278e+05,8.767490e+05,8.949734e+05,8.408562e+05,8.373853e+05
41.0800,1.410909e+06,1.313829e+06,1.317619e+06,1.345012e+06,1.263668e+06,1.258451e+06
41.1000,2.410294e+06,2.244429e+06,2.250904e+06,2.297706e+06,2.158728e+06,2.149815e+06
41.1200,4.402014e+06,4.099066e+06,4.110892e+06,4.196374e+06,3.942535e+06,3.926255e+06
41.1400,7.780911e+06,7.245407e+06,7.266311e+06,7.417413e+06,6.968715e+06,6.939937e+06
41.1600,1.233373e+07,1.148487e+07,1.151801e+07,1.175753e+07,1.104627e+07,1.100066e+07
41.1800,1.659577e+07,1.545357e+07,1.549816e+07,1.582045e+07,1.486341e+07,1.480202e+07
41.2000,1.782078e+07,1.659426e+07,1.664214e+07,1.698823e+07,1.596053e+07,1.589462e+07
41.2200,1.491323e+07,1.388683e+07,1.392690e+07,1.421651e+07,1.335650e+07,1.330134e+07
41.2400,1.023939e+07,9.534675e+06,9.562185e+06,9.761033e+06,9.170553e+06,9.132682e+06
41.2600,6.111734e+06,5.691108e+06,5.707528e+06,5.826216e+06,5.473774e+06,5.451170e+06
41.2800,3.368709e+06,3.136874e+06,3.145924e+06,3.211341e+06,3.017087e+06,3.004628e+06
41.3000,1.876520e+06,1.747385e+06,1.752426e+06,1.788864e+06,1.680663e+06,1.673723e+06
41.3200,1.158543e+06,1.078823e+06,1.081935e+06,1.104430e+06,1.037633e+06,1.033349e+06
41.3400,8.132833e+05,7.573262e+05,7.595106e+05,7.752998e+05,7.284140e+05,7.254069e+05
41.3600,6.240539e+05,5.811202e+05,5.827961e+05,5.949106e+05,5.589370e+05,5.566298e+05
41.3800,5.017258e+05,4.672109e+05,4.685582e+05,4.782971e+05,4.493776e+05,4.475228e+05
41.4000,4.137980e+05,3.853342e+05,3.864453e+05,3.944768e+05,3.706276e+05,3.690980e+05
41.4200,3.472963e+05,3.234090e+05,3.243415e+05,3.310816e+05,3.110671e+05,3.097835e+05
41.4400,2.956108e+05,2.752803e+05,2.760740e+05,2.818105e+05,2.647762e+05,2.636837e+05
41.4600,2.546551e+05,2.371429e+05,2.378265e+05,2.427678e+05,2.280949e+05,2.271539e+05
41.4800,2.216738e+05,2.064311e+05,2.070261e+05,2.113270e+05,1.985558e+05,1.977367e+05
41.5000,1.947379e+05,1.813486e+05,1.818712e+05,1.856491e+05,1.744309e+05,1.737115e+05
41.5200,1.724641e+05,1.606074e+05,1.610702e+05,1.644156e+05,1.544816e+05,1.538444e+05
41.5400,1.538408e+05,1.432653e+05,1.436781e+05,1.466620e+05,1.378016e+05,1.372333e+05
41.5600,1.381148e+05,1.286212e+05,1.289918e+05,1.316705e+05,1.237165e+05,1.232064e+05
41.5800,1.247168e+05,1.161449e+05,1.164795e+05,1.188981e+05,1.117165e+05,1.112559e+05
41.6000,1.132101e+05,1.054297e+05,1.057334e+05,1.079287e+05,1.014102e+05,1.009922e+05
41.6200,1.032553e+05,9.615968e+04,9.643664e+04,9.843867e+04,9.249399e+04,9.211275e+04
41.6400,9.458572e+04,8.808635e+04,8.834003e+04,9.017380e+04,8.472875e+04,8.437956e+04
41.6600,8.698929e+04,8.101234e+04,8.124563e+04,8.293198e+04,7.792468e+04,7.760357e+04
41.6800,8.029591e+04,7.477923e+04,7.499455e+04,7.655103e+04,7.192941e+04,7.163303e+04
41.7000,7.436779e+04,6.925872e+04,6.945813e+04,7.089959e+04,6.661952e+04,6.634504e+04
41.7200,6.909241e+04,6.434602e+04,6.453127e+04,6.587039e+04,6.189423e+04,6.163925e+04
41.7400,6.437715e+04,5.995491e+04,6.012750e+04,6.137516e+04,5.767061e+04,5.743305e+04
41.7600,6.014523e+04,5.601388e+04,5.617512e+04,5.734069e+04,5.387989e+04,5.365797e+04
41.7800,5.633260e+04,5.246328e+04,5.261429e+04,5.370592e+04,5.046470e+04,5.025685e+04
41.8000,5.288544e+04,4.925301e+04,4.939477e+04,5.041956e+04,4.737684e+04,4.718173e+04
41.8200,4.975832e+04,4.634075e+04,4.647413e+04,4.743829e+04,4.457561e+04,4.439205e+04
41.8400,4.691264e+04,4.369057e+04,4.381631e+04,4.472530e+04,4.202645e+04,4.185340e+04
41.8600,4.431544e+04,4.127178e+04,4.139056e+04,4.224921e+04,3.969985e+04,3.953638e+04
41.8800,4.193847e+04,3.905806e+04,3.917047e+04,3.998305e+04,3.757050e+04,3.741580e+04
41.9000,3.975738e+04,3.702675e+04,3.713331e+04,3.790362e+04,3.561658e+04,3.546994e+04
41.9200,3.775110e+04,3.515821e+04,3.525939e+04,3.599084e+04,3.381923e+04,3.367999e+04
41.9400,3.590130e+04,3.343540e+04,3.353162e+04,3.422724e+04,3.216204e+04,3.202963e+04
41.9600,3.419203e+04,3.184344e+04,3.193509e+04,3.259760e+04,3.063071e+04,3.050460e+04
41.9800,3.260930e+04,3.036933e+04,3.045673e+04,3.108859e+04,2.921272e+04,2.909245e+04
42.0000,3.114084e+04,2.900161e+04,2.908508e+04,2.968851e+04,2.789707e+04,2.778222e+04
42.0200,2.977581e+04,2.773022e+04,2.781004e+04,2.838704e+04,2.667408e+04,2.656426e+04
42.0400,2.850466e+04,2.654625e+04,2.662266e+04,2.717507e+04,2.553516e+04,2.543003e+04
42.0600,2.731890e+04,2.544180e+04,2.551503e+04,2.604449e+04,2.447272e+04,2.437196e+04
42.0800,2.621099e+04,2.440984e+04,2.448011e+04,2.498814e+04,2.348002e+04,2.338334e+04
42.1000,2.517421e+04,2.344411e+04,2.351161e+04,2.399958e+04,2.255102e+04,2.245816e+04
42.1200,2.420253e+04,2.253902e+04,2.260392e+04,2.307310e+04,2.168033e+04,2.159105e+04
42.1400,2.329059e+04,2.168955e+04,2.175201e+04,2.220356e+04,2.086315e+04,2.077723e+04
42.1600,2.243353e+04,2.089119e+04,2.095136e+04,2.138635e+04,2.009513e+04,2.001237e+04
42.1800,2.162701e+04,2.013989e+04,2.019790e+04,2.061731e+04,1.937237e+04,1.929258e+04
42.2000,2.086709e+04,1.943199e+04,1.948797e+04,1.989269e+04,1.869136e+04,1.861436e+04
42.2200,2.015022e+04,1.876418e+04,1.881824e+04,1.920912e+04,1.804891e+04,1.797455e+04
42.2400,1.947319e+04,1.813347e+04,1.818572e+04,1.856353e+04,1.744213e+04,1.737026e+04
42.2600,1.883307e+04,1.753713e+04,1.758767e+04,1.795312e+04,1.686842e+04,1.679891e+04
42.2800,1.822720e+04,1.697269e+04,1.702161e+04,1.737538e+04,1.632540e+04,1.625811e+04
42.3000,1.765317e+04,1.643789e+04,1.648529e+04,1.682798e+04,1.581089e+04,1.574571e+04
42.3200,1.710877e+04,1.593069e+04,1.597663e+04,1.630883e+04,1.532292e+04,1.525974e+04
42.3400,1.659198e+04,1.544920e+04,1.549377e+04,1.581599e+04,1.485968e+04,1.479839e+04
42.3600,1.610095e+04,1.499171e+04,1.503496e+04,1.534772e+04,1.441951e+04,1.436003e+04
42.3800,1.563399e+04,1.455662e+04,1.459863e+04,1.490240e+04,1.400091e+04,1.394314e+04
42.4000,1.518954e+04,1.414250e+04,1.418333e+04,1.447853e+04,1.360246e+04,1.354633e+04
42.4200,1.476617e+04,1.374801e+04,1.378771e+04,1.407477e+04,1.322291e+04,1.316833e+04
42.4400,1.436257e+04,1.337193e+04,1.341055e+04,1.368984e+04,1.286105e+04,1.280795e+04
42.4600,1.397751e+04,1.301312e+04,1.305072e+04,1.332260e+04,1.251581e+04,1.246412e+04
42.4800,1.360989e+04,1.267054e+04,1.270716e+04,1.297197e+04,1.218618e+04,1.213584e+04
42.5000,1.325865e+04,1.234322e+04,1.237891e+04,1.263697e+04,1.187123e+04,1.182218e+04
42.5200,1.292284e+04,1.203027e+04,1.206506e+04,1.231667e+04,1.157010e+04,1.152228e+04
42.5400,1.260157e+04,1.173086e+04,1.176480e+04,1.201024e+04,1.128200e+04,1.123535e+04
42.5600,1.229402e+04,1.144423e+04,1.147735e+04,1.171688e+04,1.100618e+04,1.096065e+04
42.5800,1.199941e+04,1.116965e+04,1.120199e+04,1.143587e+04,1.074195e+04,1.069751e+04
42.6000,1.171704e+04,1.090646e+04,1.093805e+04,1.116652e+04,1.048869e+04,1.044527e+04
42.6200,1.144623e+04,1.065405e+04,1.068492e+04,1.090820e+04,1.024579e+04,1.020336e+04
42.6400,1.118638e+04,1.041184e+04,1.044202e+04,1.066032e+04,1.001270e+04,9.971223e+03
42.6600,1.093691e+04,1.017929e+04,1.020881e+04,1.042233e+04,9.788902e+03,9.748338e+03
42.6800,1.069727e+04,9.955900e+03,9.984788e+03,1.019372e+04,9.573917e+03,9.534227e+03
42.7000,1.046697e+04,9.741204e+03,9.769482e+03,9.974009e+03,9.367293e+03,9.328443e+03
42.7200,1.024553e+04,9.534762e+03,9.562454e+03,9.762747e+03,9.168608e+03,9.130565e+03
42.7400,1.003252e+04,9.336164e+03,9.363293e+03,9.559516e+03,8.977467e+03,8.940200e+03
42.7600,9.827511e+03,9.145025e+03,9.171612e+03,9.363920e+03,8.793501e+03,8.756980e+03
42.7800,9.630129e+03,8.960984e+03,8.987050e+03,9.175592e+03,8.616363e+03,8.580560e+03
42.8000,9.440006e+03,8.783705e+03,8.809269e+03,8.994185e+03,8.445727e+03,8.410616e+03
42.8200,9.256803e+03,8.612868e+03,8.637949e+03,8.819374e+03,8.281288e+03,8.246843e+03
42.8400,9.080198e+03,8.448175e+03,8.472791e+03,8.650853e+03,8.122760e+03,8.088956e+03
42.8600,8.909890e+03,8.289347e+03,8.313514e+03,8.488335e+03,7.969870e+03,7.936684e+03
42.8800,8.745595e+03,8.136117e+03,8.159852e+03,8.331548e+03,7.822366e+03,7.789776e+03
42.9000,8.587045e+03,7.988237e+03,8.011555e+03,8.180239e+03,7.680008e+03,7.647992e+03
42.9200,8.433990e+03,7.845473e+03,7.868389e+03,8.034167e+03,7.542570e+03,7.511108e+03
42.9400,8.286191e+03,7.707603e+03,7.730131e+03,7.893105e+03,7.409838e+03,7.378912e+03
42.9600,8.143423e+03,7.574418e+03,7.596572e+03,7.756840e+03,7.281614e+03,7.251203e+03
42.9800,8.005476e+03,7.445722e+03,7.467514e+03,7.625170e+03,7.157705e+03,7.127793e+03
43.0000,7.872149e+03,7.321327e+03,7.342770e+03,7.497904e+03,7.037934e+03,7.008503e+03
43.0200,7.743253e+03,7.201057e+03,7.222163e+03,7.374861e+03,6.922130e+03,6.893165e+03
43.0400,7.618609e+03,7.084747e+03,7.105527e+03,7.255871e+03,6.810134e+03,6.781617e+03
43.0600,7.498048e+03,6.972237e+03,6.992703e+03,7.140773e+03,6.701793e+03,6.673711e+03
43.0800,7.381409e+03,6.863380e+03,6.883541e+03,7.029414e+03,6.596965e+03,6.569301e+03
43.1000,7.268541e+03,6.758032e+03,6.777899e+03,6.921649e+03,6.495512e+03,6.468254e+03
43.1200,7.159300e+03,6.656061e+03,6.675644e+03,6.817340e+03,6.397306e+03,6.370440e+03
43.1400,7.053549e+03,6.557339e+03,6.576647e+03,6.716357e+03,6.302224e+03,6.275737e+03
43.1600,6.951159e+03,6.461745e+03,6.480787e+03,6.618578e+03,6.210151e+03,6.184030e+03
43.1800,6.852006e+03,6.369165e+03,6.387950e+03,6.523884e+03,6.120976e+03,6.095210e+03
43.2000,6.755975e+03,6.279490e+03,6.298027e+03,6.432165e+03,6.034594e+03,6.009171e+03
43.2200,6.662954e+03,6.192617e+03,6.210913e+03,6.343315e+03,5.950907e+03,5.925816e+03
43.2400,6.572838e+03,6.108448e+03,6.126512e+03,6.257234e+03,5.869820e+03,5.845050e+03
43.2600,6.485528e+03,6.026890e+03,6.044729e+03,6.173825e+03,5.791243e+03,5.766784e+03
43.2800,6.400928e+03,5.947854e+03,5.965475e+03,6.093000e+03,5.715092e+03,5.690932e+03
43.3000,6.318948e+03,5.871256e+03,5.888667e+03,6.014670e+03,5.641284e+03,5.617415e+03
43.3200,6.239501e+03,5.797016e+03,5.814223e+03,5.938755e+03,5.569744e+03,5.546156e+03
43.3400,6.162507e+03,5.725058e+03,5.742067e+03,5.865177e+03,5.500396e+03,5.477081e+03
43.3600,6.087887e+03,5.655308e+03,5.672127e+03,5.793860e+03,5.433173e+03,5.410120e+03
43.3800,6.015568e+03,5.587699e+03,5.604334e+03,5.724735e+03,5.368007e+03,5.345209e+03
43.4000,5.945478e+03,5.522164e+03,5.538621e+03,5.657735e+03,5.304836e+03,5.282284e+03
43.4200,5.877551e+03,5.458641e+03,5.474925e+03,5.592795e+03,5.243598e+03,5.221284e+03
43.4400,5.811724e+03,5.397071e+03,5.413188e+03,5.529854e+03,5.184237e+03,5.162154e+03
43.4600,5.747935e+03,5.337396e+03,5.353353e+03,5.468855e+03,5.126699e+03,5.104838e+03
43.4800,5.686127e+03,5.279564e+03,5.295365e+03,5.409743e+03,5.070931e+03,5.049285e+03
43.5000,5.626244e+03,5.223522e+03,5.239173e+03,5.352465e+03,5.016884e+03,4.995446e+03
43.5200,5.568236e+03,5.169223e+03,5.184728e+03,5.296971e+03,4.964511e+03,4.943274e+03
43.5400,5.512051e+03,5.116619e+03,5.131984e+03,5.243214e+03,4.913768e+03,4.892725e+03
43.5600,5.457642e+03,5.065666e+03,5.080896e+03,5.191148e+03,4.864612e+03,4.843755e+03
43.5800,5.404965e+03,5.016323e+03,5.031422e+03,5.140732e+03,4.817002e+03,4.796327e+03
43.6000,5.353977e+03,4.968550e+03,4.983523e+03,5.091923e+03,4.770900e+03,4.750399e+03
43.6200,5.304638e+03,4.922308e+03,4.937160e+03,5.044683e+03,4.726271e+03,4.705938e+03
43.6400,5.256909e+03,4.877563e+03,4.892297e+03,4.998976e+03,4.683078e+03,4.662907e+03
43.6600,5.210753e+03,4.834279e+03,4.848901e+03,4.954767e+03,4.641290e+03,4.621275e+03
43.6800,5.166136e+03,4.792425e+03,4.806938e+03,4.912022e+03,4.600875e+03,4.581009e+03
43.7000,5.123025e+03,4.751970e+03,4.766379e+03,4.870711e+03,4.561803e+03,4.542082e+03
43.7200,5.081390e+03,4.712885e+03,4.727194e+03,4.830804e+03,4.524047e+03,4.504465e+03
43.7400,5.041201e+03,4.675143e+03,4.689356e+03,4.792272e+03,4.487581e+03,4.468133e+03
43.7600,5.002431e+03,4.638718e+03,4.652839e+03,4.755091e+03,4.452380e+03,4.433059e+03
43.7800,4.965054e+03,4.603586e+03,4.617618e+03,4.719234e+03,4.418420e+03,4.399221e+03
43.8000,4.929045e+03,4.569723e+03,4.583672e+03,4.684679e+03,4.385679e+03,4.366597e+03
43.8200,4.894383e+03,4.537110e+03,4.550978e+03,4.651404e+03,4.354137e+03,4.335167e+03
43.8400,4.861045e+03,4.505725e+03,4.519516e+03,4.619388e+03,4.323774e+03,4.304911e+03
43.8600,4.829011e+03,4.475551e+03,4.489269e+03,4.588613e+03,4.294573e+03,4.275812e+03
43.8800,4.798265e+03,4.446570e+03,4.460218e+03,4.559061e+03,4.266517e+03,4.247853e+03
43.9000,4.768788e+03,4.418765e+03,4.432347e+03,4.530716e+03,4.239590e+03,4.221018e+03
43.9200,4.740565e+03,4.392123e+03,4.405643e+03,4.503563e+03,4.213779e+03,4.195293e+03
43.9400,4.713583e+03,4.366631e+03,4.380091e+03,4.477588e+03,4.189069e+03,4.170666e+03
43.9600,4.687827e+03,4.342275e+03,4.355680e+03,4.452778e+03,4.165451e+03,4.147124e+03
43.9800,4.663287e+03,4.319045e+03,4.332399e+03,4.429124e+03,4.142912e+03,4.124658e+03
44.0000,4.639953e+03,4.296931e+03,4.310237e+03,4.406614e+03,4.121444e+03,4.103257e+03
44.0200,4.617816e+03,4.275926e+03,4.289187e+03,4.385241e+03,4.101038e+03,4.082915e+03
44.0400,4.596868e+03,4.256022e+03,4.269241e+03,4.364998e+03,4.081687e+03,4.063622e+03
44.0600,4.577103e+03,4.237212e+03,4.250393e+03,4.345877e+03,4.063386e+03,4.045375e+03
44.0800,4.558517e+03,4.219492e+03,4.232639e+03,4.327875e+03,4.046130e+03,4.028167e+03
44.1000,4.541106e+03,4.202860e+03,4.215975e+03,4.310988e+03,4.029915e+03,4.011997e+03
44.1200,4.524867e+03,4.187311e+03,4.200399e+03,4.295213e+03,4.014739e+03,3.996860e+03
44.1400,4.509801e+03,4.172846e+03,4.185909e+03,4.280550e+03,4.000601e+03,3.982756e+03
44.1600,4.495907e+03,4.159464e+03,4.172507e+03,4.267000e+03,3.987501e+03,3.969686e+03
44.1800,4.483189e+03,4.147168e+03,4.160194e+03,4.254563e+03,3.975440e+03,3.957650e+03
44.2000,4.471648e+03,4.135960e+03,4.148972e+03,4.243243e+03,3.964421e+03,3.946652e+03
44.2200,4.461290e+03,4.125844e+03,4.138846e+03,4.233045e+03,3.954448e+03,3.936694e+03
44.2400,4.452123e+03,4.116826e+03,4.129821e+03,4.223974e+03,3.945526e+03,3.927783e+03
44.2600,4.444152e+03,4.108914e+03,4.121905e+03,4.216038e+03,3.937661e+03,3.919924e+03
44.2800,4.437389e+03,4.102115e+03,4.115107e+03,4.209245e+03,3.930862e+03,3.913126e+03
44.3000,4.431845e+03,4.096439e+03,4.109435e+03,4.203606e+03,3.925138e+03,3.907398e+03
44.3200,4.427531e+03,4.091899e+03,4.104903e+03,4.199134e+03,3.920501e+03,3.902751e+03
44.3400,4.424464e+03,4.088507e+03,4.101523e+03,4.195841e+03,3.916961e+03,3.899197e+03
44.3600,4.422660e+03,4.086279e+03,4.099310e+03,4.193743e+03,3.914535e+03,3.896750e+03
44.3800,4.422136e+03,4.085230e+03,4.098281e+03,4.192857e+03,3.913236e+03,3.895427e+03
44.4000,4.422914e+03,4.085381e+03,4.098455e+03,4.193203e+03,3.913084e+03,3.895244e+03
44.4200,4.425016e+03,4.086750e+03,4.099852e+03,4.194802e+03,3.914097e+03,3.896220e+03
44.4400,4.428467e+03,4.089361e+03,4.102494e+03,4.197676e+03,3.916296e+03,3.898378e+03
44.4600,4.433294e+03,4.093238e+03,4.106407e+03,4.201852e+03,3.919705e+03,3.901739e+03
44.4800,4.439527e+03,4.098408e+03,4.111618e+03,4.207357e+03,3.924350e+03,3.906331e+03
44.5000,4.447197e+03,4.104900e+03,4.118155e+03,4.214220e+03,3.930258e+03,3.912179e+03
44.5200,4.456340e+03,4.112746e+03,4.126050e+03,4.222476e+03,3.937459e+03,3.919314e+03
44.5400,4.466993e+03,4.121980e+03,4.135338e+03,4.232159e+03,3.945986e+03,3.927768e+03
44.5600,4.479197e+03,4.132640e+03,4.146057e+03,4.243308e+03,3.955874e+03,3.937577e+03
44.5800,4.492997e+03,4.144765e+03,4.158247e+03,4.255963e+03,3.967162e+03,3.948779e+03
44.6000,4.508439e+03,4.158400e+03,4.171950e+03,4.270171e+03,3.979890e+03,3.961414e+03
44.6200,4.525575e+03,4.173590e+03,4.187215e+03,4.285978e+03,3.994104e+03,3.975527e+03
44.6400,4.544461e+03,4.190386e+03,4.204091e+03,4.303437e+03,4.009850e+03,3.991166e+03
44.6600,4.565155e+03,4.208843e+03,4.222634e+03,4.322604e+03,4.027181e+03,4.008381e+03
44.6800,4.587722e+03,4.229018e+03,4.242901e+03,4.343539e+03,4.046153e+03,4.027228e+03
44.7000,4.612230e+03,4.250975e+03,4.264957e+03,4.366307e+03,4.066824e+03,4.047767e+03
44.7200,4.638755e+03,4.274782e+03,4.288868e+03,4.390977e+03,4.089260e+03,4.070062e+03
44.7400,4.667375e+03,4.300511e+03,4.314708e+03,4.417625e+03,4.113530e+03,4.094181e+03
44.7600,4.698176e+03,4.328241e+03,4.342556e+03,4.446332e+03,4.139708e+03,4.120200e+03
44.7800,4.731252e+03,4.358055e+03,4.372496e+03,4.477184e+03,4.167875e+03,4.148197e+03
44.8000,4.766701e+03,4.390047e+03,4.404621e+03,4.510275e+03,4.198118e+03,4.178260e+03
44.8200,4.804630e+03,4.424312e+03,4.439027e+03,4.545707e+03,4.230530e+03,4.210480e+03
44.8400,4.845156e+03,4.460957e+03,4.475822e+03,4.583587e+03,4.265211e+03,4.244958e+03
44.8600,4.888403e+03,4.500096e+03,4.515119e+03,4.624034e+03,4.302270e+03,4.281803e+03
44.8800,4.934506e+03,4.541852e+03,4.557043e+03,4.667174e+03,4.341824e+03,4.321130e+03
44.9000,4.983610e+03,4.586358e+03,4.601726e+03,4.713144e+03,4.384000e+03,4.363065e+03
44.9200,5.035871e+03,4.633757e+03,4.649313e+03,4.762092e+03,4.428934e+03,4.407745e+03
44.9400,5.091461e+03,4.684205e+03,4.699959e+03,4.814178e+03,4.476774e+03,4.455316e+03
44.9600,5.150562e+03,4.737870e+03,4.753833e+03,4.869575e+03,4.527681e+03,4.505938e+03
44.9800,5.213375e+03,4.794933e+03,4.811119e+03,4.928471e+03,4.581827e+03,4.559783e+03
45.0000,5.280114e+03,4.855594e+03,4.872014e+03,4.991068e+03,4.639402e+03,4.617039e+03
45.0200,5.351016e+03,4.920065e+03,4.936734e+03,5.057590e+03,4.700610e+03,4.677910e+03
45.0400,5.426334e+03,4.988582e+03,5.005513e+03,5.128275e+03,4.765673e+03,4.742615e+03
45.0600,5.506348e+03,5.061398e+03,5.078607e+03,5.203385e+03,4.834832e+03,4.811398e+03
45.0800,5.591360e+03,5.138790e+03,5.156293e+03,5.283206e+03,4.908353e+03,4.884518e+03
45.1000,5.681700e+03,5.221060e+03,5.238875e+03,5.368050e+03,4.986523e+03,4.962264e+03
45.1200,5.777729e+03,5.308539e+03,5.326685e+03,5.458255e+03,5.069656e+03,5.044949e+03
45.1400,5.879844e+03,5.401588e+03,5.420084e+03,5.554196e+03,5.158098e+03,5.132914e+03
45.1600,5.988477e+03,5.500605e+03,5.519473e+03,5.656279e+03,5.252225e+03,5.226536e+03
45.1800,6.104105e+03,5.606024e+03,5.625286e+03,5.764954e+03,5.352454e+03,5.326228e+03
45.2000,6.227250e+03,5.718325e+03,5.738006e+03,5.880714e+03,5.459239e+03,5.432444e+03
45.2200,6.358491e+03,5.838035e+03,5.858162e+03,6.004103e+03,5.573085e+03,5.545683e+03
45.2400,6.498464e+03,5.965738e+03,5.986339e+03,6.135720e+03,5.694546e+03,5.666499e+03
45.2600,6.647873e+03,6.102078e+03,6.123184e+03,6.276229e+03,5.824236e+03,5.795501e+03
45.2800,6.807500e+03,6.247769e+03,6.269414e+03,6.426366e+03,5.962836e+03,5.933368e+03
45.3000,6.978212e+03,6.403605e+03,6.425826e+03,6.586949e+03,6.111102e+03,6.080852e+03
45.3200,7.160975e+03,6.570471e+03,6.593306e+03,6.758887e+03,6.269877e+03,6.238790e+03
45.3400,7.356867e+03,6.749351e+03,6.772844e+03,6.943196e+03,6.440099e+03,6.408117e+03
45.3600,7.567093e+03,6.941350e+03,6.965548e+03,7.141012e+03,6.622819e+03,6.589878e+03
45.3800,7.793006e+03,7.147705e+03,7.172659e+03,7.353607e+03,6.819217e+03,6.785246e+03
45.4000,8.036126e+03,7.369806e+03,7.395573e+03,7.582416e+03,7.030617e+03,6.995539e+03
45.4200,8.298167e+03,7.609223e+03,7.635866e+03,7.829054e+03,7.258514e+03,7.222245e+03
45.4400,8.581069e+03,7.867730e+03,7.895317e+03,8.095347e+03,7.504599e+03,7.467046e+03
45.4600,8.887033e+03,8.147342e+03,8.175948e+03,8.383369e+03,7.770791e+03,7.731849e+03
45.4800,9.218563e+03,8.450350e+03,8.480059e+03,8.695481e+03,8.059272e+03,8.018828e+03
45.5000,9.578520e+03,8.779371e+03,8.810277e+03,9.034377e+03,8.372538e+03,8.330464e+03
45.5200,9.970185e+03,9.137409e+03,9.169616e+03,9.403148e+03,8.713447e+03,8.669602e+03
45.5400,1.039733e+04,9.527917e+03,9.561542e+03,9.805352e+03,9.085291e+03,9.039516e+03
45.5600,1.086433e+04,9.954888e+03,9.990061e+03,1.024510e+04,9.491873e+03,9.443989e+03
45.5800,1.137623e+04,1.042295e+04,1.045982e+04,1.072716e+04,9.937606e+03,9.887412e+03
45.6000,1.193894e+04,1.093751e+04,1.097625e+04,1.125709e+04,1.042764e+04,1.037491e+04
45.6200,1.255937e+04,1.150490e+04,1.154568e+04,1.184141e+04,1.096799e+04,1.091246e+04
45.6400,1.324567e+04,1.213256e+04,1.217561e+04,1.248778e+04,1.156577e+04,1.150715e+04
45.6600,1.400747e+04,1.282931e+04,1.287488e+04,1.320531e+04,1.222938e+04,1.216733e+04
45.6800,1.485627e+04,1.360567e+04,1.365404e+04,1.400479e+04,1.296882e+04,1.290296e+04
45.7000,1.580581e+04,1.447422e+04,1.452573e+04,1.489920e+04,1.379610e+04,1.372597e+04
45.7200,1.687271e+04,1.545017e+04,1.550519e+04,1.590418e+04,1.472570e+04,1.465077e+04
45.7400,1.807715e+04,1.655197e+04,1.661097e+04,1.703876e+04,1.577520e+04,1.569486e+04
45.7600,1.944385e+04,1.780226e+04,1.786577e+04,1.832621e+04,1.696617e+04,1.687969e+04
45.7800,2.100334e+04,1.922898e+04,1.929762e+04,1.979532e+04,1.832522e+04,1.823174e+04
45.8000,2.279369e+04,2.086696e+04,2.094150e+04,2.148195e+04,1.988555e+04,1.978404e+04
45.8200,2.486284e+04,2.276007e+04,2.284143e+04,2.343127e+04,2.168893e+04,2.157814e+04
45.8400,2.727179e+04,2.496414e+04,2.505342e+04,2.570075e+04,2.378857e+04,2.366698e+04
45.8600,3.009910e+04,2.755106e+04,2.764965e+04,2.836442e+04,2.625297e+04,2.611869e+04
45.8800,3.344732e+04,3.061466e+04,3.072426e+04,3.151890e+04,2.917150e+04,2.902222e+04
45.9000,3.745214e+04,3.427913e+04,3.440191e+04,3.529204e+04,3.266249e+04,3.249526e+04
45.9200,4.229608e+04,3.871149e+04,3.885020e+04,3.985582e+04,3.688507e+04,3.669613e+04
45.9400,4.822899e+04,4.414038e+04,4.429860e+04,4.544564e+04,4.205705e+04,4.184154e+04
45.9600,5.559975e+04,5.088508e+04,5.106753e+04,5.239024e+04,4.848263e+04,4.823410e+04
45.9800,6.490758e+04,5.940243e+04,5.961548e+04,6.115998e+04,5.659704e+04,5.630683e+04
46.0000,7.689552e+04,7.037240e+04,7.062485e+04,7.245499e+04,6.704812e+04,6.670422e+04
46.0200,9.277623e+04,8.490472e+04,8.520936e+04,8.741785e+04,8.089310e+04,8.047810e+04
46.0400,1.149692e+05,1.052135e+05,1.055911e+05,1.083283e+05,1.002415e+05,9.972709e+04
46.0600,1.496118e+05,1.369152e+05,1.374067e+05,1.409690e+05,1.304441e+05,1.297746e+05
46.0800,2.135010e+05,1.953811e+05,1.960825e+05,2.011666e+05,1.861455e+05,1.851900e+05
46.1000,3.469179e+05,3.174734e+05,3.186131e+05,3.268749e+05,3.024650e+05,3.009123e+05
46.1200,6.228289e+05,5.699651e+05,5.720113e+05,5.868444e+05,5.430186e+05,5.402308e+05
46.1400,1.124397e+06,1.028960e+06,1.032654e+06,1.059433e+06,9.803124e+05,9.752793e+05
46.1600,1.867585e+06,1.709068e+06,1.715204e+06,1.759683e+06,1.628264e+06,1.619904e+06
46.1800,2.688878e+06,2.460651e+06,2.469485e+06,2.533524e+06,2.344312e+06,2.332276e+06
46.2000,3.163948e+06,2.895397e+06,2.905792e+06,2.981146e+06,2.758504e+06,2.744341e+06
46.2200,2.898715e+06,2.652675e+06,2.662199e+06,2.731236e+06,2.527257e+06,2.514282e+06
46.2400,2.128338e+06,1.947686e+06,1.954679e+06,2.005368e+06,1.855599e+06,1.846072e+06
46.2600,1.332116e+06,1.219046e+06,1.223422e+06,1.255149e+06,1.161409e+06,1.155446e+06
46.2800,7.514934e+05,6.877043e+05,6.901734e+05,7.080721e+05,6.551888e+05,6.518249e+05
46.3000,4.136046e+05,3.784943e+05,3.798532e+05,3.897048e+05,3.605978e+05,3.587464e+05
46.3200,2.453779e+05,2.245457e+05,2.253520e+05,2.311971e+05,2.139276e+05,2.128291e+05
46.3400,1.658836e+05,1.517981e+05,1.523432e+05,1.562953e+05,1.446191e+05,1.438765e+05
46.3600,1.249177e+05,1.143086e+05,1.147192e+05,1.176958e+05,1.089018e+05,1.083425e+05
46.3800,9.996895e+04,9.147672e+04,9.180537e+04,9.418794e+04,8.714907e+04,8.670139e+04
46.4000,8.263207e+04,7.561063e+04,7.588235e+04,7.785222e+04,7.203276e+04,7.166264e+04
46.4200,6.974829e+04,6.381966e+04,6.404908e+04,6.571230e+04,6.079887e+04,6.048639e+04
46.4400,5.985607e+04,5.476629e+04,5.496324e+04,5.639108e+04,5.217314e+04,5.190491e+04
46.4600,5.210320e+04,4.767066e+04,4.784217e+04,4.908558e+04,4.541258e+04,4.517901e+04
46.4800,4.592869e+04,4.201940e+04,4.217065e+04,4.326723e+04,4.002807e+04,3.982210e+04
46.5000,4.094442e+04,3.745732e+04,3.759222e+04,3.857034e+04,3.568123e+04,3.549754e+04
46.5200,3.687458e+04,3.373201e+04,3.385358e+04,3.473501e+04,3.213159e+04,3.196607e+04
46.5400,3.351906e+04,3.066037e+04,3.077095e+04,3.157271e+04,2.920469e+04,2.905414e+04
46.5600,3.073011e+04,2.810715e+04,2.820861e+04,2.894422e+04,2.677168e+04,2.663357e+04
46.5800,2.839686e+04,2.597091e+04,2.606474e+04,2.674506e+04,2.473591e+04,2.460820e+04
46.6000,2.643496e+04,2.417446e+04,2.426188e+04,2.489577e+04,2.302383e+04,2.290485e+04
46.6200,2.477947e+04,2.265836e+04,2.274038e+04,2.333515e+04,2.157883e+04,2.146720e+04
46.6400,2.337984e+04,2.137635e+04,2.145381e+04,2.201557e+04,2.035681e+04,2.025140e+04
46.6600,2.219639e+04,2.029209e+04,2.036571e+04,2.089962e+04,1.932317e+04,1.922300e+04
46.6800,2.119771e+04,1.937687e+04,1.944726e+04,1.995774e+04,1.845054e+04,1.835477e+04
46.7000,2.035887e+04,1.860784e+04,1.867552e+04,1.916640e+04,1.771715e+04,1.762507e+04
46.7200,1.965998e+04,1.796679e+04,1.803224e+04,1.850687e+04,1.710565e+04,1.701663e+04
46.7400,1.908518e+04,1.743922e+04,1.750283e+04,1.796420e+04,1.660221e+04,1.651570e+04
46.7600,1.862189e+04,1.701360e+04,1.707575e+04,1.752654e+04,1.619586e+04,1.611133e+04
46.7800,1.826024e+04,1.668088e+04,1.674191e+04,1.718456e+04,1.587795e+04,1.579496e+04
46.8000,1.799260e+04,1.643407e+04,1.649429e+04,1.693108e+04,1.564184e+04,1.555996e+04
46.8200,1.781331e+04,1.626798e+04,1.632768e+04,1.676075e+04,1.548255e+04,1.540138e+04
46.8400,1.771841e+04,1.617897e+04,1.623844e+04,1.666984e+04,1.539663e+04,1.531578e+04
46.8600,1.770550e+04,1.616483e+04,1.622435e+04,1.665607e+04,1.538195e+04,1.530105e+04
46.8800,1.777367e+04,1.622470e+04,1.628453e+04,1.671856e+04,1.543769e+04,1.535636e+04
46.9000,1.792341e+04,1.635901e+04,1.641944e+04,1.685777e+04,1.556424e+04,1.548212e+04
46.9200,1.815667e+04,1.656952e+04,1.663082e+04,1.707551e+04,1.576326e+04,1.567995e+04
46.9400,1.847690e+04,1.685935e+04,1.692182e+04,1.737501e+04,1.603772e+04,1.595283e+04
46.9600,1.888921e+04,1.723315e+04,1.729710e+04,1.776107e+04,1.639202e+04,1.630512e+04
46.9800,1.940055e+04,1.769723e+04,1.776300e+04,1.824020e+04,1.683216e+04,1.674279e+04
47.0000,2.002000e+04,1.825984e+04,1.832781e+04,1.882092e+04,1.736597e+04,1.727362e+04
47.0200,2.075915e+04,1.893154e+04,1.900211e+04,1.951410e+04,1.800347e+04,1.790759e+04
47.0400,2.163261e+04,1.972563e+04,1.979926e+04,2.033348e+04,1.875730e+04,1.865727e+04
47.0600,2.265873e+04,2.065881e+04,2.073603e+04,2.129627e+04,1.964333e+04,1.953842e+04
47.0800,2.386053e+04,2.175202e+04,2.183343e+04,2.242408e+04,2.068144e+04,2.057085e+04
47.1000,2.526690e+04,2.303159e+04,2.311789e+04,2.374406e+04,2.189666e+04,2.177942e+04
47.1200,2.691437e+04,2.453076e+04,2.462280e+04,2.529050e+04,2.332057e+04,2.319556e+04
47.1400,2.884941e+04,2.629186e+04,2.639061e+04,2.710703e+04,2.499338e+04,2.485925e+04
47.1600,3.113166e+04,2.836920e+04,2.847586e+04,2.924968e+04,2.696671e+04,2.682183e+04
47.1800,3.383857e+04,3.083330e+04,3.094934e+04,3.179117e+04,2.930754e+04,2.914993e+04
47.2000,3.707190e+04,3.377685e+04,3.390407e+04,3.482709e+04,3.210396e+04,3.193116e+04
47.2200,4.096741e+04,3.732346e+04,3.746415e+04,3.848491e+04,3.547343e+04,3.528233e+04
47.2400,4.570912e+04,4.164073e+04,4.179781e+04,4.293747e+04,3.957520e+04,3.936183e+04
47.2600,5.155123e+04,4.696017e+04,4.713743e+04,4.842351e+04,4.462924e+04,4.438845e+04
47.2800,5.885267e+04,5.360865e+04,5.381112e+04,5.528012e+04,5.094615e+04,5.067112e+04
47.3000,6.813607e+04,6.206214e+04,6.229667e+04,6.399817e+04,5.897823e+04,5.865966e+04
47.3200,8.021242e+04,7.305923e+04,7.333543e+04,7.533929e+04,6.942727e+04,6.905209e+04
47.3400,9.654815e+04,8.793547e+04,8.826803e+04,9.068076e+04,8.356234e+04,8.311060e+04
47.3600,1.205394e+05,1.097838e+05,1.101991e+05,1.132122e+05,1.043225e+05,1.037583e+05
47.3800,1.614337e+05,1.470264e+05,1.475827e+05,1.516189e+05,1.397105e+05,1.389548e+05
47.4000,2.430910e+05,2.213934e+05,2.222312e+05,2.283099e+05,2.103752e+05,2.092370e+05
47.4200,4.146861e+05,3.776703e+05,3.790997e+05,3.894699e+05,3.588728e+05,3.569309e+05
47.4400,7.461224e+05,6.795209e+05,6.820928e+05,7.007517e+05,6.456983e+05,6.422042e+05
47.4600,1.283038e+06,1.168510e+06,1.172932e+06,1.205019e+06,1.110347e+06,1.104339e+06
47.4800,1.962219e+06,1.787065e+06,1.793829e+06,1.842900e+06,1.698114e+06,1.688925e+06
47.5000,2.521633e+06,2.296544e+06,2.305236e+06,2.368298e+06,2.182233e+06,2.170424e+06
47.5200,2.561734e+06,2.333062e+06,2.341893e+06,2.405958e+06,2.216932e+06,2.204935e+06
47.5400,2.048480e+06,1.865617e+06,1.872678e+06,1.923909e+06,1.772751e+06,1.763157e+06
47.5600,1.370775e+06,1.248398e+06,1.253124e+06,1.287409e+06,1.186251e+06,1.179831e+06
47.5800,8.171017e+05,7.441398e+05,7.469573e+05,7.673980e+05,7.070881e+05,7.032604e+05
47.6000,4.699467e+05,4.279647e+05,4.295858e+05,4.413470e+05,4.066464e+05,4.044441e+05
47.6200,2.920099e+05,2.659018e+05,2.669099e+05,2.742237e+05,2.526454e+05,2.512760e+05
47.6400,2.136797e+05,1.945522e+05,1.952907e+05,2.006488e+05,1.848414e+05,1.838383e+05
47.6600,1.838381e+05,1.673592e+05,1.679954e+05,1.726113e+05,1.589942e+05,1.581302e+05
47.6800,1.791199e+05,1.630402e+05,1.636609e+05,1.681648e+05,1.548787e+05,1.540358e+05
47.7000,1.971946e+05,1.794640e+05,1.801484e+05,1.851144e+05,1.704655e+05,1.695361e+05
47.7200,2.549474e+05,2.319860e+05,2.328723e+05,2.393032e+05,2.203341e+05,2.191307e+05
47.7400,3.929428e+05,3.575047e+05,3.588725e+05,3.687974e+05,3.395227e+05,3.376656e+05
47.7600,6.691822e+05,6.087808e+05,6.111120e+05,6.280280e+05,5.781331e+05,5.749681e+05
47.7800,1.119413e+06,1.018331e+06,1.022232e+06,1.050541e+06,9.670434e+05,9.617468e+05
47.8000,1.685156e+06,1.532961e+06,1.538835e+06,1.581458e+06,1.455739e+06,1.447764e+06
47.8200,2.138960e+06,1.945764e+06,1.953221e+06,2.007326e+06,1.847739e+06,1.837616e+06
47.8400,2.147173e+06,1.953231e+06,1.960716e+06,2.015031e+06,1.854828e+06,1.844666e+06
47.8600,1.699371e+06,1.545879e+06,1.551803e+06,1.594789e+06,1.468000e+06,1.459958e+06
47.8800,1.125651e+06,1.023986e+06,1.027910e+06,1.056382e+06,9.724030e+05,9.670760e+05
47.9000,6.610093e+05,6.013173e+05,6.036212e+05,6.203382e+05,5.710307e+05,5.679030e+05
47.9200,3.691876e+05,3.358563e+05,3.371428e+05,3.464773e+05,3.189448e+05,3.171984e+05
47.9400,2.162160e+05,1.967020e+05,1.974552e+05,2.029200e+05,1.868013e+05,1.857788e+05
47.9600,1.430759e+05,1.301676e+05,1.306657e+05,1.342807e+05,1.236185e+05,1.229421e+05
47.9800,1.066182e+05,9.700178e+04,9.737291e+04,1.000659e+05,9.212302e+04,9.161920e+04
48.0000,8.540452e+04,7.770305e+04,7.800026e+04,8.015697e+04,7.379595e+04,7.339248e+04
48.0200,7.101867e+04,6.461542e+04,6.486253e+04,6.665565e+04,6.136707e+04,6.103163e+04
48.0400,6.037854e+04,5.493522e+04,5.514527e+04,5.666955e+04,5.217397e+04,5.188883e+04
48.0600,5.217649e+04,4.747292e+04,4.765442e+04,4.897151e+04,4.508706e+04,4.484069e+04
48.0800,4.570074e+04,4.158104e+04,4.174001e+04,4.289357e+04,3.949147e+04,3.927570e+04
48.1000,4.049564e+04,3.684507e+04,3.698592e+04,3.800810e+04,3.499357e+04,3.480239e+04
48.1200,3.624893e+04,3.298096e+04,3.310705e+04,3.402206e+04,3.132362e+04,3.115250e+04
48.1400,3.273970e+04,2.978773e+04,2.990162e+04,3.072813e+04,2.829078e+04,2.813621e+04
48.1600,2.980814e+04,2.712002e+04,2.722373e+04,2.797633e+04,2.575698e+04,2.561624e+04
48.1800,2.733652e+04,2.487072e+04,2.496585e+04,2.565618e+04,2.362052e+04,2.349144e+04
48.2000,2.523677e+04,2.295971e+04,2.304754e+04,2.368502e+04,2.180530e+04,2.168612e+04
48.2200,2.344214e+04,2.132625e+04,2.140787e+04,2.200019e+04,2.025366e+04,2.014293e+04
48.2400,2.190159e+04,1.992393e+04,2.000021e+04,2.055381e+04,1.892151e+04,1.881802e+04
48.2600,2.057591e+04,1.871704e+04,1.878873e+04,1.930906e+04,1.777493e+04,1.767768e+04
48.2800,1.943501e+04,1.767823e+04,1.774598e+04,1.823771e+04,1.678795e+04,1.669605e+04
48.3000,1.845615e+04,1.678677e+04,1.685115e+04,1.731839e+04,1.594089e+04,1.585358e+04
48.3200,1.762272e+04,1.602756e+04,1.608906e+04,1.653551e+04,1.521938e+04,1.513596e+04
48.3400,1.692359e+04,1.539045e+04,1.544956e+04,1.587863e+04,1.461378e+04,1.453362e+04
48.3600,1.635301e+04,1.487018e+04,1.492735e+04,1.534231e+04,1.411909e+04,1.404157e+04
48.3800,1.591099e+04,1.446673e+04,1.452240e+04,1.492655e+04,1.373526e+04,1.365977e+04
48.4000,1.560451e+04,1.418640e+04,1.424107e+04,1.463788e+04,1.346827e+04,1.339415e+04
48.4200,1.545009e+04,1.404415e+04,1.409834e+04,1.449173e+04,1.333226e+04,1.325879e+04
48.4400,1.547990e+04,1.406913e+04,1.412350e+04,1.451822e+04,1.335487e+04,1.328117e+04
48.4600,1.576130e+04,1.432242e+04,1.437787e+04,1.478044e+04,1.359401e+04,1.351885e+04
48.4800,1.646516e+04,1.495897e+04,1.501702e+04,1.543840e+04,1.419657e+04,1.411790e+04
48.5000,1.806981e+04,1.641259e+04,1.647646e+04,1.694008e+04,1.557380e+04,1.548726e+04
48.5200,2.179133e+04,1.978618e+04,1.986345e+04,2.042440e+04,1.877133e+04,1.866662e+04
48.5400,3.004203e+04,2.726755e+04,2.737447e+04,2.815066e+04,2.586333e+04,2.571845e+04
48.5600,4.603316e+04,4.176913e+04,4.193345e+04,4.312638e+04,3.961095e+04,3.938828e+04
48.5800,7.143056e+04,6.480172e+04,6.505717e+04,6.691172e+04,6.144651e+04,6.110035e+04
48.6000,1.023438e+05,9.283690e+04,9.320326e+04,9.586304e+04,8.802488e+04,8.752840e+04
48.6200,1.254195e+05,1.137640e+05,1.142132e+05,1.174741e+05,1.078644e+05,1.072557e+05
48.6400,1.229893e+05,1.115587e+05,1.119992e+05,1.151972e+05,1.057729e+05,1.051760e+05
48.6600,9.706593e+04,8.804645e+04,8.839402e+04,9.091740e+04,8.348130e+04,8.301030e+04
48.6800,6.595828e+04,5.983242e+04,6.006847e+04,6.178225e+04,5.673208e+04,5.641221e+04
48.7000,4.147225e+04,3.762386e+04,3.777214e+04,3.884870e+04,3.567642e+04,3.547551e+04
48.7200,2.637798e+04,2.393311e+04,2.402730e+04,2.471117e+04,2.269619e+04,2.256859e+04
48.7400,1.854210e+04,1.682533e+04,1.689146e+04,1.737160e+04,1.595702e+04,1.586745e+04
48.7600,1.477458e+04,1.340734e+04,1.346000e+04,1.384234e+04,1.271600e+04,1.264470e+04
48.7800,1.284923e+04,1.166012e+04,1.170590e+04,1.203840e+04,1.105899e+04,1.099699e+04
48.8000,1.169127e+04,1.060888e+04,1.065056e+04,1.095318e+04,1.006182e+04,1.000541e+04
48.8200,1.088522e+04,9.876834e+03,9.915652e+03,1.019756e+04,9.367270e+03,9.314725e+03
48.8400,1.027838e+04,9.325457e+03,9.362135e+03,9.628519e+03,8.844011e+03,8.794369e+03
48.8600,9.804499e+03,8.894678e+03,8.929693e+03,9.184009e+03,8.435091e+03,8.387706e+03
48.8800,9.426791e+03,8.551129e+03,8.584826e+03,8.829574e+03,8.108874e+03,8.063279e+03
48.9000,9.121479e+03,8.273244e+03,8.305882e+03,8.542948e+03,7.844913e+03,7.800756e+03
48.9200,8.872201e+03,8.046181e+03,8.077961e+03,8.308802e+03,7.629135e+03,7.586144e+03
48.9400,8.667342e+03,7.859404e+03,7.890485e+03,8.116258e+03,7.451551e+03,7.409511e+03
48.9600,8.498475e+03,7.705267e+03,7.735778e+03,7.957420e+03,7.304911e+03,7.263646e+03
48.9800,8.359367e+03,7.578117e+03,7.608166e+03,7.826453e+03,7.183856e+03,7.143222e+03
49.0000,8.245338e+03,7.473708e+03,7.503384e+03,7.718970e+03,7.084357e+03,7.044231e+03
49.0200,8.152821e+03,7.388801e+03,7.418181e+03,7.631629e+03,7.003344e+03,6.963621e+03
49.0400,8.079062e+03,7.320898e+03,7.350051e+03,7.561851e+03,6.938448e+03,6.899037e+03
49.0600,8.021922e+03,7.268057e+03,7.297043e+03,7.507630e+03,6.887825e+03,6.848645e+03
49.0800,7.979721e+03,7.228752e+03,7.257624e+03,7.467390e+03,6.850029e+03,6.811006e+03
49.1000,7.951134e+03,7.201780e+03,7.230588e+03,7.439893e+03,6.823919e+03,6.784986e+03
49.1200,7.935118e+03,7.186193e+03,7.214982e+03,7.424157e+03,6.808593e+03,6.769690e+03
49.1400,7.930850e+03,7.181243e+03,7.210056e+03,7.419411e+03,6.803343e+03,6.764410e+03
49.1600,7.937687e+03,7.186344e+03,7.215221e+03,7.425052e+03,6.807611e+03,6.768594e+03
49.1800,7.955133e+03,7.201044e+03,7.230025e+03,7.440613e+03,6.820969e+03,6.781816e+03
49.2000,7.982815e+03,7.225003e+03,7.254126e+03,7.465744e+03,6.843092e+03,6.803751e+03
49.2200,8.020464e+03,7.257976e+03,7.287275e+03,7.500191e+03,6.873747e+03,6.834168e+03
49.2400,8.067902e+03,7.299796e+03,7.329310e+03,7.543785e+03,6.912775e+03,6.872911e+03
49.2600,8.125029e+03,7.350374e+03,7.380138e+03,7.596433e+03,6.960089e+03,6.919891e+03
49.2800,8.191819e+03,7.409681e+03,7.439730e+03,7.658107e+03,7.015662e+03,6.975080e+03
49.3000,8.268310e+03,7.477748e+03,7.508120e+03,7.728841e+03,7.079521e+03,7.038508e+03
49.3200,8.354601e+03,7.554664e+03,7.585394e+03,7.808725e+03,7.151749e+03,7.110254e+03
49.3400,8.450849e+03,7.640568e+03,7.671694e+03,7.897905e+03,7.232476e+03,7.190449e+03
49.3600,8.557269e+03,7.735651e+03,7.767211e+03,7.996580e+03,7.321881e+03,7.279271e+03
49.3800,8.674130e+03,7.840154e+03,7.872187e+03,8.104999e+03,7.420192e+03,7.376945e+03
49.4000,8.801760e+03,7.954370e+03,7.986917e+03,8.223467e+03,7.527683e+03,7.483745e+03
49.4200,8.940541e+03,8.078641e+03,8.111744e+03,8.352338e+03,7.644678e+03,7.599993e+03
49.4400,9.090915e+03,8.213366e+03,8.247069e+03,8.492025e+03,7.771552e+03,7.726059e+03
49.4600,9.253388e+03,8.358997e+03,8.393345e+03,8.642996e+03,7.908732e+03,7.862370e+03
49.4800,9.428529e+03,8.516045e+03,8.551087e+03,8.805783e+03,8.056699e+03,8.009403e+03
49.5000,9.616977e+03,8.685085e+03,8.720871e+03,8.980978e+03,8.215995e+03,8.167697e+03
49.5200,9.819446e+03,8.866759e+03,8.903342e+03,9.169248e+03,8.387226e+03,8.337854e+03
49.5400,1.003673e+04,9.061780e+03,9.099217e+03,9.371332e+03,8.571065e+03,8.520543e+03
49.5600,1.026971e+04,9.270942e+03,9.309293e+03,9.588051e+03,8.768261e+03,8.716508e+03
49.5800,1.051937e+04,9.495125e+03,9.534453e+03,9.820317e+03,8.979645e+03,8.926576e+03
49.6000,1.078679e+04,9.735306e+03,9.775679e+03,1.006914e+04,9.206138e+03,9.151660e+03
49.6200,1.107318e+04,9.992564e+03,1.003405e+04,1.033564e+04,9.448759e+03,9.392775e+03
49.6400,1.137986e+04,1.026810e+04,1.031078e+04,1.062106e+04,9.708637e+03,9.651043e+03
49.6600,1.170831e+04,1.056323e+04,1.060719e+04,1.092676e+04,9.987026e+03,9.927709e+03
49.6800,1.206016e+04,1.087944e+04,1.092477e+04,1.125428e+04,1.028531e+04,1.022415e+04
49.7000,1.243724e+04,1.121835e+04,1.126515e+04,1.160531e+04,1.060504e+04,1.054191e+04
49.7200,1.284155e+04,1.158179e+04,1.163015e+04,1.198171e+04,1.094793e+04,1.088268e+04
49.7400,1.327535e+04,1.197176e+04,1.202181e+04,1.238560e+04,1.131587e+04,1.124836e+04
49.7600,1.374114e+04,1.239054e+04,1.244239e+04,1.281930e+04,1.171101e+04,1.164106e+04
49.7800,1.424171e+04,1.284063e+04,1.289442e+04,1.328541e+04,1.213571e+04,1.206315e+04
49.8000,1.478020e+04,1.332485e+04,1.338072e+04,1.378685e+04,1.259264e+04,1.251727e+04
49.8200,1.536012e+04,1.384635e+04,1.390446e+04,1.432690e+04,1.308477e+04,1.300637e+04
49.8400,1.598540e+04,1.440869e+04,1.446922e+04,1.490922e+04,1.361545e+04,1.353380e+04
49.8600,1.666050e+04,1.501587e+04,1.507901e+04,1.553796e+04,1.418847e+04,1.410330e+04
49.8800,1.739044e+04,1.567240e+04,1.573836e+04,1.621779e+04,1.480808e+04,1.471911e+04
49.9000,1.818091e+04,1.638341e+04,1.645241e+04,1.695402e+04,1.547912e+04,1.538604e+04
49.9200,1.903837e+04,1.715471e+04,1.722702e+04,1.775267e+04,1.620709e+04,1.610955e+04
49.9400,1.997018e+04,1.799293e+04,1.806884e+04,1.862060e+04,1.699823e+04,1.689585e+04
49.9600,2.098479e+04,1.890566e+04,1.898548e+04,1.956567e+04,1.785972e+04,1.775206e+04
49.9800,2.209185e+04,1.990160e+04,1.998568e+04,2.059689e+04,1.879976e+04,1.868635e+04
50.0000,2.330251e+04,2.099078e+04,2.107952e+04,2.172463e+04,1.982782e+04,1.970812e+04
50.0200,2.462967e+04,2.218479e+04,2.227865e+04,2.296091e+04,2.095486e+04,2.082826e+04
50.0400,2.608829e+04,2.349712e+04,2.359659e+04,2.431967e+04,2.219358e+04,2.205941e+04
50.0600,2.769584e+04,2.494347e+04,2.504913e+04,2.581720e+04,2.355885e+04,2.341633e+04
50.0800,2.947281e+04,2.654229e+04,2.665479e+04,2.747258e+04,2.506804e+04,2.491630e+04
50.1000,3.144334e+04,2.831530e+04,2.843538e+04,2.930829e+04,2.674168e+04,2.657971e+04
50.1200,3.363604e+04,3.028824e+04,3.041676e+04,3.135100e+04,2.860406e+04,2.843071e+04
50.1400,3.608499e+04,3.249179e+04,3.262973e+04,3.363245e+04,3.068416e+04,3.049810e+04
50.1600,3.883110e+04,3.496276e+04,3.511126e+04,3.619077e+04,3.301670e+04,3.281639e+04
50.1800,4.192373e+04,3.774557e+04,3.790596e+04,3.907193e+04,3.564364e+04,3.542729e+04
50.2000,4.542294e+04,4.089427e+04,4.106812e+04,4.233191e+04,3.861598e+04,3.838148e+04
50.2200,4.940234e+04,4.447509e+04,4.466424e+04,4.603927e+04,4.199628e+04,4.174114e+04
50.2400,5.395293e+04,4.856993e+04,4.877658e+04,5.027879e+04,4.586182e+04,4.558308e+04
50.2600,5.918820e+04,5.328092e+04,5.350770e+04,5.515622e+04,5.030904e+04,5.000315e+04
50.2800,6.525118e+04,5.873678e+04,5.898687e+04,6.080483e+04,5.545944e+04,5.512211e+04
50.3000,7.232404e+04,6.510144e+04,6.537871e+04,6.739432e+04,6.146778e+04,6.109377e+04
50.3200,8.064159e+04,7.258619e+04,7.289544e+04,7.514346e+04,6.853354e+04,6.811640e+04
50.3400,9.051045e+04,8.146698e+04,8.181417e+04,8.433794e+04,7.691720e+04,7.644889e+04
50.3600,1.023369e+05,9.210939e+04,9.250203e+04,9.535623e+04,8.696389e+04,8.643427e+04
50.3800,1.166677e+05,1.050055e+05,1.054532e+05,1.087078e+05,9.913818e+04,9.853426e+04
50.4000,1.342522e+05,1.208297e+05,1.213450e+05,1.250909e+05,1.140766e+05,1.133816e+05
50.4200,1.561380e+05,1.405246e+05,1.411240e+05,1.454813e+05,1.326692e+05,1.318607e+05
50.4400,1.838264e+05,1.654412e+05,1.661471e+05,1.712779e+05,1.561913e+05,1.552392e+05
50.4600,2.195582e+05,1.975962e+05,1.984393e+05,2.045684e+05,1.865466e+05,1.854093e+05
50.4800,2.670169e+05,2.403042e+05,2.413298e+05,2.487847e+05,2.268645e+05,2.254811e+05
50.5000,3.336455e+05,3.002634e+05,3.015450e+05,3.108612e+05,2.834680e+05,2.817392e+05
50.5200,4.384957e+05,3.946183e+05,3.963028e+05,4.085481e+05,3.725422e+05,3.702699e+05
50.5400,6.335964e+05,5.701900e+05,5.726243e+05,5.903198e+05,5.382881e+05,5.350044e+05
50.5600,1.042380e+06,9.380554e+05,9.420607e+05,9.711756e+05,8.855662e+05,8.801634e+05
50.5800,1.884521e+06,1.695901e+06,1.703143e+06,1.755783e+06,1.601000e+06,1.591232e+06
50.6000,3.402366e+06,3.061816e+06,3.074891e+06,3.169932e+06,2.890472e+06,2.872835e+06
50.6200,5.624798e+06,5.061790e+06,5.083406e+06,5.240531e+06,4.778519e+06,4.749362e+06
50.6400,8.033941e+06,7.229787e+06,7.260660e+06,7.485085e+06,6.825186e+06,6.783539e+06
50.6600,9.344496e+06,8.409160e+06,8.445070e+06,8.706105e+06,7.938556e+06,7.890116e+06
50.6800,8.454530e+06,7.608276e+06,7.640766e+06,7.876940e+06,7.182493e+06,7.138666e+06
50.7000,6.146688e+06,5.531440e+06,5.555061e+06,5.726765e+06,5.221885e+06,5.190022e+06
50.7200,3.817471e+06,3.435369e+06,3.450039e+06,3.556676e+06,3.243119e+06,3.223330e+06
50.7400,2.140903e+06,1.926619e+06,1.934846e+06,1.994649e+06,1.818805e+06,1.807708e+06
50.7600,1.174372e+06,1.056834e+06,1.061346e+06,1.094149e+06,9.976963e+05,9.916092e+05
50.7800,6.956607e+05,6.260395e+05,6.287124e+05,6.481423e+05,5.910109e+05,5.874053e+05
50.8000,4.690770e+05,4.221358e+05,4.239380e+05,4.370383e+05,3.985184e+05,3.960874e+05
50.8200,3.512992e+05,3.161470e+05,3.174966e+05,3.273068e+05,2.984611e+05,2.966406e+05
50.8400,2.788638e+05,2.509619e+05,2.520331e+05,2.598199e+05,2.369239e+05,2.354790e+05
50.8600,2.281872e+05,2.053577e+05,2.062342e+05,2.126053e+05,1.938718e+05,1.926896e+05
50.8800,1.903500e+05,1.713076e+05,1.720387e+05,1.773529e+05,1.617273e+05,1.607411e+05
50.9000,1.611707e+05,1.450489e+05,1.456678e+05,1.501670e+05,1.369380e+05,1.361031e+05
50.9200,1.381892e+05,1.243676e+05,1.248982e+05,1.287554e+05,1.174140e+05,1.166983e+05
50.9400,1.197797e+05,1.078007e+05,1.082606e+05,1.116035e+05,1.017741e+05,1.011538e+05
50.9600,1.048150e+05,9.433373e+04,9.473610e+04,9.766108e+04,8.906077e+04,8.851803e+04
50.9800,9.249254e+04,8.324453e+04,8.359955e+04,8.618035e+04,7.859208e+04,7.811321e+04
51.0000,8.222894e+04,7.400812e+04,7.432370e+04,7.661783e+04,6.987249e+04,6.944682e+04
51.0200,7.359239e+04,6.623589e+04,6.651830e+04,6.857121e+04,6.253515e+04,6.215425e+04
51.0400,6.625800e+04,5.963549e+04,5.988971e+04,6.173778e+04,5.630405e+04,5.596116e+04
51.0600,5.997769e+04,5.398365e+04,5.421374e+04,5.588641e+04,5.096843e+04,5.065809e+04
51.0800,5.455949e+04,4.910764e+04,4.931692e+04,5.083827e+04,4.636522e+04,4.608296e+04
51.1000,4.985307e+04,4.487215e+04,4.506335e+04,4.645327e+04,4.236669e+04,4.210882e+04
51.1200,4.573934e+04,4.117004e+04,4.134544e+04,4.262048e+04,3.887168e+04,3.863513e+04
51.1400,4.212307e+04,3.791559e+04,3.807709e+04,3.925116e+04,3.579928e+04,3.558147e+04
51.1600,3.892732e+04,3.503957e+04,3.518880e+04,3.627363e+04,3.308414e+04,3.288288e+04
51.1800,3.608945e+04,3.248561e+04,3.262393e+04,3.362953e+04,3.067303e+04,3.048648e+04
51.2000,3.355802e+04,3.020742e+04,3.033602e+04,3.127094e+04,2.852226e+04,2.834882e+04
51.2200,3.129051e+04,2.816672e+04,2.828662e+04,2.915824e+04,2.659569e+04,2.643400e+04
51.2400,2.925148e+04,2.633165e+04,2.644371e+04,2.725841e+04,2.486324e+04,2.471211e+04
51.2600,2.741127e+04,2.467548e+04,2.478048e+04,2.554381e+04,2.329968e+04,2.315809e+04
51.2800,2.574484e+04,2.317571e+04,2.327431e+04,2.399113e+04,2.188376e+04,2.175080e+04
51.3000,2.423098e+04,2.181323e+04,2.190602e+04,2.258059e+04,2.059747e+04,2.047235e+04
51.3200,2.285161e+04,2.057179e+04,2.065929e+04,2.129536e+04,1.942543e+04,1.930745e+04
51.3400,2.159127e+04,1.943746e+04,1.952011e+04,2.012102e+04,1.835450e+04,1.824305e+04
51.3600,2.043661e+04,1.839824e+04,1.847646e+04,1.904515e+04,1.737337e+04,1.726790e+04
51.3800,1.937615e+04,1.744378e+04,1.751794e+04,1.805704e+04,1.647225e+04,1.637227e+04
51.4000,1.839989e+04,1.656510e+04,1.663551e+04,1.714738e+04,1.564267e+04,1.554775e+04
51.4200,1.749914e+04,1.575437e+04,1.582132e+04,1.630807e+04,1.487724e+04,1.478698e+04
51.4400,1.666630e+04,1.500475e+04,1.506851e+04,1.553202e+04,1.416950e+04,1.408355e+04
51.4600,1.589469e+04,1.431024e+04,1.437103e+04,1.481303e+04,1.351378e+04,1.343182e+04
51.4800,1.517844e+04,1.366554e+04,1.372359e+04,1.414562e+04,1.290510e+04,1.282685e+04
51.5000,1.451237e+04,1.306601e+04,1.312150e+04,1.352496e+04,1.233904e+04,1.226424e+04
51.5200,1.389189e+04,1.250750e+04,1.256061e+04,1.294677e+04,1.181172e+04,1.174012e+04
51.5400,1.331291e+04,1.198634e+04,1.203723e+04,1.240726e+04,1.131966e+04,1.125106e+04
51.5600,1.277182e+04,1.149927e+04,1.154809e+04,1.190304e+04,1.085978e+04,1.079398e+04
51.5800,1.226536e+04,1.104337e+04,1.109025e+04,1.143109e+04,1.042932e+04,1.036614e+04
51.6000,1.179064e+04,1.061603e+04,1.066109e+04,1.098870e+04,1.002583e+04,9.965102e+03
51.6200,1.134504e+04,1.021490e+04,1.025825e+04,1.057345e+04,9.647076e+03,9.588656e+03
51.6400,1.092622e+04,9.837875e+03,9.879620e+03,1.018316e+04,9.291081e+03,9.234826e+03
51.6600,1.053208e+04,9.483052e+03,9.523287e+03,9.815848e+03,8.956047e+03,8.901829e+03
51.6800,1.016070e+04,9.148716e+03,9.187528e+03,9.469751e+03,8.640353e+03,8.588054e+03
51.7000,9.810363e+03,8.833313e+03,8.870783e+03,9.143255e+03,8.342534e+03,8.292045e+03
51.7200,9.479497e+03,8.535434e+03,8.571637e+03,8.834901e+03,8.061258e+03,8.012478e+03
51.7400,9.166681e+03,8.253799e+03,8.288805e+03,8.543366e+03,7.795317e+03,7.748153e+03
51.7600,8.870621e+03,7.987244e+03,8.021117e+03,8.267442e+03,7.543612e+03,7.497977e+03
51.7800,8.590137e+03,7.734705e+03,7.767505e+03,8.006029e+03,7.305140e+03,7.260953e+03
51.8000,8.324150e+03,7.495213e+03,7.526995e+03,7.758124e+03,7.078985e+03,7.036170e+03
51.8200,8.071674e+03,7.267880e+03,7.298697e+03,7.522808e+03,6.864308e+03,6.822797e+03
51.8400,7.831805e+03,7.051893e+03,7.081793e+03,7.299238e+03,6.660343e+03,6.620069e+03
51.8600,7.603716e+03,6.846507e+03,6.875534e+03,7.086642e+03,6.466385e+03,6.427287e+03
51.8800,7.386643e+03,6.651034e+03,6.679233e+03,6.884310e+03,6.281786e+03,6.243809e+03
51.9000,7.179885e+03,6.464846e+03,6.492254e+03,6.691590e+03,6.105952e+03,6.069040e+03
51.9200,6.982798e+03,6.287359e+03,6.314015e+03,6.507879e+03,5.938333e+03,5.902438e+03
51.9400,6.794784e+03,6.118039e+03,6.143976e+03,6.332622e+03,5.778424e+03,5.743497e+03
51.9600,6.615294e+03,5.956388e+03,5.981641e+03,6.165306e+03,5.625755e+03,5.591753e+03
51.9800,6.443817e+03,5.801950e+03,5.826548e+03,6.005457e+03,5.479895e+03,5.446777e+03
52.0000,6.279882e+03,5.654299e+03,5.678271e+03,5.852635e+03,5.340443e+03,5.308169e+03
52.0200,6.123052e+03,5.513042e+03,5.536416e+03,5.706432e+03,5.207027e+03,5.175560e+03
52.0400,5.972921e+03,5.377814e+03,5.400616e+03,5.566471e+03,5.079303e+03,5.048608e+03
52.0600,5.829111e+03,5.248275e+03,5.270528e+03,5.432400e+03,4.956949e+03,4.926995e+03
52.0800,5.691273e+03,5.124109e+03,5.145837e+03,5.303892e+03,4.839669e+03,4.810423e+03
52.1000,5.559078e+03,5.005022e+03,5.026247e+03,5.180642e+03,4.727183e+03,4.698617e+03
52.1200,5.432222e+03,4.890741e+03,4.911483e+03,5.062367e+03,4.619234e+03,4.591320e+03
52.1400,5.310422e+03,4.781009e+03,4.801287e+03,4.948802e+03,4.515580e+03,4.488291e+03
52.1600,5.193412e+03,4.675588e+03,4.695421e+03,4.839700e+03,4.415995e+03,4.389308e+03
52.1800,5.080943e+03,4.574254e+03,4.593659e+03,4.734830e+03,4.320269e+03,4.294159e+03
52.2000,4.972784e+03,4.476798e+03,4.495792e+03,4.633975e+03,4.228205e+03,4.202650e+03
52.2200,4.868718e+03,4.383026e+03,4.401624e+03,4.536932e+03,4.139617e+03,4.114597e+03
52.2400,4.768540e+03,4.292753e+03,4.310971e+03,4.443513e+03,4.054334e+03,4.029827e+03
52.2600,4.672060e+03,4.205808e+03,4.223659e+03,4.353539e+03,3.972192e+03,3.948179e+03
52.2800,4.579097e+03,4.122028e+03,4.139527e+03,4.266843e+03,3.893039e+03,3.869502e+03
52.3000,4.489485e+03,4.041264e+03,4.058423e+03,4.183268e+03,3.816731e+03,3.793654e+03
52.3200,4.403063e+03,3.963371e+03,3.980202e+03,4.102666e+03,3.743135e+03,3.720501e+03
52.3400,4.319684e+03,3.888216e+03,3.904731e+03,4.024898e+03,3.672124e+03,3.649916e+03
52.3600,4.239206e+03,3.815672e+03,3.831882e+03,3.949834e+03,3.603578e+03,3.581781e+03
52.3800,4.161498e+03,3.745620e+03,3.761536e+03,3.877350e+03,3.537384e+03,3.515985e+03
52.4000,4.086434e+03,3.677949e+03,3.693581e+03,3.807330e+03,3.473438e+03,3.452423e+03
52.4200,4.013898e+03,3.612551e+03,3.627909e+03,3.739664e+03,3.411638e+03,3.390993e+03
52.4400,3.943777e+03,3.549328e+03,3.564420e+03,3.674249e+03,3.351891e+03,3.331604e+03
52.4600,3.875966e+03,3.488184e+03,3.503020e+03,3.610987e+03,3.294107e+03,3.274166e+03
52.4800,3.810368e+03,3.429030e+03,3.443619e+03,3.549786e+03,3.238201e+03,3.218595e+03
52.5000,3.746886e+03,3.371782e+03,3.386131e+03,3.490557e+03,3.184095e+03,3.164813e+03
52.5200,3.685434e+03,3.316359e+03,3.330477e+03,3.433219e+03,3.131712e+03,3.112743e+03
52.5400,3.625926e+03,3.262687e+03,3.276580e+03,3.377692e+03,3.080981e+03,3.062315e+03
52.5600,3.568282e+03,3.210692e+03,3.224368e+03,3.323902e+03,3.031834e+03,3.013462e+03
52.5800,3.512428e+03,3.160307e+03,3.173772e+03,3.271779e+03,2.984207e+03,2.966119e+03
52.6000,3.458290e+03,3.111467e+03,3.124729e+03,3.221256e+03,2.938039e+03,2.920226e+03
52.6200,3.405802e+03,3.064111e+03,3.077176e+03,3.172269e+03,2.893272e+03,2.875725e+03
52.6400,3.354898e+03,3.018181e+03,3.031055e+03,3.124758e+03,2.849850e+03,2.832562e+03
52.6600,3.305516e+03,2.973621e+03,2.986309e+03,3.078666e+03,2.807722e+03,2.790684e+03
52.6800,3.257599e+03,2.930379e+03,2.942887e+03,3.033937e+03,2.766838e+03,2.750043e+03
52.7000,3.211091e+03,2.888405e+03,2.900738e+03,2.990522e+03,2.727150e+03,2.710591e+03
52.7200,3.165938e+03,2.847650e+03,2.859814e+03,2.948369e+03,2.688614e+03,2.672284e+03
52.7400,3.122090e+03,2.808070e+03,2.820070e+03,2.907432e+03,2.651187e+03,2.635078e+03
52.7600,3.079500e+03,2.769621e+03,2.781462e+03,2.867667e+03,2.614828e+03,2.598934e+03
52.7800,3.038121e+03,2.732262e+03,2.743948e+03,2.829030e+03,2.579497e+03,2.563813e+03
52.8000,2.997910e+03,2.695954e+03,2.707490e+03,2.791482e+03,2.545159e+03,2.529678e+03
52.8200,2.958826e+03,2.660659e+03,2.672050e+03,2.754982e+03,2.511778e+03,2.496493e+03
52.8400,2.920828e+03,2.626343e+03,2.637591e+03,2.719495e+03,2.479319e+03,2.464226e+03
52.8600,2.883879e+03,2.592969e+03,2.604081e+03,2.684985e+03,2.447751e+03,2.432844e+03
52.8800,2.847942e+03,2.560507e+03,2.571484e+03,2.651417e+03,2.417042e+03,2.402317e+03
52.9000,2.812983e+03,2.528924e+03,2.539772e+03,2.618761e+03,2.387165e+03,2.372615e+03
52.9200,2.778968e+03,2.498191e+03,2.508913e+03,2.586985e+03,2.358089e+03,2.343710e+03
52.9400,2.745867e+03,2.468280e+03,2.478879e+03,2.556059e+03,2.329789e+03,2.315576e+03
52.9600,2.713649e+03,2.439164e+03,2.449643e+03,2.525956e+03,2.302239e+03,2.288188e+03
52.9800,2.682285e+03,2.410815e+03,2.421179e+03,2.496649e+03,2.275415e+03,2.261520e+03
53.0000,2.651748e+03,2.383210e+03,2.393461e+03,2.468111e+03,2.249291e+03,2.235549e+03
53.0200,2.622010e+03,2.356325e+03,2.366466e+03,2.440318e+03,2.223847e+03,2.210254e+03
53.0400,2.593046e+03,2.330136e+03,2.340170e+03,2.413247e+03,2.199061e+03,2.185612e+03
53.0600,2.564833e+03,2.304622e+03,2.314552e+03,2.386874e+03,2.174911e+03,2.161603e+03
53.0800,2.537347e+03,2.279762e+03,2.289591e+03,2.361178e+03,2.151379e+03,2.138207e+03
53.1000,2.510565e+03,2.255535e+03,2.265265e+03,2.336139e+03,2.128444e+03,2.115406e+03
53.1200,2.484466e+03,2.231923e+03,2.241557e+03,2.311735e+03,2.106089e+03,2.093181e+03
53.1400,2.459029e+03,2.208906e+03,2.218448e+03,2.287948e+03,2.084297e+03,2.071515e+03
53.1600,2.434235e+03,2.186468e+03,2.195918e+03,2.264760e+03,2.063049e+03,2.050390e+03
53.1800,2.410065e+03,2.164590e+03,2.173952e+03,2.242153e+03,2.042332e+03,2.029792e+03
53.2000,2.386500e+03,2.143257e+03,2.152533e+03,2.220110e+03,2.022128e+03,2.009705e+03
53.2200,2.363524e+03,2.122453e+03,2.131645e+03,2.198614e+03,2.002423e+03,1.990114e+03
53.2400,2.341119e+03,2.102163e+03,2.111274e+03,2.177650e+03,1.983204e+03,1.971004e+03
53.2600,2.319269e+03,2.082371e+03,2.091403e+03,2.157204e+03,1.964455e+03,1.952363e+03
53.2800,2.297958e+03,2.063065e+03,2.072020e+03,2.137259e+03,1.946164e+03,1.934177e+03
53.3000,2.277173e+03,2.044231e+03,2.053110e+03,2.117804e+03,1.928318e+03,1.916433e+03
53.3200,2.256897e+03,2.025856e+03,2.034662e+03,2.098824e+03,1.910905e+03,1.899120e+03
53.3400,2.237119e+03,2.007927e+03,2.016661e+03,2.080306e+03,1.893914e+03,1.882225e+03
53.3600,2.217824e+03,1.990433e+03,1.999098e+03,2.062238e+03,1.877332e+03,1.865738e+03
53.3800,2.198999e+03,1.973361e+03,1.981959e+03,2.044608e+03,1.861150e+03,1.849647e+03
53.4000,2.180633e+03,1.956702e+03,1.965234e+03,2.027405e+03,1.845357e+03,1.833943e+03
53.4200,2.162714e+03,1.940444e+03,1.948912e+03,2.010618e+03,1.829942e+03,1.818615e+03
53.4400,2.145230e+03,1.924578e+03,1.932983e+03,1.994236e+03,1.814896e+03,1.803654e+03
53.4600,2.128170e+03,1.909092e+03,1.917437e+03,1.978248e+03,1.800209e+03,1.789050e+03
53.4800,2.111524e+03,1.893979e+03,1.902264e+03,1.962646e+03,1.785874e+03,1.774795e+03
53.5000,2.095281e+03,1.879228e+03,1.887455e+03,1.947420e+03,1.771880e+03,1.760880e+03
53.5200,2.079432e+03,1.864830e+03,1.873002e+03,1.932559e+03,1.758220e+03,1.747296e+03
53.5400,2.063967e+03,1.850778e+03,1.858895e+03,1.918057e+03,1.744886e+03,1.734036e+03
53.5600,2.048878e+03,1.837063e+03,1.845127e+03,1.903904e+03,1.731870e+03,1.721092e+03
53.5800,2.034156e+03,1.823678e+03,1.831690e+03,1.890092e+03,1.719164e+03,1.708456e+03
53.6000,2.019791e+03,1.810614e+03,1.818575e+03,1.876613e+03,1.706761e+03,1.696122e+03
53.6200,2.005777e+03,1.797864e+03,1.805777e+03,1.863459e+03,1.694655e+03,1.684083e+03
53.6400,1.992104e+03,1.785421e+03,1.793287e+03,1.850624e+03,1.682839e+03,1.672331e+03
53.6600,1.978767e+03,1.773279e+03,1.781098e+03,1.838101e+03,1.671306e+03,1.660861e+03
53.6800,1.965756e+03,1.761431e+03,1.769205e+03,1.825881e+03,1.660050e+03,1.649666e+03
53.7000,1.953066e+03,1.749871e+03,1.757601e+03,1.813960e+03,1.649065e+03,1.638741e+03
53.7200,1.940690e+03,1.738592e+03,1.746279e+03,1.802331e+03,1.638345e+03,1.628079e+03
53.7400,1.928621e+03,1.727588e+03,1.735235e+03,1.790987e+03,1.627886e+03,1.617676e+03
53.7600,1.916852e+03,1.716854e+03,1.724461e+03,1.779922e+03,1.617680e+03,1.607525e+03
53.7800,1.905379e+03,1.706385e+03,1.713953e+03,1.769132e+03,1.607724e+03,1.597622e+03
53.8000,1.894194e+03,1.696175e+03,1.703705e+03,1.758611e+03,1.598012e+03,1.587962e+03
53.8200,1.883293e+03,1.686220e+03,1.693713e+03,1.748353e+03,1.588540e+03,1.578540e+03
53.8400,1.872669e+03,1.676513e+03,1.683971e+03,1.738353e+03,1.579303e+03,1.569351e+03
53.8600,1.862319e+03,1.667051e+03,1.674474e+03,1.728606e+03,1.570296e+03,1.560391e+03
53.8800,1.852236e+03,1.657829e+03,1.665219e+03,1.719109e+03,1.561515e+03,1.551656e+03
53.9000,1.842416e+03,1.648843e+03,1.656200e+03,1.709856e+03,1.552956e+03,1.543141e+03
53.9200,1.832854e+03,1.640088e+03,1.647414e+03,1.700842e+03,1.544615e+03,1.534843e+03
53.9400,1.823546e+03,1.631561e+03,1.638856e+03,1.692065e+03,1.536489e+03,1.526758e+03
53.9600,1.814487e+03,1.623257e+03,1.630523e+03,1.683519e+03,1.528573e+03,1.518883e+03
53.9800,1.805674e+03,1.615172e+03,1.622410e+03,1.675201e+03,1.520863e+03,1.511212e+03
54.0000,1.797102e+03,1.607304e+03,1.614514e+03,1.667107e+03,1.513358e+03,1.503744e+03
54.0200,1.788768e+03,1.599649e+03,1.606832e+03,1.659234e+03,1.506052e+03,1.496475e+03
54.0400,1.780667e+03,1.592203e+03,1.599361e+03,1.651577e+03,1.498944e+03,1.489402e+03
54.0600,1.772797e+03,1.584963e+03,1.592096e+03,1.644135e+03,1.492030e+03,1.482521e+03
54.0800,1.765153e+03,1.577926e+03,1.585035e+03,1.636903e+03,1.485306e+03,1.475831e+03
54.1000,1.757733e+03,1.571089e+03,1.578176e+03,1.629878e+03,1.478772e+03,1.469327e+03
54.1200,1.750534e+03,1.564449e+03,1.571514e+03,1.623059e+03,1.472422e+03,1.463008e+03
54.1400,1.743552e+03,1.558004e+03,1.565048e+03,1.616441e+03,1.466256e+03,1.456871e+03
54.1600,1.736785e+03,1.551751e+03,1.558775e+03,1.610022e+03,1.460270e+03,1.450913e+03
54.1800,1.730229e+03,1.545687e+03,1.552692e+03,1.603799e+03,1.454463e+03,1.445133e+03
54.2000,1.723883e+03,1.539810e+03,1.546797e+03,1.597771e+03,1.448831e+03,1.439527e+03
54.2200,1.717744e+03,1.534118e+03,1.541087e+03,1.591935e+03,1.443374e+03,1.434094e+03
54.2400,1.711809e+03,1.528609e+03,1.535561e+03,1.586288e+03,1.438088e+03,1.428831e+03
54.2600,1.706077e+03,1.523280e+03,1.530216e+03,1.580828e+03,1.432972e+03,1.423737e+03
54.2800,1.700544e+03,1.518130e+03,1.525051e+03,1.575554e+03,1.428023e+03,1.418810e+03
54.3000,1.695210e+03,1.513157e+03,1.520063e+03,1.570463e+03,1.423241e+03,1.414048e+03
54.3200,1.690071e+03,1.508358e+03,1.515251e+03,1.565554e+03,1.418623e+03,1.409449e+03
54.3400,1.685127e+03,1.503733e+03,1.510613e+03,1.560825e+03,1.414168e+03,1.405012e+03
54.3600,1.680375e+03,1.499280e+03,1.506148e+03,1.556274e+03,1.409875e+03,1.400735e+03
54.3800,1.675814e+03,1.494996e+03,1.501854e+03,1.551899e+03,1.405741e+03,1.396617e+03
54.4000,1.671442e+03,1.490882e+03,1.497729e+03,1.547701e+03,1.401766e+03,1.392657e+03
54.4200,1.667258e+03,1.486935e+03,1.493772e+03,1.543675e+03,1.397948e+03,1.388852e+03
54.4400,1.663261e+03,1.483154e+03,1.489982e+03,1.539823e+03,1.394286e+03,1.385203e+03
54.4600,1.659449e+03,1.479538e+03,1.486359e+03,1.536142e+03,1.390779e+03,1.381708e+03
54.4800,1.655822e+03,1.476087e+03,1.482900e+03,1.532632e+03,1.387426e+03,1.378366e+03
54.5000,1.652377e+03,1.472798e+03,1.479605e+03,1.529291e+03,1.384227e+03,1.375176e+03
54.5200,1.649115e+03,1.469672e+03,1.476473e+03,1.526119e+03,1.381179e+03,1.372137e+03
54.5400,1.646035e+03,1.466707e+03,1.473503e+03,1.523114e+03,1.378283e+03,1.369248e+03
54.5600,1.643135e+03,1.463903e+03,1.470694e+03,1.520276e+03,1.375538e+03,1.366509e+03
54.5800,1.640415e+03,1.461258e+03,1.468047e+03,1.517605e+03,1.372943e+03,1.363920e+03
54.6000,1.637874e+03,1.458774e+03,1.465559e+03,1.515099e+03,1.370497e+03,1.361478e+03
54.6200,1.635513e+03,1.456448e+03,1.463232e+03,1.512759e+03,1.368201e+03,1.359185e+03
54.6400,1.633330e+03,1.454281e+03,1.461064e+03,1.510584e+03,1.366053e+03,1.357040e+03
54.6600,1.631325e+03,1.452272e+03,1.459054e+03,1.508573e+03,1.364053e+03,1.355042e+03
54.6800,1.629499e+03,1.450422e+03,1.457204e+03,1.506727e+03,1.362202e+03,1.353191e+03
54.7000,1.627850e+03,1.448729e+03,1.455513e+03,1.505045e+03,1.360499e+03,1.351487e+03
54.7200,1.626380e+03,1.447194e+03,1.453980e+03,1.503527e+03,1.358943e+03,1.349930e+03
54.7400,1.625087e+03,1.445817e+03,1.452606e+03,1.502174e+03,1.357536e+03,1.348520e+03
54.7600,1.623973e+03,1.444598e+03,1.451390e+03,1.500985e+03,1.356276e+03,1.347257e+03
54.7800,1.623038e+03,1.443538e+03,1.450334e+03,1.499960e+03,1.355165e+03,1.346140e+03
54.8000,1.622281e+03,1.442635e+03,1.449436e+03,1.499101e+03,1.354202e+03,1.345172e+03
54.8200,1.621703e+03,1.441892e+03,1.448698e+03,1.498407e+03,1.353387e+03,1.344350e+03
54.8400,1.621305e+03,1.441308e+03,1.448121e+03,1.497878e+03,1.352722e+03,1.343677e+03
54.8600,1.621088e+03,1.440883e+03,1.447704e+03,1.497516e+03,1.352206e+03,1.343152e+03
54.8800,1.621052e+03,1.440619e+03,1.447447e+03,1.497320e+03,1.351840e+03,1.342776e+03
54.9000,1.621198e+03,1.440516e+03,1.447353e+03,1.497292e+03,1.351624e+03,1.342549e+03
54.9200,1.621527e+03,1.440574e+03,1.447422e+03,1.497433e+03,1.351560e+03,1.342473e+03
54.9400,1.622040e+03,1.440796e+03,1.447653e+03,1.497743e+03,1.351648e+03,1.342548e+03
54.9600,1.622739e+03,1.441180e+03,1.448050e+03,1.498224e+03,1.351889e+03,1.342775e+03
54.9800,1.623623e+03,1.441730e+03,1.448612e+03,1.498876e+03,1.352284e+03,1.343154e+03
55.0000,1.624696e+03,1.442446e+03,1.449340e+03,1.499701e+03,1.352834e+03,1.343687e+03
55.0200,1.625958e+03,1.443328e+03,1.450236e+03,1.500700e+03,1.353540e+03,1.344376e+03
55.0400,1.627410e+03,1.444379e+03,1.451302e+03,1.501874e+03,1.354403e+03,1.345220e+03
55.0600,1.629056e+03,1.445600e+03,1.452539e+03,1.503226e+03,1.355425e+03,1.346222e+03
55.0800,1.630895e+03,1.446992e+03,1.453947e+03,1.504756e+03,1.356607e+03,1.347383e+03
55.1000,1.632931e+03,1.448557e+03,1.455530e+03,1.506466e+03,1.357950e+03,1.348704e+03
55.1200,1.635165e+03,1.450298e+03,1.457288e+03,1.508359e+03,1.359457e+03,1.350188e+03
55.1400,1.637600e+03,1.452214e+03,1.459224e+03,1.510436e+03,1.361129e+03,1.351835e+03
55.1600,1.640237e+03,1.454310e+03,1.461340e+03,1.512699e+03,1.362967e+03,1.353647e+03
55.1800,1.643080e+03,1.456586e+03,1.463637e+03,1.515150e+03,1.364974e+03,1.355627e+03
55.2000,1.646131e+03,1.459045e+03,1.466118e+03,1.517793e+03,1.367152e+03,1.357776e+03
55.2200,1.649392e+03,1.461689e+03,1.468785e+03,1.520628e+03,1.369502e+03,1.360097e+03
55.2400,1.652866e+03,1.464521e+03,1.471641e+03,1.523660e+03,1.372027e+03,1.362592e+03
55.2600,1.656557e+03,1.467544e+03,1.474688e+03,1.526889e+03,1.374730e+03,1.365263e+03
55.2800,1.660467e+03,1.470759e+03,1.477929e+03,1.530321e+03,1.377613e+03,1.368112e+03
55.3000,1.664600e+03,1.474170e+03,1.481368e+03,1.533956e+03,1.380679e+03,1.371143e+03
55.3200,1.668960e+03,1.477781e+03,1.485006e+03,1.537799e+03,1.383930e+03,1.374357e+03
55.3400,1.673549e+03,1.481593e+03,1.488847e+03,1.541853e+03,1.387369e+03,1.377759e+03
55.3600,1.678372e+03,1.485610e+03,1.492894e+03,1.546121e+03,1.390999e+03,1.381350e+03
55.3800,1.683432e+03,1.489836e+03,1.497152e+03,1.550607e+03,1.394824e+03,1.385134e+03
55.4000,1.688735e+03,1.494275e+03,1.501622e+03,1.555314e+03,1.398847e+03,1.389115e+03
55.4200,1.694283e+03,1.498930e+03,1.506311e+03,1.560248e+03,1.403071e+03,1.393296e+03
55.4400,1.700083e+03,1.503805e+03,1.511220e+03,1.565410e+03,1.407500e+03,1.397679e+03
55.4600,1.706138e+03,1.508904e+03,1.516355e+03,1.570807e+03,1.412138e+03,1.402271e+03
55.4800,1.712453e+03,1.514231e+03,1.521719e+03,1.576443e+03,1.416989e+03,1.407073e+03
55.5000,1.719034e+03,1.519792e+03,1.527318e+03,1.582321e+03,1.422056e+03,1.412090e+03
55.5200,1.725886e+03,1.525590e+03,1.533156e+03,1.588448e+03,1.427345e+03,1.417328e+03
55.5400,1.733015e+03,1.531631e+03,1.539237e+03,1.594829e+03,1.432860e+03,1.422789e+03
55.5600,1.740426e+03,1.537919e+03,1.545568e+03,1.601468e+03,1.438605e+03,1.428479e+03
55.5800,1.748127e+03,1.544461e+03,1.552153e+03,1.608371e+03,1.444586e+03,1.434403e+03
55.6000,1.756122e+03,1.551261e+03,1.558998e+03,1.615545e+03,1.450807e+03,1.440566e+03
55.6200,1.764420e+03,1.558326e+03,1.566109e+03,1.622995e+03,1.457275e+03,1.446973e+03
55.6400,1.773026e+03,1.565662e+03,1.573493e+03,1.630727e+03,1.463994e+03,1.453630e+03
55.6600,1.781949e+03,1.573275e+03,1.581154e+03,1.638749e+03,1.470971e+03,1.460542e+03
55.6800,1.791195e+03,1.581171e+03,1.589101e+03,1.647067e+03,1.478212e+03,1.467716e+03
55.7000,1.800774e+03,1.589357e+03,1.597340e+03,1.655689e+03,1.485723e+03,1.475159e+03
55.7200,1.810692e+03,1.597842e+03,1.605878e+03,1.664621e+03,1.493511e+03,1.482876e+03
55.7400,1.820959e+03,1.606631e+03,1.614724e+03,1.673873e+03,1.501582e+03,1.490875e+03
55.7600,1.831584e+03,1.615734e+03,1.623883e+03,1.683452e+03,1.509945e+03,1.499162e+03
55.7800,1.842577e+03,1.625158e+03,1.633366e+03,1.693366e+03,1.518607e+03,1.507746e+03
55.8000,1.853946e+03,1.634912e+03,1.643181e+03,1.703625e+03,1.527575e+03,1.516635e+03
55.8200,1.865703e+03,1.645005e+03,1.653336e+03,1.714239e+03,1.536858e+03,1.525836e+03
55.8400,1.877857e+03,1.655446e+03,1.663842e+03,1.725216e+03,1.546465e+03,1.535358e+03
55.8600,1.890421e+03,1.666245e+03,1.674707e+03,1.736567e+03,1.556404e+03,1.545210e+03
55.8800,1.903406e+03,1.677411e+03,1.685942e+03,1.748302e+03,1.566686e+03,1.555401e+03
55.9000,1.916824e+03,1.688957e+03,1.697558e+03,1.760434e+03,1.577319e+03,1.565942e+03
55.9200,1.930688e+03,1.700892e+03,1.709566e+03,1.772973e+03,1.588315e+03,1.576842e+03
55.9400,1.945011e+03,1.713229e+03,1.721978e+03,1.785932e+03,1.599684e+03,1.588113e+03
55.9600,1.959807e+03,1.725980e+03,1.734805e+03,1.799323e+03,1.611437e+03,1.599764e+03
55.9800,1.975091e+03,1.739156e+03,1.748061e+03,1.813159e+03,1.623586e+03,1.611809e+03
56.0000,1.990878e+03,1.752772e+03,1.761759e+03,1.827455e+03,1.636143e+03,1.624258e+03
56.0200,2.007184e+03,1.766842e+03,1.775913e+03,1.842225e+03,1.649122e+03,1.637126e+03
56.0400,2.024026e+03,1.781379e+03,1.790537e+03,1.857484e+03,1.662535e+03,1.650425e+03
56.0600,2.041420e+03,1.796400e+03,1.805647e+03,1.873248e+03,1.676397e+03,1.664169e+03
56.0800,2.059386e+03,1.811920e+03,1.821259e+03,1.889534e+03,1.690723e+03,1.678374e+03
56.1000,2.077942e+03,1.827955e+03,1.837389e+03,1.906359e+03,1.705528e+03,1.693053e+03
56.1200,2.097108e+03,1.844524e+03,1.854056e+03,1.923742e+03,1.720828e+03,1.708224e+03
56.1400,2.116906e+03,1.861644e+03,1.871277e+03,1.941701e+03,1.736640e+03,1.723903e+03
56.1600,2.137358e+03,1.879335e+03,1.889072e+03,1.960257e+03,1.752982e+03,1.740108e+03
56.1800,2.158486e+03,1.897617e+03,1.907461e+03,1.979431e+03,1.769873e+03,1.756858e+03
56.2000,2.180314e+03,1.916510e+03,1.926465e+03,1.999244e+03,1.787332e+03,1.774171e+03
56.2200,2.202869e+03,1.936038e+03,1.946107e+03,2.019721e+03,1.805380e+03,1.792069e+03
56.2400,2.226177e+03,1.956223e+03,1.966410e+03,2.040885e+03,1.824039e+03,1.810572e+03
56.2600,2.250266e+03,1.977090e+03,1.987398e+03,2.062761e+03,1.843330e+03,1.829703e+03
56.2800,2.275165e+03,1.998664e+03,2.009098e+03,2.085378e+03,1.863279e+03,1.849486e+03
56.3000,2.300905e+03,2.020973e+03,2.031536e+03,2.108763e+03,1.883909e+03,1.869946e+03
56.3200,2.327520e+03,2.044044e+03,2.054741e+03,2.132945e+03,1.905248e+03,1.891108e+03
56.3400,2.355042e+03,2.067909e+03,2.078743e+03,2.157956e+03,1.927323e+03,1.913001e+03
56.3600,2.383509e+03,2.092597e+03,2.103574e+03,2.183830e+03,1.950163e+03,1.935653e+03
56.3800,2.412958e+03,2.118143e+03,2.129268e+03,2.210600e+03,1.973800e+03,1.959095e+03
56.4000,2.443429e+03,2.144581e+03,2.155858e+03,2.238303e+03,1.998264e+03,1.983358e+03
56.4200,2.474965e+03,2.171949e+03,2.183382e+03,2.266977e+03,2.023591e+03,2.008477e+03
56.4400,2.507610e+03,2.200284e+03,2.211880e+03,2.296664e+03,2.049817e+03,2.034488e+03
56.4600,2.541410e+03,2.229628e+03,2.241392e+03,2.327406e+03,2.076979e+03,2.061428e+03
56.4800,2.576417e+03,2.260024e+03,2.271962e+03,2.359248e+03,2.105118e+03,2.089337e+03
56.5000,2.612681e+03,2.291518e+03,2.303636e+03,2.392238e+03,2.134276e+03,2.118257e+03
56.5200,2.650259e+03,2.324158e+03,2.336463e+03,2.426427e+03,2.164498e+03,2.148233e+03
56.5400,2.689209e+03,2.357995e+03,2.370493e+03,2.461868e+03,2.195831e+03,2.179312e+03
56.5600,2.729593e+03,2.393084e+03,2.405782e+03,2.498619e+03,2.228327e+03,2.211543e+03
56.5800,2.771477e+03,2.429482e+03,2.442387e+03,2.536737e+03,2.262037e+03,2.244979e+03
56.6000,2.814930e+03,2.467249e+03,2.480368e+03,2.576289e+03,2.297018e+03,2.279677e+03
56.6200,2.860027e+03,2.506450e+03,2.519792e+03,2.617340e+03,2.333331e+03,2.315695e+03
56.6400,2.906846e+03,2.547153e+03,2.560726e+03,2.659962e+03,2.371038e+03,2.353097e+03
56.6600,2.955470e+03,2.589431e+03,2.603244e+03,2.704231e+03,2.410207e+03,2.391949e+03
56.6800,3.005988e+03,2.633362e+03,2.647424e+03,2.750229e+03,2.450909e+03,2.432323e+03
56.7000,3.058493e+03,2.679027e+03,2.693347e+03,2.798040e+03,2.493222e+03,2.474294e+03
56.7200,3.113087e+03,2.726513e+03,2.741101e+03,2.847757e+03,2.537225e+03,2.517942e+03
56.7400,3.169874e+03,2.775914e+03,2.790781e+03,2.899476e+03,2.583005e+03,2.563353e+03
56.7600,3.228970e+03,2.827329e+03,2.842486e+03,2.953302e+03,2.630654e+03,2.610619e+03
56.7800,3.290496e+03,2.880863e+03,2.896322e+03,3.009344e+03,2.680271e+03,2.659837e+03
56.8000,3.354581e+03,2.936630e+03,2.952404e+03,3.067722e+03,2.731961e+03,2.711111e+03
56.8200,3.421364e+03,2.994751e+03,3.010851e+03,3.128561e+03,2.785834e+03,2.764551e+03
56.8400,3.490992e+03,3.055354e+03,3.071795e+03,3.191997e+03,2.842012e+03,2.820278e+03
56.8600,3.563625e+03,3.118578e+03,3.135375e+03,3.258174e+03,2.900623e+03,2.878419e+03
56.8800,3.639432e+03,3.184571e+03,3.201739e+03,3.327248e+03,2.961803e+03,2.939109e+03
56.9000,3.718595e+03,3.253492e+03,3.271047e+03,3.399384e+03,3.025701e+03,3.002495e+03
56.9200,3.801311e+03,3.325512e+03,3.343471e+03,3.474761e+03,3.092476e+03,3.068735e+03
56.9400,3.887788e+03,3.400814e+03,3.419195e+03,3.553571e+03,3.162296e+03,3.137997e+03
56.9600,3.978255e+03,3.479595e+03,3.498418e+03,3.636021e+03,3.235346e+03,3.210463e+03
56.9800,4.072954e+03,3.562068e+03,3.581353e+03,3.722332e+03,3.311823e+03,3.286328e+03
57.0000,4.172147e+03,3.648463e+03,3.668231e+03,3.812745e+03,3.391939e+03,3.365804e+03
57.0200,4.276120e+03,3.739026e+03,3.759301e+03,3.907518e+03,3.475924e+03,3.449119e+03
57.0400,4.385178e+03,3.834025e+03,3.854831e+03,4.006930e+03,3.564026e+03,3.536518e+03
57.0600,4.499652e+03,3.933749e+03,3.955113e+03,4.111286e+03,3.656514e+03,3.628268e+03
57.0800,4.619904e+03,4.038513e+03,4.060461e+03,4.220912e+03,3.753678e+03,3.724658e+03
57.1000,4.746321e+03,4.148655e+03,4.171218e+03,4.336164e+03,3.855835e+03,3.826001e+03
57.1200,4.879328e+03,4.264545e+03,4.287756e+03,4.457428e+03,3.963326e+03,3.932637e+03
57.1400,5.019386e+03,4.386586e+03,4.410477e+03,4.585126e+03,4.076526e+03,4.044936e+03
57.1600,5.166996e+03,4.515214e+03,4.539823e+03,4.719714e+03,4.195841e+03,4.163301e+03
57.1800,5.322706e+03,4.650909e+03,4.676274e+03,4.861693e+03,4.321713e+03,4.288172e+03
57.2000,5.487115e+03,4.794191e+03,4.820355e+03,5.011609e+03,4.454627e+03,4.420029e+03
57.2200,5.660877e+03,4.945632e+03,4.972639e+03,5.170059e+03,4.595114e+03,4.559399e+03
57.2400,5.844710e+03,5.105858e+03,5.133758e+03,5.337698e+03,4.743755e+03,4.706859e+03
57.2600,6.039403e+03,5.275557e+03,5.304401e+03,5.515245e+03,4.901187e+03,4.863040e+03
57.2800,6.245823e+03,5.455485e+03,5.485331e+03,5.703492e+03,5.068113e+03,5.028641e+03
57.3000,6.464926e+03,5.646476e+03,5.677385e+03,5.903310e+03,5.245306e+03,5.204428e+03
57.3200,6.697766e+03,5.849451e+03,5.881488e+03,6.115664e+03,5.433622e+03,5.391250e+03
57.3400,6.945513e+03,6.065428e+03,6.098666e+03,6.341617e+03,5.634006e+03,5.590043e+03
57.3600,7.209460e+03,6.295537e+03,6.330054e+03,6.582352e+03,5.847505e+03,5.801849e+03
57.3800,7.491047e+03,6.541032e+03,6.576914e+03,6.839181e+03,6.075284e+03,6.027823e+03
57.4000,7.791875e+03,6.803312e+03,6.840651e+03,7.113567e+03,6.318641e+03,6.269251e+03
57.4200,8.113734e+03,7.083936e+03,7.122833e+03,7.407139e+03,6.579023e+03,6.527569e+03
57.4400,8.458623e+03,7.384649e+03,7.425217e+03,7.721726e+03,6.858051e+03,6.804386e+03
57.4600,8.828790e+03,7.707412e+03,7.749772e+03,8.059376e+03,7.157543e+03,7.101505e+03
57.4800,9.226759e+03,8.054426e+03,8.098712e+03,8.422392e+03,7.479542e+03,7.420955e+03
57.5000,9.655380e+03,8.428178e+03,8.474539e+03,8.813376e+03,7.826357e+03,7.765024e+03
57.5200,1.011788e+04,8.831481e+03,8.880079e+03,9.235269e+03,8.200598e+03,8.136302e+03
57.5400,1.061791e+04,9.267525e+03,9.318543e+03,9.691409e+03,8.605227e+03,8.537728e+03
57.5600,1.115965e+04,9.739946e+03,9.793584e+03,1.018560e+04,9.043617e+03,8.972649e+03
57.5800,1.174785e+04,1.025290e+04,1.030938e+04,1.072218e+04,9.519624e+03,9.444889e+03
57.6000,1.238798e+04,1.081114e+04,1.087072e+04,1.130614e+04,1.003767e+04,9.958834e+03
57.6200,1.308631e+04,1.142016e+04,1.148312e+04,1.194321e+04,1.060284e+04,1.051953e+04
57.6400,1.385012e+04,1.208630e+04,1.215294e+04,1.264002e+04,1.122101e+04,1.113282e+04
57.6600,1.468784e+04,1.281690e+04,1.288760e+04,1.340427e+04,1.189902e+04,1.180546e+04
57.6800,1.560930e+04,1.362054e+04,1.369570e+04,1.424491e+04,1.264482e+04,1.254537e+04
57.7000,1.662602e+04,1.450729e+04,1.458735e+04,1.517248e+04,1.346775e+04,1.336179e+04
57.7200,1.775157e+04,1.548896e+04,1.557447e+04,1.619934e+04,1.437877e+04,1.426561e+04
57.7400,1.900201e+04,1.657958e+04,1.667113e+04,1.734015e+04,1.539092e+04,1.526975e+04
57.7600,2.039649e+04,1.779583e+04,1.789412e+04,1.861238e+04,1.651966e+04,1.638958e+04
57.7800,2.195793e+04,1.915773e+04,1.926356e+04,2.003695e+04,1.778358e+04,1.764350e+04
57.8000,2.371400e+04,2.068940e+04,2.080372e+04,2.163911e+04,1.920507e+04,1.905376e+04
57.8200,2.569835e+04,2.242019e+04,2.254410e+04,2.344953e+04,2.081136e+04,2.064735e+04
57.8400,2.795214e+04,2.438602e+04,2.452081e+04,2.550580e+04,2.263578e+04,2.245736e+04
57.8600,3.052624e+04,2.663125e+04,2.677847e+04,2.785432e+04,2.471952e+04,2.452464e+04
57.8800,3.348404e+04,2.921117e+04,2.937269e+04,3.055293e+04,2.711390e+04,2.690010e+04
57.9000,3.690532e+04,3.219539e+04,3.237343e+04,3.367442e+04,2.988351e+04,2.964782e+04
57.9200,4.089160e+04,3.567245e+04,3.586975e+04,3.731142e+04,3.311052e+04,3.284934e+04
57.9400,4.557356e+04,3.975634e+04,3.997624e+04,4.158314e+04,3.690073e+04,3.660961e+04
57.9600,5.112160e+04,4.459571e+04,4.484241e+04,4.664509e+04,4.139210e+04,4.106550e+04
57.9800,5.776117e+04,5.038720e+04,5.066597e+04,5.270295e+04,4.676716e+04,4.639810e+04
58.0000,6.579525e+04,5.739511e+04,5.771268e+04,6.003316e+04,5.327117e+04,5.285074e+04
58.0200,7.563820e+04,6.598089e+04,6.634599e+04,6.901380e+04,6.123961e+04,6.075624e+04
58.0400,8.786812e+04,7.664879e+04,7.707296e+04,8.017230e+04,7.114049e+04,7.057891e+04
58.0600,1.033111e+05,9.011940e+04,9.061814e+04,9.426240e+04,8.364257e+04,8.298224e+04
58.0800,1.231934e+05,1.074624e+05,1.080572e+05,1.124030e+05,9.973865e+04,9.895118e+04
58.1000,1.495030e+05,1.304119e+05,1.311337e+05,1.364078e+05,1.210381e+05,1.200824e+05
58.1200,1.861582e+05,1.623857e+05,1.632845e+05,1.698520e+05,1.507132e+05,1.495231e+05
58.1400,2.430067e+05,2.119740e+05,2.131473e+05,2.217205e+05,1.967362e+05,1.951827e+05
58.1600,3.470428e+05,3.027235e+05,3.043992e+05,3.166431e+05,2.809613e+05,2.787426e+05
58.1800,5.636700e+05,4.916852e+05,4.944070e+05,5.142942e+05,4.563378e+05,4.527339e+05
58.2000,1.013386e+06,8.839676e+05,8.888609e+05,9.246154e+05,8.204173e+05,8.139379e+05
58.2200,1.837790e+06,1.603088e+06,1.611962e+06,1.676804e+06,1.487837e+06,1.476086e+06
58.2400,3.073533e+06,2.681014e+06,2.695855e+06,2.804297e+06,2.488267e+06,2.468615e+06
58.2600,4.464301e+06,3.894168e+06,3.915725e+06,4.073237e+06,3.614202e+06,3.585657e+06
58.2800,5.314253e+06,4.635572e+06,4.661234e+06,4.848735e+06,4.302304e+06,4.268324e+06
58.3000,4.928142e+06,4.298771e+06,4.322568e+06,4.496447e+06,3.989717e+06,3.958207e+06
58.3200,3.650529e+06,3.184321e+06,3.201949e+06,3.330750e+06,2.955389e+06,2.932048e+06
58.3400,2.297424e+06,2.004021e+06,2.015115e+06,2.096174e+06,1.859945e+06,1.845256e+06
58.3600,1.297718e+06,1.131987e+06,1.138253e+06,1.184040e+06,1.050605e+06,1.042307e+06
58.3800,7.103419e+05,6.196243e+05,6.230543e+05,6.481169e+05,5.750781e+05,5.705363e+05
58.4000,4.161779e+05,3.630276e+05,3.650372e+05,3.797209e+05,3.369291e+05,3.342682e+05
58.4200,2.771802e+05,2.417812e+05,2.431196e+05,2.528991e+05,2.243995e+05,2.226273e+05
58.4400,2.059779e+05,1.796719e+05,1.806665e+05,1.879339e+05,1.667554e+05,1.654385e+05
58.4600,1.628959e+05,1.420918e+05,1.428783e+05,1.486257e+05,1.318770e+05,1.308355e+05
58.4800,1.330435e+05,1.160516e+05,1.166940e+05,1.213881e+05,1.077089e+05,1.068583e+05
58.5000,1.108556e+05,9.669717e+04,9.723246e+04,1.011437e+05,8.974582e+04,8.903711e+04
58.5200,9.378918e+04,8.181017e+04,8.226305e+04,8.557223e+04,7.592902e+04,7.532943e+04
58.5400,8.037439e+04,7.010842e+04,7.049652e+04,7.333243e+04,6.506847e+04,6.455465e+04
58.5600,6.964683e+04,6.075071e+04,6.108702e+04,6.354448e+04,5.638345e+04,5.593822e+04
58.5800,6.094013e+04,5.315579e+04,5.345006e+04,5.560036e+04,4.933447e+04,4.894490e+04
58.6000,5.378091e+04,4.691071e+04,4.717042e+04,4.906816e+04,4.353830e+04,4.319450e+04
58.6200,4.782576e+04,4.171592e+04,4.194688e+04,4.363455e+04,3.871691e+04,3.841118e+04
58.6400,4.282087e+04,3.735005e+04,3.755684e+04,3.906797e+04,3.466483e+04,3.439110e+04
58.6600,3.857560e+04,3.364678e+04,3.383308e+04,3.519447e+04,3.122772e+04,3.098113e+04
58.6800,3.494459e+04,3.047932e+04,3.064809e+04,3.188141e+04,2.828790e+04,2.806452e+04
58.7000,3.181549e+04,2.774967e+04,2.790334e+04,2.902630e+04,2.575441e+04,2.555103e+04
58.7200,2.910042e+04,2.538117e+04,2.552173e+04,2.654894e+04,2.355611e+04,2.337008e+04
58.7400,2.672984e+04,2.331317e+04,2.344229e+04,2.438590e+04,2.163670e+04,2.146582e+04
58.7600,2.464818e+04,2.149719e+04,2.161627e+04,2.248647e+04,1.995119e+04,1.979361e+04
58.7800,2.281062e+04,1.989413e+04,2.000434e+04,2.080976e+04,1.846330e+04,1.831746e+04
58.8000,2.118067e+04,1.847216e+04,1.857451e+04,1.932246e+04,1.714348e+04,1.700805e+04
58.8200,1.972839e+04,1.720519e+04,1.730052e+04,1.799728e+04,1.596750e+04,1.584135e+04
58.8400,1.842907e+04,1.607162e+04,1.616069e+04,1.681165e+04,1.491534e+04,1.479750e+04
58.8600,1.726211e+04,1.505351e+04,1.513695e+04,1.574679e+04,1.397034e+04,1.385995e+04
58.8800,1.621028e+04,1.413583e+04,1.421420e+04,1.478697e+04,1.311854e+04,1.301487e+04
58.9000,1.525905e+04,1.330591e+04,1.337969e+04,1.391895e+04,1.234820e+04,1.225060e+04
58.9200,1.439614e+04,1.255301e+04,1.262263e+04,1.313149e+04,1.164934e+04,1.155725e+04
58.9400,1.361104e+04,1.186800e+04,1.193384e+04,1.241504e+04,1.101348e+04,1.092641e+04
58.9600,1.289481e+04,1.124305e+04,1.130544e+04,1.176142e+04,1.043337e+04,1.035086e+04
58.9800,1.223973e+04,1.067144e+04,1.073067e+04,1.116359e+04,9.902755e+03,9.824434e+03
59.0000,1.163913e+04,1.014735e+04,1.020369e+04,1.061547e+04,9.416253e+03,9.341763e+03
59.0200,1.108725e+04,9.665759e+03,9.719434e+03,1.011179e+04,8.969184e+03,8.898215e+03
59.0400,1.057905e+04,9.222267e+03,9.273495e+03,9.647974e+03,8.557479e+03,8.489751e+03
59.0600,1.011014e+04,8.813047e+03,8.862017e+03,9.220004e+03,8.177580e+03,8.112843e+03
59.0800,9.676673e+03,8.434739e+03,8.481623e+03,8.824368e+03,7.826370e+03,7.764396e+03
59.1000,9.275258e+03,8.084388e+03,8.129340e+03,8.457975e+03,7.501106e+03,7.441690e+03
59.1200,8.902905e+03,7.759384e+03,7.802546e+03,8.118096e+03,7.199366e+03,7.142323e+03
59.1400,8.556968e+03,7.457420e+03,7.498919e+03,7.802317e+03,6.919008e+03,6.864168e+03
59.1600,8.235096e+03,7.176446e+03,7.216398e+03,7.508494e+03,6.658129e+03,6.605339e+03
59.1800,7.935200e+03,6.914639e+03,6.953149e+03,7.234720e+03,6.415038e+03,6.364156e+03
59.2000,7.655413e+03,6.670370e+03,6.707537e+03,6.979292e+03,6.188223e+03,6.139122e+03
59.2200,7.394068e+03,6.442184e+03,6.478097e+03,6.740688e+03,5.976334e+03,5.928895e+03
59.2400,7.149668e+03,6.228777e+03,6.263517e+03,6.517542e+03,5.778159e+03,5.732273e+03
59.2600,6.920868e+03,6.028974e+03,6.062618e+03,6.308628e+03,5.592610e+03,5.548178e+03
59.2800,6.706458e+03,5.841722e+03,5.874337e+03,6.112842e+03,5.418706e+03,5.375636e+03
59.3000,6.505347e+03,5.666066e+03,5.697718e+03,5.929187e+03,5.255564e+03,5.213770e+03
59.3200,6.316546e+03,5.501145e+03,5.531894e+03,5.756762e+03,5.102384e+03,5.061788e+03
59.3400,6.139163e+03,5.346180e+03,5.376081e+03,5.594752e+03,4.958443e+03,4.918970e+03
59.3600,5.972386e+03,5.200464e+03,5.229567e+03,5.442416e+03,4.823082e+03,4.784667e+03
59.3800,5.815477e+03,5.063352e+03,5.091706e+03,5.299083e+03,4.695707e+03,4.658284e+03
59.4000,5.667768e+03,4.934261e+03,4.961910e+03,5.164139e+03,4.575773e+03,4.539285e+03
59.4200,5.528646e+03,4.812656e+03,4.839643e+03,5.037028e+03,4.462786e+03,4.427177e+03
59.4400,5.397553e+03,4.698052e+03,4.724415e+03,4.917241e+03,4.356294e+03,4.321513e+03
59.4600,5.273981e+03,4.590004e+03,4.615779e+03,4.804313e+03,4.255885e+03,4.221883e+03
59.4800,5.157463e+03,4.488105e+03,4.513326e+03,4.697817e+03,4.161180e+03,4.127913e+03
59.5000,5.047572e+03,4.391982e+03,4.416682e+03,4.597366e+03,4.071835e+03,4.039259e+03
59.5200,4.943917e+03,4.301294e+03,4.325503e+03,4.502600e+03,3.987531e+03,3.955607e+03
59.5400,4.846139e+03,4.215728e+03,4.239474e+03,4.413194e+03,3.907979e+03,3.876668e+03
59.5600,4.753909e+03,4.134996e+03,4.158306e+03,4.328845e+03,3.832911e+03,3.802178e+03
59.5800,4.666922e+03,4.058834e+03,4.081734e+03,4.249278e+03,3.762081e+03,3.731893e+03
59.6000,4.584902e+03,3.986998e+03,4.009512e+03,4.174238e+03,3.695264e+03,3.665588e+03
59.6200,4.507591e+03,3.919265e+03,3.941416e+03,4.103492e+03,3.632252e+03,3.603059e+03
59.6400,4.434755e+03,3.855429e+03,3.877239e+03,4.036824e+03,3.572855e+03,3.544115e+03
59.6600,4.366177e+03,3.795302e+03,3.816791e+03,3.974037e+03,3.516897e+03,3.488582e+03
59.6800,4.301657e+03,3.738709e+03,3.759898e+03,3.914949e+03,3.464215e+03,3.436301e+03
59.7000,4.241013e+03,3.685490e+03,3.706397e+03,3.859392e+03,3.414662e+03,3.387122e+03
59.7200,4.184076e+03,3.635498e+03,3.656141e+03,3.807213e+03,3.368101e+03,3.340912e+03
59.7400,4.130690e+03,3.588598e+03,3.608995e+03,3.758270e+03,3.324406e+03,3.297544e+03
59.7600,4.080716e+03,3.544666e+03,3.564833e+03,3.712434e+03,3.283462e+03,3.256906e+03
59.7800,4.034022e+03,3.503588e+03,3.523542e+03,3.669587e+03,3.245164e+03,3.218891e+03
59.8000,3.990491e+03,3.465261e+03,3.485018e+03,3.629619e+03,3.209415e+03,3.183406e+03
59.8200,3.950013e+03,3.429590e+03,3.449164e+03,3.592432e+03,3.176126e+03,3.150361e+03
59.8400,3.912492e+03,3.396489e+03,3.415894e+03,3.557935e+03,3.145219e+03,3.119679e+03
59.8600,3.877837e+03,3.365880e+03,3.385131e+03,3.526049e+03,3.116620e+03,3.091286e+03
59.8800,3.845969e+03,3.337693e+03,3.356804e+03,3.496699e+03,3.090265e+03,3.065118e+03
59.9000,3.816816e+03,3.311864e+03,3.330848e+03,3.469819e+03,3.066094e+03,3.041117e+03
59.9200,3.790315e+03,3.288339e+03,3.307210e+03,3.445352e+03,3.044056e+03,3.019231e+03
59.9400,3.766409e+03,3.267068e+03,3.285838e+03,3.423246e+03,3.024104e+03,2.999416e+03
59.9600,3.745052e+03,3.248009e+03,3.266690e+03,3.403457e+03,3.006200e+03,2.981630e+03
59.9800,3.726200e+03,3.231124e+03,3.249730e+03,3.385947e+03,2.990308e+03,2.965841e+03
60.0000,3.709822e+03,3.216385e+03,3.234927e+03,3.370685e+03,2.976402e+03,2.952021e+03
60.0200,3.695889e+03,3.203766e+03,3.222257e+03,3.357645e+03,2.964458e+03,2.940146e+03
60.0400,3.684382e+03,3.193251e+03,3.211703e+03,3.346810e+03,2.954459e+03,2.930201e+03
60.0600,3.675287e+03,3.184826e+03,3.203251e+03,3.338166e+03,2.946394e+03,2.922174e+03
60.0800,3.668599e+03,3.178485e+03,3.196896e+03,3.331707e+03,2.940256e+03,2.916058e+03
60.1000,3.664317e+03,3.174229e+03,3.192637e+03,3.327433e+03,2.936044e+03,2.911852e+03
60.1200,3.662448e+03,3.172062e+03,3.190480e+03,3.325351e+03,2.933764e+03,2.909562e+03
60.1400,3.663008e+03,3.171996e+03,3.190436e+03,3.325472e+03,2.933427e+03,2.909198e+03
60.1600,3.666018e+03,3.174051e+03,3.192525e+03,3.327816e+03,2.935047e+03,2.910776e+03
60.1800,3.671506e+03,3.178248e+03,3.196770e+03,3.332409e+03,2.938648e+03,2.914317e+03
60.2000,3.679510e+03,3.184621e+03,3.203202e+03,3.339283e+03,2.944258e+03,2.919850e+03
60.2200,3.690075e+03,3.193207e+03,3.211861e+03,3.348479e+03,2.951911e+03,2.927410e+03
60.2400,3.703254e+03,3.204051e+03,3.222791e+03,3.360045e+03,2.961649e+03,2.937037e+03
60.2600,3.719108e+03,3.217206e+03,3.236046e+03,3.374036e+03,2.973520e+03,2.948779e+03
60.2800,3.737709e+03,3.232733e+03,3.251687e+03,3.390516e+03,2.987581e+03,2.962692e+03
60.3000,3.759139e+03,3.250701e+03,3.269784e+03,3.409558e+03,3.003894e+03,2.978839e+03
60.3200,3.783489e+03,3.271189e+03,3.290416e+03,3.431246e+03,3.022533e+03,2.997291e+03
60.3400,3.810863e+03,3.294286e+03,3.313672e+03,3.455673e+03,3.043579e+03,3.018129e+03
60.3600,3.841377e+03,3.320091e+03,3.339652e+03,3.482942e+03,3.067121e+03,3.041443e+03
60.3800,3.875159e+03,3.348713e+03,3.368467e+03,3.513170e+03,3.093263e+03,3.067334e+03
60.4000,3.912352e+03,3.380277e+03,3.400241e+03,3.546486e+03,3.122117e+03,3.095914e+03
60.4200,3.953116e+03,3.414917e+03,3.435111e+03,3.583034e+03,3.153808e+03,3.127306e+03
60.4400,3.997626e+03,3.452786e+03,3.473228e+03,3.622971e+03,3.188475e+03,3.161650e+03
60.4600,4.046077e+03,3.494050e+03,3.514761e+03,3.666475e+03,3.226273e+03,3.199096e+03
60.4800,4.098685e+03,3.538895e+03,3.559895e+03,3.713739e+03,3.267370e+03,3.239813e+03
60.5000,4.155687e+03,3.587523e+03,3.608837e+03,3.764978e+03,3.311954e+03,3.283988e+03
60.5200,4.217345e+03,3.640161e+03,3.661813e+03,3.820429e+03,3.360235e+03,3.331827e+03
60.5400,4.283952e+03,3.697060e+03,3.719074e+03,3.880356e+03,3.412440e+03,3.383557e+03
60.5600,4.355828e+03,3.758494e+03,3.780899e+03,3.945047e+03,3.468825e+03,3.439431e+03
60.5800,4.433329e+03,3.824769e+03,3.847595e+03,4.014824e+03,3.529671e+03,3.499726e+03
60.6000,4.516849e+03,3.896225e+03,3.919503e+03,4.090045e+03,3.595290e+03,3.564753e+03
60.6200,4.606825e+03,3.973236e+03,3.997000e+03,4.171102e+03,3.666027e+03,3.634854e+03
60.6400,4.703743e+03,4.056221e+03,4.080507e+03,4.258435e+03,3.742266e+03,3.710410e+03
60.6600,4.808142e+03,4.145643e+03,4.170490e+03,4.352532e+03,3.824435e+03,3.791843e+03
60.6800,4.920625e+03,4.242018e+03,4.267470e+03,4.453936e+03,3.913010e+03,3.879627e+03
60.7000,5.041861e+03,4.345924e+03,4.372025e+03,4.563253e+03,4.008521e+03,3.974286e+03
60.7200,5.172602e+03,4.458006e+03,4.484806e+03,4.681160e+03,4.111561e+03,4.076410e+03
60.7400,5.313686e+03,4.578985e+03,4.606539e+03,4.808417e+03,4.222797e+03,4.186657e+03
60.7600,5.466058e+03,4.709672e+03,4.738040e+03,4.945876e+03,4.342975e+03,4.305769e+03
60.7800,5.630780e+03,4.850981e+03,4.880227e+03,5.094496e+03,4.472934e+03,4.434577e+03
60.8000,5.809049e+03,5.003942e+03,5.034137e+03,5.255361e+03,4.613625e+03,4.574022e+03
60.8200,6.002221e+03,5.169718e+03,5.200941e+03,5.429694e+03,4.766118e+03,4.725168e+03
60.8400,6.211833e+03,5.349633e+03,5.381970e+03,5.618884e+03,4.931632e+03,4.889221e+03
60.8600,6.439635e+03,5.545191e+03,5.578737e+03,5.824514e+03,5.111551e+03,5.067554e+03
60.8800,6.687626e+03,5.758109e+03,5.792971e+03,6.048388e+03,5.307458e+03,5.261735e+03
60.9000,6.958093e+03,5.990356e+03,6.026652e+03,6.292574e+03,5.521164e+03,5.473559e+03
60.9200,7.253668e+03,6.244193e+03,6.282055e+03,6.559450e+03,5.754753e+03,5.705093e+03
60.9400,7.577389e+03,6.522232e+03,6.561808e+03,6.851761e+03,6.010629e+03,5.958720e+03
60.9600,7.932777e+03,6.827500e+03,6.868957e+03,7.172687e+03,6.291579e+03,6.237203e+03
60.9800,8.323928e+03,7.163520e+03,7.207047e+03,7.525932e+03,6.600848e+03,6.543757e+03
61.0000,8.755635e+03,7.534413e+03,7.580222e+03,7.915826e+03,6.942230e+03,6.882144e+03
61.0200,9.233531e+03,7.945022e+03,7.993356e+03,8.347458e+03,7.320184e+03,7.256783e+03
61.0400,9.764269e+03,8.401066e+03,8.452203e+03,8.826840e+03,7.739977e+03,7.672898e+03
61.0600,1.035575e+04,8.909343e+03,8.963604e+03,9.361117e+03,8.207870e+03,8.136691e+03
61.0800,1.101744e+04,9.477979e+03,9.535732e+03,9.958827e+03,8.731343e+03,8.655581e+03
61.1000,1.176069e+04,1.011675e+04,1.017842e+04,1.063024e+04,9.319398e+03,9.238489e+03
61.1200,1.259927e+04,1.083749e+04,1.090359e+04,1.138781e+04,9.982940e+03,9.896224e+03
61.1400,1.355001e+04,1.165466e+04,1.172578e+04,1.224672e+04,1.073528e+04,1.064198e+04
61.1600,1.463358e+04,1.258605e+04,1.266287e+04,1.322566e+04,1.159278e+04,1.149199e+04
61.1800,1.587566e+04,1.365372e+04,1.373710e+04,1.434783e+04,1.257579e+04,1.246640e+04
61.2000,1.730841e+04,1.488535e+04,1.497627e+04,1.564231e+04,1.370978e+04,1.359048e+04
61.2200,1.897259e+04,1.631596e+04,1.641565e+04,1.714591e+04,1.502699e+04,1.489618e+04
61.2400,2.092036e+04,1.799040e+04,1.810035e+04,1.890577e+04,1.656873e+04,1.642446e+04
61.2600,2.321937e+04,1.996685e+04,2.008891e+04,2.098302e+04,1.838858e+04,1.822840e+04
61.2800,2.595852e+04,2.232175e+04,2.245823e+04,2.345800e+04,2.055691e+04,2.037780e+04
61.3000,2.925649e+04,2.515712e+04,2.531097e+04,2.643794e+04,2.316768e+04,2.296577e+04
61.3200,3.327426e+04,2.861140e+04,2.878641e+04,3.006832e+04,2.634838e+04,2.611869e+04
61.3400,3.823448e+04,3.287602e+04,3.307714e+04,3.455032e+04,3.027525e+04,3.001128e+04
61.3600,4.445169e+04,3.822142e+04,3.845527e+04,4.016818e+04,3.519736e+04,3.489042e+04
61.3800,5.238373e+04,4.504128e+04,4.531688e+04,4.733562e+04,4.147720e+04,4.111544e+04
61.4000,6.273776e+04,5.394360e+04,5.427371e+04,5.669163e+04,4.967466e+04,4.924135e+04
61.4200,7.677540e+04,6.601320e+04,6.641720e+04,6.937628e+04,6.078866e+04,6.025835e+04
61.4400,9.737071e+04,8.372121e+04,8.423361e+04,8.798663e+04,7.709473e+04,7.642212e+04
61.4600,1.323255e+05,1.137759e+05,1.144722e+05,1.195727e+05,1.047701e+05,1.038559e+05
61.4800,2.020236e+05,1.737036e+05,1.747668e+05,1.825539e+05,1.599537e+05,1.585579e+05
61.5000,3.494702e+05,3.004812e+05,3.023204e+05,3.157910e+05,2.766953e+05,2.742808e+05
61.5200,6.381221e+05,5.486704e+05,5.520287e+05,5.766257e+05,5.052373e+05,5.008284e+05
61.5400,1.114107e+06,9.579329e+05,9.637962e+05,1.006741e+06,8.821019e+05,8.744043e+05
61.5600,1.730687e+06,1.488082e+06,1.497191e+06,1.563901e+06,1.370284e+06,1.358326e+06
61.5800,2.264213e+06,1.946819e+06,1.958736e+06,2.046012e+06,1.792707e+06,1.777063e+06
61.6000,2.345907e+06,2.017061e+06,2.029407e+06,2.119833e+06,1.857388e+06,1.841179e+06
61.6200,1.901796e+06,1.635204e+06,1.645213e+06,1.718520e+06,1.505759e+06,1.492619e+06
61.6400,1.276651e+06,1.097690e+06,1.104409e+06,1.153619e+06,1.010795e+06,1.001974e+06
61.6600,7.509333e+05,6.456657e+05,6.496179e+05,6.785638e+05,5.945533e+05,5.893649e+05
61.6800,4.126238e+05,3.547793e+05,3.569509e+05,3.728566e+05,3.266936e+05,3.238427e+05
61.7000,2.327448e+05,2.001149e+05,2.013399e+05,2.103121e+05,1.842725e+05,1.826644e+05
61.7200,1.469477e+05,1.263443e+05,1.271178e+05,1.327829e+05,1.163415e+05,1.153262e+05
61.7400,1.052215e+05,9.046678e+04,9.102066e+04,9.507751e+04,8.330395e+04,8.257690e+04
61.7600,8.180112e+04,7.032909e+04,7.075972e+04,7.391391e+04,6.476022e+04,6.419497e+04
61.7800,6.637442e+04,5.706452e+04,5.741398e+04,5.997362e+04,5.254552e+04,5.208685e+04
61.8000,5.518508e+04,4.744333e+04,4.773391e+04,4.986234e+04,4.368578e+04,4.330441e+04
61.8200,4.668879e+04,4.013768e+04,4.038356e+04,4.218458e+04,3.695828e+04,3.663560e+04
61.8400,4.007150e+04,3.444763e+04,3.465870e+04,3.620474e+04,3.171849e+04,3.144151e+04
61.8600,3.482101e+04,2.993278e+04,3.011623e+04,3.145998e+04,2.756087e+04,2.732015e+04
61.8800,3.058954e+04,2.629411e+04,2.645529e+04,2.763604e+04,2.421005e+04,2.399856e+04
61.9000,2.713267e+04,2.332145e+04,2.346445e+04,2.451205e+04,2.147253e+04,2.128491e+04
61.9200,2.427464e+04,2.086368e+04,2.099166e+04,2.192918e+04,1.920913e+04,1.904124e+04
61.9400,2.188657e+04,1.880998e+04,1.892540e+04,1.977097e+04,1.731782e+04,1.716642e+04
61.9600,1.987231e+04,1.707769e+04,1.718253e+04,1.795056e+04,1.572247e+04,1.558497e+04
61.9800,1.815902e+04,1.560418e+04,1.570001e+04,1.640210e+04,1.436541e+04,1.423973e+04
62.0000,1.669074e+04,1.434132e+04,1.442944e+04,1.507504e+04,1.320232e+04,1.308677e+04
62.0200,1.542391e+04,1.325168e+04,1.333314e+04,1.393001e+04,1.219874e+04,1.209192e+04
62.0400,1.432426e+04,1.230576e+04,1.238145e+04,1.293604e+04,1.132750e+04,1.122826e+04
62.0600,1.336451e+04,1.148013e+04,1.155079e+04,1.206849e+04,1.056702e+04,1.047440e+04
62.0800,1.252275e+04,1.075595e+04,1.082219e+04,1.130755e+04,9.899953e+03,9.813130e+03
62.1000,1.178124e+04,1.011795e+04,1.018030e+04,1.063719e+04,9.312240e+03,9.230523e+03
62.1200,1.112545e+04,9.553652e+03,9.612567e+03,1.004430e+04,8.792396e+03,8.715193e+03
62.1400,1.054346e+04,9.052797e+03,9.108664e+03,9.518078e+03,8.330965e+03,8.257765e+03
62.1600,1.002537e+04,8.606870e+03,8.660026e+03,9.049588e+03,7.920111e+03,7.850472e+03
62.1800,9.562910e+03,8.208772e+03,8.259510e+03,8.631367e+03,7.553294e+03,7.486831e+03
62.2000,9.149160e+03,7.852545e+03,7.901122e+03,8.257154e+03,7.225028e+03,7.161406e+03
62.2200,8.778274e+03,7.533162e+03,7.579804e+03,7.921666e+03,6.930686e+03,6.869606e+03
62.2400,8.445295e+03,7.246363e+03,7.291269e+03,7.620425e+03,6.666342e+03,6.607543e+03
62.2600,8.146004e+03,6.988517e+03,7.031865e+03,7.349617e+03,6.428653e+03,6.371902e+03
62.2800,7.876790e+03,6.756520e+03,6.798469e+03,7.105979e+03,6.214761e+03,6.159849e+03
62.3000,7.634555e+03,6.547707e+03,6.588401e+03,6.886711e+03,6.022212e+03,5.968952e+03
62.3200,7.416632e+03,6.359785e+03,6.399350e+03,6.689403e+03,5.848893e+03,5.797117e+03
62.3400,7.220715e+03,6.190770e+03,6.229324e+03,6.511970e+03,5.692978e+03,5.642533e+03
62.3600,7.044812e+03,6.038949e+03,6.076597e+03,6.352612e+03,5.552888e+03,5.503635e+03
62.3800,6.887193e+03,5.902833e+03,5.939672e+03,6.209765e+03,5.427252e+03,5.379065e+03
62.4000,6.746358e+03,5.781132e+03,5.817250e+03,6.082072e+03,5.314881e+03,5.267642e+03
62.4200,6.621002e+03,5.672722e+03,5.708202e+03,5.968355e+03,5.214741e+03,5.168344e+03
62.4400,6.509994e+03,5.576631e+03,5.611549e+03,5.867589e+03,5.125935e+03,5.080279e+03
62.4600,6.412352e+03,5.492013e+03,5.526440e+03,5.778889e+03,5.047685e+03,5.002677e+03
62.4800,6.327229e+03,5.418139e+03,5.452141e+03,5.701486e+03,4.979317e+03,4.934869e+03
62.5000,6.253894e+03,5.354377e+03,5.388017e+03,5.634719e+03,4.920251e+03,4.876281e+03
62.5200,6.191722e+03,5.300190e+03,5.333528e+03,5.578023e+03,4.869989e+03,4.826421e+03
62.5400,6.140182e+03,5.255121e+03,5.288214e+03,5.530918e+03,4.828112e+03,4.784869e+03
62.5600,6.098833e+03,5.218788e+03,5.251690e+03,5.493002e+03,4.794265e+03,4.751277e+03
62.5800,6.067312e+03,5.190877e+03,5.223640e+03,5.463947e+03,4.768160e+03,4.725357e+03
62.6000,6.045331e+03,5.171138e+03,5.203815e+03,5.443492e+03,4.749566e+03,4.706882e+03
62.6200,6.032673e+03,5.159384e+03,5.192024e+03,5.431439e+03,4.738308e+03,4.695676e+03
62.6400,6.029188e+03,5.155483e+03,5.188136e+03,5.427651e+03,4.734265e+03,4.691621e+03
62.6600,6.034793e+03,5.159361e+03,5.192075e+03,5.432051e+03,4.737366e+03,4.694646e+03
62.6800,6.049469e+03,5.170999e+03,5.203824e+03,5.444619e+03,4.747593e+03,4.704732e+03
62.7000,6.073262e+03,5.190433e+03,5.223419e+03,5.465397e+03,4.764979e+03,4.721913e+03
62.7200,6.106285e+03,5.217759e+03,5.250955e+03,5.494483e+03,4.789609e+03,4.746272e+03
62.7400,6.148720e+03,5.253128e+03,5.286586e+03,5.532039e+03,4.821620e+03,4.777945e+03
62.7600,6.200822e+03,5.296755e+03,5.330527e+03,5.578292e+03,4.861210e+03,4.817128e+03
62.7800,6.262921e+03,5.348920e+03,5.383062e+03,5.633539e+03,4.908633e+03,4.864073e+03
62.8000,6.335434e+03,5.409977e+03,5.444544e+03,5.698151e+03,4.964212e+03,4.919100e+03
62.8200,6.418867e+03,5.480355e+03,5.515408e+03,5.772584e+03,5.028341e+03,4.982598e+03
62.8400,6.513831e+03,5.560573e+03,5.596175e+03,5.857383e+03,5.101494e+03,5.055037e+03
62.8600,6.621049e+03,5.651246e+03,5.687464e+03,5.953198e+03,5.184233e+03,5.136975e+03
62.8800,6.741375e+03,5.753100e+03,5.790007e+03,6.060795e+03,5.277224e+03,5.229070e+03
62.9000,6.875812e+03,5.866989e+03,5.904662e+03,6.181073e+03,5.381248e+03,5.332097e+03
62.9200,7.025534e+03,5.993911e+03,6.032434e+03,6.315086e+03,5.497218e+03,5.446961e+03
62.9400,7.191912e+03,6.135034e+03,6.174499e+03,6.464066e+03,5.626206e+03,5.574722e+03
62.9600,7.376554e+03,6.291727e+03,6.332234e+03,6.629455e+03,5.769464e+03,5.716621e+03
62.9800,7.581341e+03,6.465591e+03,6.507252e+03,6.812941e+03,5.928460e+03,5.874113e+03
63.0000,7.808483e+03,6.658508e+03,6.701447e+03,7.016509e+03,6.104916e+03,6.048905e+03
63.0200,8.060579e+03,6.872694e+03,6.917047e+03,7.242494e+03,6.300863e+03,6.243007e+03
63.0400,8.340705e+03,7.110766e+03,7.156690e+03,7.493656e+03,6.518700e+03,6.458797e+03
63.0600,8.652509e+03,7.375833e+03,7.423502e+03,7.773273e+03,6.761273e+03,6.699095e+03
63.0800,9.000342e+03,7.671603e+03,7.721215e+03,8.085251e+03,7.031980e+03,6.967266e+03
63.1000,9.389423e+03,8.002521e+03,8.054305e+03,8.434278e+03,7.334894e+03,7.267347e+03
63.1200,9.826052e+03,8.373953e+03,8.428173e+03,8.826010e+03,7.674933e+03,7.604209e+03
63.1400,1.031788e+04,8.792420e+03,8.849380e+03,9.267321e+03,8.058069e+03,7.983770e+03
63.1600,1.087427e+04,9.265902e+03,9.325959e+03,9.766623e+03,8.491616e+03,8.413276e+03
63.1800,1.150680e+04,9.804251e+03,9.867826e+03,1.033430e+04,8.984600e+03,8.901669e+03
63.2000,1.222984e+04,1.041973e+04,1.048733e+04,1.098328e+04,9.548260e+03,9.460085e+03
63.2200,1.306152e+04,1.112777e+04,1.119998e+04,1.172983e+04,1.019673e+04,1.010253e+04
63.2400,1.402483e+04,1.194798e+04,1.202554e+04,1.259460e+04,1.094798e+04,1.084680e+04
63.2600,1.514938e+04,1.290557e+04,1.298937e+04,1.360420e+04,1.182512e+04,1.171579e+04
63.2800,1.647372e+04,1.403341e+04,1.412455e+04,1.479325e+04,1.285825e+04,1.273934e+04
63.3000,1.804885e+04,1.537493e+04,1.547480e+04,1.620753e+04,1.408718e+04,1.395688e+04
63.3200,1.994319e+04,1.698846e+04,1.709882e+04,1.790854e+04,1.556536e+04,1.542135e+04
63.3400,2.225031e+04,1.895372e+04,1.907686e+04,1.998029e+04,1.736583e+04,1.720514e+04
63.3600,2.510063e+04,2.138184e+04,2.152076e+04,2.253993e+04,1.959044e+04,1.940915e+04
63.3800,2.868043e+04,2.443156e+04,2.459029e+04,2.575478e+04,2.238462e+04,2.217747e+04
63.4000,3.326601e+04,2.833833e+04,2.852243e+04,2.987303e+04,2.596414e+04,2.572387e+04
63.4200,3.930485e+04,3.348345e+04,3.370095e+04,3.529657e+04,3.067840e+04,3.039450e+04
63.4400,4.767736e+04,4.061717e+04,4.088097e+04,4.281622e+04,3.721486e+04,3.687051e+04
63.4600,6.059341e+04,5.162257e+04,5.195779e+04,5.441687e+04,4.729909e+04,4.686148e+04
63.4800,8.411086e+04,7.166181e+04,7.212703e+04,7.553973e+04,6.566131e+04,6.505394e+04
63.5000,1.329234e+05,1.132559e+05,1.139909e+05,1.193827e+05,1.037750e+05,1.028153e+05
63.5200,2.341530e+05,1.995166e+05,2.008111e+05,2.103070e+05,1.828182e+05,1.811279e+05
63.5400,4.197805e+05,3.576958e+05,3.600163e+05,3.770377e+05,3.277630e+05,3.247329e+05
63.5600,6.983183e+05,5.950474e+05,5.989074e+05,6.272209e+05,5.452561e+05,5.402157e+05
63.5800,1.012427e+06,8.627099e+05,8.683059e+05,9.093536e+05,7.905242e+05,7.832168e+05
63.6000,1.205620e+06,1.027336e+06,1.034000e+06,1.082880e+06,9.413762e+05,9.326744e+05
63.6200,1.120290e+06,9.546217e+05,9.608140e+05,1.006235e+06,8.747452e+05,8.666592e+05
63.6400,8.328195e+05,7.096565e+05,7.142600e+05,7.480272e+05,6.502743e+05,6.442630e+05
63.6600,5.274961e+05,4.494777e+05,4.523937e+05,4.737836e+05,4.118626e+05,4.080549e+05
63.6800,3.016523e+05,2.570264e+05,2.586943e+05,2.709288e+05,2.355121e+05,2.333342e+05
63.7000,1.689308e+05,1.439280e+05,1.448625e+05,1.517168e+05,1.318754e+05,1.306554e+05
63.7200,1.025666e+05,8.737513e+04,8.794282e+04,9.210719e+04,8.005325e+04,7.931216e+04
63.7400,7.137568e+04,6.079470e+04,6.119005e+04,6.409033e+04,5.569592e+04,5.517988e+04
63.7600,5.557631e+04,4.732989e+04,4.763797e+04,4.989816e+04,4.335685e+04,4.295477e+04
63.7800,4.617359e+04,3.931581e+04,3.957199e+04,4.145142e+04,3.601245e+04,3.567816e+04
63.8000,3.979087e+04,3.387510e+04,3.409605e+04,3.571718e+04,3.102604e+04,3.073776e+04
63.8200,3.516847e+04,2.993431e+04,3.012979e+04,3.156401e+04,2.741403e+04,2.715903e+04
63.8400,3.173314e+04,2.700495e+04,2.718151e+04,2.847698e+04,2.472877e+04,2.449848e+04
63.8600,2.915525e+04,2.480612e+04,2.496850e+04,2.616001e+04,2.271285e+04,2.250108e+04
63.8800,2.722000e+04,2.315476e+04,2.330652e+04,2.442016e+04,2.119852e+04,2.100063e+04
63.9000,2.578042e+04,2.192563e+04,2.206951e+04,2.312541e+04,2.007102e+04,1.988342e+04
63.9200,2.473369e+04,2.103108e+04,2.116927e+04,2.218340e+04,1.925002e+04,1.906988e+04
63.9400,2.400695e+04,2.040900e+04,2.054327e+04,2.152866e+04,1.867860e+04,1.850360e+04
63.9600,2.354826e+04,2.001513e+04,2.014697e+04,2.111454e+04,1.831619e+04,1.814438e+04
63.9800,2.332078e+04,1.981804e+04,1.994873e+04,2.090792e+04,1.813397e+04,1.796367e+04
64.0000,2.329883e+04,1.979582e+04,1.992651e+04,2.088571e+04,1.811185e+04,1.794157e+04
64.0200,2.346531e+04,1.993386e+04,2.006560e+04,2.103254e+04,1.823643e+04,1.806480e+04
64.0400,2.380997e+04,2.022340e+04,2.035718e+04,2.133917e+04,1.849967e+04,1.832539e+04
64.0600,2.432833e+04,2.066055e+04,2.079735e+04,2.180153e+04,1.889797e+04,1.871977e+04
64.0800,2.502096e+04,2.124576e+04,2.138656e+04,2.242011e+04,1.943173e+04,1.924833e+04
64.1000,2.589320e+04,2.198351e+04,2.212932e+04,2.319966e+04,2.010501e+04,1.991510e+04
64.1200,2.695510e+04,2.288230e+04,2.303419e+04,2.414915e+04,2.092556e+04,2.072775e+04
64.1400,2.822171e+04,2.395486e+04,2.411398e+04,2.528203e+04,2.190501e+04,2.169779e+04
64.1600,2.971356e+04,2.521858e+04,2.538620e+04,2.661668e+04,2.305924e+04,2.284096e+04
64.1800,3.145750e+04,2.669620e+04,2.687375e+04,2.817711e+04,2.440903e+04,2.417782e+04
64.2000,3.348792e+04,2.841688e+04,2.860598e+04,2.999411e+04,2.598100e+04,2.573477e+04
64.2200,3.584839e+04,3.041756e+04,3.062007e+04,3.210667e+04,2.780892e+04,2.754523e+04
64.2400,3.859398e+04,3.274492e+04,3.296302e+04,3.456409e+04,2.993545e+04,2.965146e+04
64.2600,4.179441e+04,3.545808e+04,3.569434e+04,3.742879e+04,3.241461e+04,3.210697e+04
64.2800,4.553831e+04,3.863219e+04,3.888971e+04,4.078011e+04,3.531509e+04,3.497979e+04
64.3000,4.993926e+04,4.236358e+04,4.264606e+04,4.471973e+04,3.872491e+04,3.835711e+04
64.3200,5.514412e+04,4.677678e+04,4.708878e+04,4.937915e+04,4.275788e+04,4.235165e+04
64.3400,6.134497e+04,5.203469e+04,5.238184e+04,5.493033e+04,4.756289e+04,4.711088e+04
64.3600,6.879636e+04,5.835315e+04,5.874255e+04,6.160115e+04,5.333720e+04,5.283018e+04
64.3800,7.784065e+04,6.602253e+04,6.646320e+04,6.969816e+04,6.034617e+04,5.977240e+04
64.4000,8.894626e+04,7.544005e+04,7.594367e+04,7.964072e+04,6.895286e+04,6.829713e+04
64.4200,1.027665e+05,8.715981e+04,8.774175e+04,9.201379e+04,7.966366e+04,7.890594e+04
64.4400,1.202345e+05,1.019730e+05,1.026540e+05,1.076527e+05,9.320171e+04,9.231510e+04
64.4600,1.427327e+05,1.210522e+05,1.218607e+05,1.277953e+05,1.106386e+05,1.095860e+05
64.4800,1.724911e+05,1.462885e+05,1.472655e+05,1.544381e+05,1.337026e+05,1.324304e+05
64.5000,2.138622e+05,1.813730e+05,1.825845e+05,1.914779e+05,1.657674e+05,1.641900e+05
64.5200,2.777002e+05,2.355109e+05,2.370841e+05,2.486328e+05,2.152458e+05,2.131973e+05
64.5400,3.937862e+05,3.339580e+05,3.361890e+05,3.525662e+05,3.052200e+05,3.023151e+05
64.5600,6.348633e+05,5.384049e+05,5.420018e+05,5.684062e+05,4.920714e+05,4.873879e+05
64.5800,1.136775e+06,9.640548e+05,9.704955e+05,1.017776e+06,8.810885e+05,8.727020e+05
64.6000,2.063031e+06,1.749574e+06,1.761263e+06,1.847069e+06,1.599003e+06,1.583783e+06
64.6200,3.464382e+06,2.938001e+06,2.957630e+06,3.101722e+06,2.685151e+06,2.659592e+06
64.6400,5.064455e+06,4.294955e+06,4.323650e+06,4.534293e+06,3.925322e+06,3.887958e+06
64.6600,6.083825e+06,5.159440e+06,5.193911e+06,5.446953e+06,4.715407e+06,4.670523e+06
64.6800,5.698794e+06,4.832910e+06,4.865199e+06,5.102227e+06,4.416979e+06,4.374935e+06
64.7000,4.254560e+06,3.608116e+06,3.632222e+06,3.809180e+06,3.297593e+06,3.266204e+06
64.7200,2.692939e+06,2.283769e+06,2.299027e+06,2.411034e+06,2.087223e+06,2.067356e+06
64.7400,1.526634e+06,1.294674e+06,1.303324e+06,1.366821e+06,1.183252e+06,1.171989e+06
64.7600,8.359780e+05,7.089571e+05,7.136936e+05,7.484642e+05,6.479429e+05,6.417755e+05
64.7800,4.884366e+05,4.142212e+05,4.169886e+05,4.373041e+05,3.785726e+05,3.749692e+05
64.8000,3.242574e+05,2.749872e+05,2.768244e+05,2.903114e+05,2.513212e+05,2.489290e+05
64.8200,2.406256e+05,2.040620e+05,2.054254e+05,2.154341e+05,1.864998e+05,1.847246e+05
64.8400,1.903596e+05,1.614331e+05,1.625117e+05,1.704298e+05,1.475394e+05,1.461351e+05
64.8600,1.556712e+05,1.320148e+05,1.328969e+05,1.393722e+05,1.206527e+05,1.195042e+05
64.8800,1.299399e+05,1.101927e+05,1.109290e+05,1.163343e+05,1.007085e+05,9.974982e+04
64.9000,1.101717e+05,9.342762e+04,9.405193e+04,9.863510e+04,8.538596e+04,8.457314e+04
64.9200,9.464855e+04,8.026262e+04,8.079899e+04,8.473664e+04,7.335373e+04,7.265542e+04
64.9400,8.224714e+04,6.974501e+04,7.021113e+04,7.363310e+04,6.374105e+04,6.313421e+04
64.9600,7.219230e+04,6.121742e+04,6.162660e+04,6.463048e+04,5.594713e+04,5.541445e+04
64.9800,6.393398e+04,5.421337e+04,5.457577e+04,5.723631e+04,4.954562e+04,4.907384e+04
65.0000,5.707349e+04,4.839476e+04,4.871830e+04,5.109362e+04,4.422751e+04,4.380633e+04
65.0200,5.131650e+04,4.351197e+04,4.380292e+04,4.593892e+04,3.976468e+04,3.938596e+04
65.0400,4.644217e+04,3.937771e+04,3.964106e+04,4.157447e+04,3.598596e+04,3.564318e+04
65.0600,4.228231e+04,3.584936e+04,3.608915e+04,3.784968e+04,3.276099e+04,3.244887e+04
65.0800,3.870717e+04,3.281686e+04,3.303642e+04,3.464840e+04,2.998920e+04,2.970344e+04
65.1000,3.561548e+04,3.019434e+04,3.039640e+04,3.187994e+04,2.759208e+04,2.732911e+04
65.1200,3.292735e+04,2.791404e+04,2.810089e+04,2.947278e+04,2.550773e+04,2.526456e+04
65.1400,3.057925e+04,2.592208e+04,2.609565e+04,2.737004e+04,2.368690e+04,2.346103e+04
65.1600,2.852027e+04,2.417528e+04,2.433721e+04,2.552613e+04,2.209010e+04,2.187940e+04
65.1800,2.670939e+04,2.263886e+04,2.279055e+04,2.390432e+04,2.068556e+04,2.048819e+04
65.2000,2.511351e+04,2.128473e+04,2.142740e+04,2.247499e+04,1.944761e+04,1.926199e+04
65.2200,2.370595e+04,2.009026e+04,2.022498e+04,2.121422e+04,1.835556e+04,1.818028e+04
65.2400,2.246538e+04,1.903735e+04,1.916508e+04,2.010293e+04,1.739285e+04,1.722670e+04
65.2600,2.137509e+04,1.811183e+04,1.823341e+04,1.912614e+04,1.654654e+04,1.638840e+04
65.2800,2.042256e+04,1.730306e+04,1.741927e+04,1.827264e+04,1.580688e+04,1.565573e+04
65.3000,1.959930e+04,1.660380e+04,1.671539e+04,1.753479e+04,1.516727e+04,1.502215e+04
65.3200,1.890105e+04,1.601043e+04,1.611810e+04,1.690877e+04,1.462437e+04,1.448435e+04
65.3400,1.832840e+04,1.552341e+04,1.562788e+04,1.639509e+04,1.417857e+04,1.404272e+04
65.3600,1.788815e+04,1.514845e+04,1.525048e+04,1.599979e+04,1.383508e+04,1.370242e+04
65.3800,1.759613e+04,1.489888e+04,1.499932e+04,1.573698e+04,1.360604e+04,1.347546e+04
65.4000,1.748456e+04,1.480190e+04,1.490179e+04,1.563541e+04,1.351623e+04,1.338638e+04
65.4200,1.762714e+04,1.491972e+04,1.502052e+04,1.576088e+04,1.362238e+04,1.349136e+04
65.4400,1.822394e+04,1.542130e+04,1.552563e+04,1.629198e+04,1.407852e+04,1.394292e+04
65.4600,1.982921e+04,1.677468e+04,1.688838e+04,1.772354e+04,1.531146e+04,1.516370e+04
65.4800,2.375007e+04,2.008375e+04,2.022021e+04,2.122259e+04,1.832776e+04,1.815046e+04
65.5000,3.227577e+04,2.728180e+04,2.746767e+04,2.883294e+04,2.489030e+04,2.464885e+04
65.5200,4.784990e+04,4.043251e+04,4.070855e+04,4.273627e+04,3.688084e+04,3.652227e+04
65.5400,7.057572e+04,5.962307e+04,6.003066e+04,6.302477e+04,5.437888e+04,5.384944e+04
65.5600,9.478500e+04,8.006650e+04,8.061422e+04,8.463776e+04,7.301940e+04,7.230795e+04
65.5800,1.069968e+05,9.037789e+04,9.099633e+04,9.553936e+04,8.242101e+04,8.161773e+04
65.6000,9.658380e+04,8.158219e+04,8.214044e+04,8.624131e+04,7.439977e+04,7.367468e+04
65.6200,7.240357e+04,6.115983e+04,6.157823e+04,6.465180e+04,5.577675e+04,5.523331e+04
65.6400,4.855123e+04,4.101444e+04,4.129488e+04,4.335508e+04,3.740630e+04,3.704205e+04
65.6600,3.155384e+04,2.665823e+04,2.684039e+04,2.817854e+04,2.431477e+04,2.407820e+04
65.6800,2.178056e+04,1.840297e+04,1.852863e+04,1.945179e+04,1.678643e+04,1.662325e+04
65.7000,1.689465e+04,1.427525e+04,1.437269e+04,1.508856e+04,1.302181e+04,1.289529e+04
65.7200,1.451397e+04,1.226326e+04,1.234698e+04,1.296203e+04,1.118645e+04,1.107776e+04
65.7400,1.321688e+04,1.116640e+04,1.124266e+04,1.180296e+04,1.018556e+04,1.008657e+04
65.7600,1.238094e+04,1.045903e+04,1.053049e+04,1.105562e+04,9.539833e+03,9.447071e+03
65.7800,1.177550e+04,9.946319e+03,1.001433e+04,1.051409e+04,9.071623e+03,8.983356e+03
65.8000,1.131244e+04,9.553861e+03,9.619243e+03,1.009967e+04,8.713067e+03,8.628227e+03
65.8200,1.094972e+04,9.246156e+03,9.309486e+03,9.774855e+03,8.431797e+03,8.349629e+03
65.8400,1.066231e+04,9.002051e+03,9.063764e+03,9.517273e+03,8.208522e+03,8.128461e+03
65.8600,1.043354e+04,8.807467e+03,8.867904e+03,9.312044e+03,8.030402e+03,7.952007e+03
65.8800,1.025181e+04,8.652601e+03,8.712033e+03,9.148806e+03,7.888497e+03,7.811414e+03
65.9000,1.010883e+04,8.530455e+03,8.589107e+03,9.020161e+03,7.776423e+03,7.700361e+03
65.9200,9.998582e+03,8.435942e+03,8.494003e+03,8.920733e+03,7.689541e+03,7.614253e+03
65.9400,9.916635e+03,8.365311e+03,8.422947e+03,8.846559e+03,7.624429e+03,7.549702e+03
65.9600,9.859683e+03,8.315771e+03,8.373125e+03,8.794687e+03,7.578538e+03,7.504184e+03
65.9800,9.825252e+03,8.285227e+03,8.342432e+03,8.762907e+03,7.549959e+03,7.475807e+03
66.0000,9.811493e+03,8.272114e+03,8.329290e+03,8.749562e+03,7.537260e+03,7.463154e+03
66.0200,9.817028e+03,8.275265e+03,8.332524e+03,8.753423e+03,7.539377e+03,7.465171e+03
66.0400,9.840856e+03,8.293829e+03,8.351279e+03,8.773590e+03,7.555531e+03,7.481086e+03
66.0600,9.882273e+03,8.327210e+03,8.384953e+03,8.809434e+03,7.585177e+03,7.510359e+03
66.0800,9.940824e+03,8.375016e+03,8.433154e+03,8.860544e+03,7.627955e+03,7.552634e+03
66.1000,1.001626e+04,8.437035e+03,8.495666e+03,8.926695e+03,7.683669e+03,7.607716e+03
66.1200,1.010852e+04,8.513205e+03,8.572428e+03,9.007826e+03,7.752260e+03,7.675547e+03
66.1400,1.021769e+04,8.603601e+03,8.663517e+03,9.104016e+03,7.833795e+03,7.756192e+03
66.1600,1.034402e+04,8.708425e+03,8.769135e+03,9.215482e+03,7.928454e+03,7.849831e+03
66.1800,1.048790e+04,8.827999e+03,8.889607e+03,9.342566e+03,8.036527e+03,7.956748e+03
66.2000,1.064986e+04,8.962759e+03,9.025371e+03,9.485730e+03,8.158410e+03,8.077337e+03
66.2200,1.083055e+04,9.113258e+03,9.176987e+03,9.645563e+03,8.294603e+03,8.212091e+03
66.2400,1.103078e+04,9.280167e+03,9.345128e+03,9.822777e+03,8.445713e+03,8.361613e+03
66.2600,1.125151e+04,9.464281e+03,9.530596e+03,1.001821e+04,8.612462e+03,8.526615e+03
66.2800,1.149383e+04,9.666523e+03,9.734322e+03,1.023285e+04,8.795686e+03,8.707926e+03
66.3000,1.175902e+04,9.887957e+03,9.957375e+03,1.046783e+04,8.996351e+03,8.906501e+03
66.3200,1.204853e+04,1.012980e+04,1.020098e+04,1.072442e+04,9.215559e+03,9.123432e+03
66.3400,1.236401e+04,1.039343e+04,1.046653e+04,1.100410e+04,9.454565e+03,9.359959e+03
66.3600,1.270734e+04,1.068042e+04,1.075561e+04,1.130852e+04,9.714789e+03,9.617490e+03
66.3800,1.308062e+04,1.099253e+04,1.106998e+04,1.163956e+04,9.997839e+03,9.897614e+03
66.4000,1.348625e+04,1.133177e+04,1.141168e+04,1.199936e+04,1.030553e+04,1.020213e+04
66.4200,1.392693e+04,1.170040e+04,1.178298e+04,1.239029e+04,1.063992e+04,1.053307e+04
66.4400,1.440571e+04,1.210098e+04,1.218646e+04,1.281508e+04,1.100333e+04,1.089274e+04
66.4600,1.492605e+04,1.253640e+04,1.262503e+04,1.327679e+04,1.139838e+04,1.128373e+04
66.4800,1.549187e+04,1.300995e+04,1.310199e+04,1.377891e+04,1.182806e+04,1.170899e+04
66.5000,1.610761e+04,1.352534e+04,1.362110e+04,1.432537e+04,1.229574e+04,1.217187e+04
66.5200,1.677833e+04,1.408683e+04,1.418664e+04,1.492068e+04,1.280528e+04,1.267618e+04
66.5400,1.750980e+04,1.469924e+04,1.480346e+04,1.556996e+04,1.336107e+04,1.322626e+04
66.5600,1.830864e+04,1.536812e+04,1.547715e+04,1.627908e+04,1.396813e+04,1.382710e+04
66.5800,1.918242e+04,1.609980e+04,1.621410e+04,1.705477e+04,1.463223e+04,1.448440e+04
66.6000,2.013988e+04,1.690162e+04,1.702169e+04,1.790478e+04,1.536002e+04,1.520473e+04
66.6200,2.119109e+04,1.778201e+04,1.790841e+04,1.883807e+04,1.615916e+04,1.599569e+04
66.6400,2.234777e+04,1.875079e+04,1.888416e+04,1.986504e+04,1.703855e+04,1.686608e+04
66.6600,2.362354e+04,1.981938e+04,1.996043e+04,2.099780e+04,1.800859e+04,1.782619e+04
66.6800,2.503437e+04,2.100116e+04,2.115069e+04,2.225051e+04,1.908139e+04,1.888802e+04
66.7000,2.659902e+04,2.231184e+04,2.247079e+04,2.363985e+04,2.027124e+04,2.006571e+04
66.7200,2.833968e+04,2.377003e+04,2.393944e+04,2.518552e+04,2.159503e+04,2.137596e+04
66.7400,3.028273e+04,2.539781e+04,2.557891e+04,2.691094e+04,2.307282e+04,2.283864e+04
66.7600,3.245970e+04,2.722162e+04,2.741582e+04,2.884413e+04,2.472861e+04,2.447751e+04
66.7800,3.490856e+04,2.927328e+04,2.948220e+04,3.101882e+04,2.659128e+04,2.632114e+04
66.8000,3.767533e+04,3.159135e+04,3.181690e+04,3.347586e+04,2.869584e+04,2.840421e+04
66.8200,4.081621e+04,3.422291e+04,3.446734e+04,3.626516e+04,3.108506e+04,3.076902e+04
66.8400,4.440036e+04,3.722593e+04,3.749189e+04,3.944817e+04,3.381155e+04,3.346766e+04
66.8600,4.851369e+04,4.067239e+04,4.096308e+04,4.310118e+04,3.694069e+04,3.656485e+04
66.8800,5.326391e+04,4.465255e+04,4.497179e+04,4.731985e+04,4.055443e+04,4.014168e+04
66.9000,5.878748e+04,4.928076e+04,4.963318e+04,5.222538e+04,4.475658e+04,4.430092e+04
66.9200,6.525923e+04,5.470352e+04,5.509482e+04,5.797304e+04,4.968017e+04,4.917424e+04
66.9400,7.290599e+04,6.111090e+04,6.154815e+04,6.476430e+04,5.549779e+04,5.493247e+04
66.9600,8.202611e+04,6.875292e+04,6.924497e+04,7.286414e+04,6.243644e+04,6.180028e+04
66.9800,9.301802e+04,7.796344e+04,7.852152e+04,8.262641e+04,7.079927e+04,7.007773e+04
67.0000,1.064228e+05,8.919585e+04,8.983445e+04,9.453167e+04,8.099793e+04,8.017229e+04
67.0200,1.229891e+05,1.030776e+05,1.038157e+05,1.092449e+05,9.360214e+04,9.264783e+04
67.0400,1.437761e+05,1.204961e+05,1.213591e+05,1.277068e+05,1.094177e+05,1.083019e+05
67.0600,1.703279e+05,1.427453e+05,1.437678e+05,1.512886e+05,1.296194e+05,1.282974e+05
67.0800,2.050387e+05,1.718315e+05,1.730625e+05,1.821170e+05,1.560290e+05,1.544375e+05
67.1000,2.522187e+05,2.113664e+05,2.128808e+05,2.240199e+05,1.919259e+05,1.899680e+05
67.1200,3.217911e+05,2.696655e+05,2.715978e+05,2.858107e+05,2.448603e+05,2.423621e+05
67.1400,4.407724e+05,3.693676e+05,3.720146e+05,3.914843e+05,3.353880e+05,3.319658e+05
67.1600,6.793203e+05,5.692626e+05,5.733425e+05,6.033516e+05,5.168890e+05,5.116143e+05
67.1800,1.183656e+06,9.918787e+05,9.989879e+05,1.051279e+06,9.006170e+05,8.914257e+05
67.2000,2.165339e+06,1.814496e+06,1.827502e+06,1.923165e+06,1.647539e+06,1.630724e+06
67.2200,3.769874e+06,3.159044e+06,3.181687e+06,3.348241e+06,2.868365e+06,2.839090e+06
67.2400,5.822623e+06,4.879179e+06,4.914153e+06,5.171400e+06,4.430218e+06,4.385002e+06
67.2600,7.552668e+06,6.328900e+06,6.374265e+06,6.707947e+06,5.746539e+06,5.687888e+06
67.2800,7.740143e+06,6.485997e+06,6.532489e+06,6.874454e+06,5.889181e+06,5.829073e+06
67.3000,6.214892e+06,5.207887e+06,5.245217e+06,5.519795e+06,4.728679e+06,4.680416e+06
67.3200,4.142207e+06,3.471045e+06,3.495925e+06,3.678929e+06,3.151656e+06,3.119489e+06
67.3400,2.423513e+06,2.030836e+06,2.045393e+06,2.152463e+06,1.843971e+06,1.825151e+06
67.3600,1.327937e+06,1.112779e+06,1.120755e+06,1.179422e+06,1.010391e+06,1.000079e+06
67.3800,7.492400e+05,6.278500e+05,6.323499e+05,6.654490e+05,5.700838e+05,5.642660e+05
67.4000,4.737689e+05,3.970141e+05,3.998594e+05,4.207878e+05,3.604887e+05,3.568101e+05
67.4200,3.392234e+05,2.842691e+05,2.863062e+05,3.012904e+05,2.581180e+05,2.554843e+05
67.4400,2.631152e+05,2.204926e+05,2.220726e+05,2.336943e+05,2.002100e+05,1.981673e+05
67.4600,2.126825e+05,1.782314e+05,1.795085e+05,1.889021e+05,1.618374e+05,1.601864e+05
67.4800,1.759847e+05,1.474796e+05,1.485363e+05,1.563086e+05,1.339152e+05,1.325491e+05
67.5000,1.480657e+05,1.240842e+05,1.249732e+05,1.315120e+05,1.126725e+05,1.115232e+05
67.5200,1.262866e+05,1.058338e+05,1.065920e+05,1.121687e+05,9.610130e+04,9.512111e+04
67.5400,1.089789e+05,9.133026e+04,9.198448e+04,9.679655e+04,8.293219e+04,8.208641e+04
67.5600,9.500725e+04,7.962225e+04,8.019255e+04,8.438741e+04,7.230140e+04,7.156410e+04
67.5800,8.357299e+04,7.004048e+04,7.054210e+04,7.423184e+04,6.360119e+04,6.295268e+04
67.6000,7.410116e+04,6.210315e+04,6.254789e+04,6.581922e+04,5.639412e+04,5.581916e+04
67.6200,6.616984e+04,5.545672e+04,5.585383e+04,5.877481e+04,5.035915e+04,4.984578e+04
67.6400,5.946403e+04,4.983724e+04,5.019408e+04,5.281884e+04,4.525664e+04,4.479533e+04
67.6600,5.374492e+04,4.504457e+04,4.536706e+04,4.773921e+04,4.090486e+04,4.048795e+04
67.6800,4.882889e+04,4.092485e+04,4.121783e+04,4.337284e+04,3.716411e+04,3.678537e+04
67.7000,4.457294e+04,3.735827e+04,3.762569e+04,3.959273e+04,3.392560e+04,3.357990e+04
67.7200,4.086445e+04,3.425044e+04,3.449559e+04,3.629884e+04,3.110362e+04,3.078671e+04
67.7400,3.761373e+04,3.152620e+04,3.175184e+04,3.341153e+04,2.862994e+04,2.833827e+04
67.7600,3.474870e+04,2.912517e+04,2.933360e+04,3.086678e+04,2.644972e+04,2.618029e+04
67.7800,3.221089e+04,2.699833e+04,2.719152e+04,2.861264e+04,2.451847e+04,2.426874e+04
67.8000,2.995249e+04,2.510562e+04,2.528526e+04,2.660666e+04,2.279981e+04,2.256760e+04
67.8200,2.793407e+04,2.341402e+04,2.358154e+04,2.481383e+04,2.126374e+04,2.104721e+04
67.8400,2.612295e+04,2.189612e+04,2.205277e+04,2.320510e+04,1.988540e+04,1.968291e+04
67.8600,2.449179e+04,2.052902e+04,2.067588e+04,2.175621e+04,1.864398e+04,1.845415e+04
67.8800,2.301763e+04,1.929349e+04,1.943150e+04,2.044675e+04,1.752202e+04,1.734363e+04
67.9000,2.168105e+04,1.817324e+04,1.830323e+04,1.925949e+04,1.650473e+04,1.633671e+04
67.9200,2.046555e+04,1.715445e+04,1.727715e+04,1.817977e+04,1.557957e+04,1.542098e+04
67.9400,1.935703e+04,1.622530e+04,1.634135e+04,1.719506e+04,1.473580e+04,1.458581e+04
67.9600,1.834339e+04,1.537566e+04,1.548563e+04,1.629462e+04,1.396422e+04,1.382210e+04
67.9800,1.741419e+04,1.459678e+04,1.470118e+04,1.546917e+04,1.325689e+04,1.312197e+04
68.0000,1.656040e+04,1.388109e+04,1.398036e+04,1.471070e+04,1.260693e+04,1.247864e+04
68.0200,1.577416e+04,1.322200e+04,1.331657e+04,1.401223e+04,1.200838e+04,1.188618e+04
68.0400,1.504864e+04,1.261379e+04,1.270400e+04,1.336767e+04,1.145601e+04,1.133943e+04
68.0600,1.437782e+04,1.205142e+04,1.213761e+04,1.277171e+04,1.094526e+04,1.083389e+04
68.0800,1.375644e+04,1.153047e+04,1.161294e+04,1.221964e+04,1.047213e+04,1.036557e+04
68.1000,1.317985e+04,1.104706e+04,1.112607e+04,1.170736e+04,1.003307e+04,9.930977e+03
68.1200,1.264394e+04,1.059773e+04,1.067353e+04,1.123121e+04,9.624962e+03,9.527024e+03
68.1400,1.214507e+04,1.017944e+04,1.025226e+04,1.078796e+04,9.245038e+03,9.150965e+03
68.1600,1.168002e+04,9.789481e+03,9.859512e+03,1.037474e+04,8.890833e+03,8.800361e+03
68.1800,1.124588e+04,9.425429e+03,9.492860e+03,9.988971e+03,8.560151e+03,8.473041e+03
68.2000,1.084008e+04,9.085124e+03,9.150127e+03,9.628377e+03,8.251031e+03,8.167062e+03
68.2200,1.046033e+04,8.766634e+03,8.829364e+03,9.290903e+03,7.961716e+03,7.880686e+03
68.2400,1.010453e+04,8.468220e+03,8.528823e+03,8.974710e+03,7.690629e+03,7.612352e+03
68.2600,9.770833e+03,8.188322e+03,8.246929e+03,8.678143e+03,7.436352e+03,7.360657e+03
68.2800,9.457555e+03,7.925531e+03,7.982266e+03,8.399709e+03,7.197607e+03,7.124335e+03
68.3000,9.163181e+03,7.678578e+03,7.733553e+03,8.138061e+03,6.973241e+03,6.902244e+03
68.3200,8.886339e+03,7.446312e+03,7.499634e+03,7.891982e+03,6.762208e+03,6.693350e+03
68.3400,8.625787e+03,7.227692e+03,7.279458e+03,7.660368e+03,6.563564e+03,6.496719e+03
68.3600,8.380397e+03,7.021773e+03,7.072076e+03,7.442217e+03,6.376451e+03,6.311500e+03
68.3800,8.149145e+03,6.827698e+03,6.876621e+03,7.236620e+03,6.200088e+03,6.136923e+03
68.4000,7.931099e+03,6.644684e+03,6.692307e+03,7.042749e+03,6.033768e+03,5.972284e+03
68.4200,7.725411e+03,6.472021e+03,6.518419e+03,6.859851e+03,5.876843e+03,5.816945e+03
68.4400,7.531308e+03,6.309059e+03,6.354302e+03,6.687237e+03,5.728724e+03,5.670323e+03
68.4600,7.348082e+03,6.155208e+03,6.199361e+03,6.524280e+03,5.588875e+03,5.531885e+03
68.4800,7.175090e+03,6.009926e+03,6.053050e+03,6.370409e+03,5.456804e+03,5.401145e+03
68.5000,7.011743e+03,5.872720e+03,5.914874e+03,6.225098e+03,5.332062e+03,5.277659e+03
68.5200,6.857502e+03,5.743138e+03,5.784377e+03,6.087871e+03,5.214240e+03,5.161023e+03
68.5400,6.711875e+03,5.620768e+03,5.661143e+03,5.958290e+03,5.102962e+03,5.050863e+03
68.5600,6.574413e+03,5.505232e+03,5.544793e+03,5.835955e+03,4.997887e+03,4.946842e+03
68.5800,6.444704e+03,5.396185e+03,5.434979e+03,5.720501e+03,4.898699e+03,4.848648e+03
68.6000,6.322374e+03,5.293313e+03,5.331384e+03,5.611594e+03,4.805114e+03,4.756000e+03
68.6200,6.207080e+03,5.196329e+03,5.233719e+03,5.508930e+03,4.716871e+03,4.668638e+03
68.6400,6.098511e+03,5.104970e+03,5.141722e+03,5.412232e+03,4.633731e+03,4.586327e+03
68.6600,5.996385e+03,5.019000e+03,5.055151e+03,5.321250e+03,4.555480e+03,4.508854e+03
68.6800,5.900444e+03,4.938204e+03,4.973792e+03,5.235753e+03,4.481920e+03,4.436025e+03
68.7000,5.810457e+03,4.862386e+03,4.897447e+03,5.155538e+03,4.412876e+03,4.367664e+03
68.7200,5.726218e+03,4.791372e+03,4.825941e+03,5.080418e+03,4.348188e+03,4.303614e+03
68.7400,5.647540e+03,4.725005e+03,4.759117e+03,5.010228e+03,4.287714e+03,4.243735e+03
68.7600,5.574259e+03,4.663149e+03,4.696835e+03,4.944824e+03,4.231328e+03,4.187902e+03
68.7800,5.506232e+03,4.605681e+03,4.638974e+03,4.884075e+03,4.178921e+03,4.136005e+03
68.8000,5.443335e+03,4.552498e+03,4.585429e+03,4.827872e+03,4.130396e+03,4.087951e+03
68.8200,5.385464e+03,4.503509e+03,4.536109e+03,4.776121e+03,4.085672e+03,4.043658e+03
68.8400,5.332533e+03,4.458643e+03,4.490942e+03,4.728746e+03,4.044683e+03,4.003061e+03
68.8600,5.284474e+03,4.417843e+03,4.449871e+03,4.685685e+03,4.007377e+03,3.966108e+03
68.8800,5.241240e+03,4.381065e+03,4.412852e+03,4.646896e+03,3.973714e+03,3.932761e+03
68.9000,5.202799e+03,4.348285e+03,4.379859e+03,4.612350e+03,3.943671e+03,3.902995e+03
68.9200,5.169142e+03,4.319490e+03,4.350882e+03,4.582036e+03,3.917235e+03,3.876799e+03
68.9400,5.140276e+03,4.294687e+03,4.325927e+03,4.555961e+03,3.894413e+03,3.854178e+03
68.9600,5.116230e+03,4.273898e+03,4.305014e+03,4.534148e+03,3.875222e+03,3.835150e+03
68.9800,5.097052e+03,4.257161e+03,4.288184e+03,4.516640e+03,3.859698e+03,3.819750e+03
69.0000,5.082813e+03,4.244534e+03,4.275494e+03,4.503498e+03,3.847891e+03,3.808028e+03
69.0200,5.073607e+03,4.236092e+03,4.267022e+03,4.494804e+03,3.839870e+03,3.800051e+03
69.0400,5.069551e+03,4.231933e+03,4.262864e+03,4.490660e+03,3.835720e+03,3.795904e+03
69.0600,5.070789e+03,4.232175e+03,4.263139e+03,4.491192e+03,3.835549e+03,3.795694e+03
69.0800,5.077495e+03,4.236959e+03,4.267991e+03,4.496553e+03,3.839482e+03,3.799544e+03
69.1000,5.089872e+03,4.246452e+03,4.277589e+03,4.506920e+03,3.847672e+03,3.807605e+03
69.1200,5.108156e+03,4.260852e+03,4.292128e+03,4.522502e+03,3.860292e+03,3.820049e+03
69.1400,5.132625e+03,4.280382e+03,4.311838e+03,4.543540e+03,3.877549e+03,3.837079e+03
69.1600,5.163592e+03,4.305305e+03,4.336982e+03,4.570312e+03,3.899674e+03,3.858926e+03
69.1800,5.201420e+03,4.335919e+03,4.367859e+03,4.603137e+03,3.926939e+03,3.885857e+03
69.2000,5.246524e+03,4.372566e+03,4.404815e+03,4.642377e+03,3.959650e+03,3.918175e+03
69.2200,5.299374e+03,4.415635e+03,4.448241e+03,4.688448e+03,3.998157e+03,3.956226e+03
69.2400,5.360508e+03,4.465569e+03,4.498586e+03,4.741822e+03,4.042861e+03,4.000407e+03
69.2600,5.430539e+03,4.522874e+03,4.556357e+03,4.803038e+03,4.094217e+03,4.051168e+03
69.2800,5.510161e+03,4.588125e+03,4.622136e+03,4.872707e+03,4.152742e+03,4.109021e+03
69.3000,5.600170e+03,4.661979e+03,4.696582e+03,4.951530e+03,4.219029e+03,4.174551e+03
69.3200,5.701471e+03,4.745183e+03,4.780451e+03,5.040302e+03,4.293752e+03,4.248424e+03
69.3400,5.815099e+03,4.838594e+03,4.874605e+03,5.139934e+03,4.377681e+03,4.331404e+03
69.3600,5.942238e+03,4.943190e+03,4.980029e+03,5.251469e+03,4.471700e+03,4.424363e+03
69.3800,6.084250e+03,5.060096e+03,5.097858e+03,5.376104e+03,4.576820e+03,4.528303e+03
69.4000,6.242697e+03,5.190606e+03,5.229394e+03,5.515216e+03,4.694209e+03,4.644377e+03
69.4200,6.419387e+03,5.336211e+03,5.376142e+03,5.670394e+03,4.825211e+03,4.773915e+03
69.4400,6.616409e+03,5.498640e+03,5.539843e+03,5.843478e+03,4.971384e+03,4.918460e+03
69.4600,6.836192e+03,5.679902e+03,5.722522e+03,6.036606e+03,5.134539e+03,5.079800e+03
69.4800,7.081571e+03,5.882340e+03,5.926540e+03,6.252274e+03,5.316788e+03,5.260025e+03
69.5000,7.355867e+03,6.108700e+03,6.154664e+03,6.493402e+03,5.520606e+03,5.461583e+03
69.5200,7.662987e+03,6.362213e+03,6.410150e+03,6.763434e+03,5.748906e+03,5.687355e+03
69.5400,8.007555e+03,6.646703e+03,6.696851e+03,7.066437e+03,6.005134e+03,5.940750e+03
69.5600,8.395072e+03,6.966719e+03,7.019351e+03,7.407255e+03,6.293391e+03,6.225822e+03
69.5800,8.832119e+03,7.327701e+03,7.383133e+03,7.791679e+03,6.618581e+03,6.547423e+03
69.6000,9.326618e+03,7.736202e+03,7.794800e+03,8.226685e+03,6.986611e+03,6.911395e+03
69.6200,9.888175e+03,8.200166e+03,8.262356e+03,8.720729e+03,7.404642e+03,7.324820e+03
69.6400,1.052852e+04,8.729293e+03,8.795578e+03,9.284138e+03,7.881418e+03,7.796346e+03
69.6600,1.126210e+04,9.335527e+03,9.406501e+03,9.929626e+03,8.427706e+03,8.336622e+03
69.6800,1.210685e+04,1.003370e+04,1.011007e+04,1.067298e+04,9.056877e+03,8.958873e+03
69.7000,1.308526e+04,1.084241e+04,1.092503e+04,1.153400e+04,9.785695e+03,9.679678e+03
69.7200,1.422580e+04,1.178521e+04,1.187511e+04,1.253776e+04,1.063539e+04,1.052004e+04
69.7400,1.556498e+04,1.289228e+04,1.299073e+04,1.371639e+04,1.163317e+04,1.150686e+04
69.7600,1.715012e+04,1.420276e+04,1.431132e+04,1.511154e+04,1.281432e+04,1.267504e+04
69.7800,1.904347e+04,1.576813e+04,1.588876e+04,1.677802e+04,1.422524e+04,1.407046e+04
69.8000,2.132811e+04,1.765708e+04,1.779229e+04,1.878896e+04,1.592787e+04,1.575440e+04
69.8200,2.411683e+04,1.996290e+04,2.011589e+04,2.124366e+04,1.800628e+04,1.781001e+04
69.8400,2.756566e+04,2.281462e+04,2.298960e+04,2.427946e+04,2.057680e+04,2.035232e+04
69.8600,3.189516e+04,2.639463e+04,2.659721e+04,2.809054e+04,2.380384e+04,2.354396e+04
69.8800,3.742661e+04,3.096861e+04,3.120646e+04,3.295972e+04,2.792692e+04,2.762180e+04
69.9000,4.465712e+04,3.694768e+04,3.723161e+04,3.932461e+04,3.331661e+04,3.295238e+04
69.9200,5.447719e+04,4.506824e+04,4.541476e+04,4.796915e+04,4.063677e+04,4.019226e+04
69.9400,6.892529e+04,5.701605e+04,5.745465e+04,6.068782e+04,5.140703e+04,5.084441e+04
69.9600,9.354263e+04,7.737353e+04,7.796901e+04,8.235866e+04,6.975826e+04,6.899439e+04
69.9800,1.427674e+05,1.180806e+05,1.189898e+05,1.256918e+05,1.064538e+05,1.052875e+05
70.0000,2.468932e+05,2.041893e+05,2.057620e+05,2.173554e+05,1.840768e+05,1.820594e+05
70.0200,4.502256e+05,3.723389e+05,3.752073e+05,3.963523e+05,3.356563e+05,3.319768e+05
70.0400,7.841890e+05,6.485165e+05,6.535131e+05,6.903460e+05,5.846183e+05,5.782089e+05
70.0600,1.214373e+06,1.004266e+06,1.012004e+06,1.069045e+06,9.053111e+05,8.953853e+05
70.0800,1.582237e+06,1.308478e+06,1.318560e+06,1.392881e+06,1.179545e+06,1.166612e+06
70.1000,1.631166e+06,1.348941e+06,1.359335e+06,1.435955e+06,1.216020e+06,1.202688e+06
70.1200,1.316794e+06,1.088964e+06,1.097355e+06,1.159207e+06,9.816624e+05,9.708994e+05
70.1400,8.814178e+05,7.289203e+05,7.345365e+05,7.759371e+05,6.570981e+05,6.498939e+05
70.1600,5.176319e+05,4.280797e+05,4.313777e+05,4.556897e+05,3.859031e+05,3.816725e+05
70.1800,2.845339e+05,2.353142e+05,2.371268e+05,2.504892e+05,2.121332e+05,2.098080e+05
70.2000,1.609622e+05,1.331237e+05,1.341489e+05,1.417066e+05,1.200127e+05,1.186976e+05
70.2200,1.020710e+05,8.442201e+04,8.507198e+04,8.986330e+04,7.611008e+04,7.527635e+04
70.2400,7.336894e+04,6.068597e+04,6.115305e+04,6.459619e+04,5.471292e+04,5.411379e+04
70.2600,5.719664e+04,4.731165e+04,4.767568e+04,5.035921e+04,4.265639e+04,4.218945e+04
70.2800,4.651089e+04,3.847455e+04,3.877049e+04,4.095213e+04,3.468997e+04,3.431036e+04
70.3000,3.874563e+04,3.205260e+04,3.229908e+04,3.411602e+04,2.890072e+04,2.858457e+04
70.3200,3.284134e+04,2.716963e+04,2.737849e+04,2.891816e+04,2.449878e+04,2.423089e+04
70.3400,2.823694e+04,2.336162e+04,2.354115e+04,2.486461e+04,2.106588e+04,2.083561e+04
70.3600,2.457859e+04,2.033597e+04,2.049220e+04,2.164388e+04,1.833824e+04,1.813786e+04
70.3800,2.162581e+04,1.789381e+04,1.803123e+04,1.904428e+04,1.613659e+04,1.596034e+04
70.4000,1.920951e+04,1.589531e+04,1.601734e+04,1.691696e+04,1.433488e+04,1.417837e+04
70.4200,1.720805e+04,1.423986e+04,1.434915e+04,1.515483e+04,1.284242e+04,1.270226e+04
70.4400,1.553217e+04,1.285366e+04,1.295228e+04,1.367931e+04,1.159267e+04,1.146620e+04
70.4600,1.411527e+04,1.168163e+04,1.177123e+04,1.243178e+04,1.053599e+04,1.042109e+04
70.4800,1.290688e+04,1.068204e+04,1.076395e+04,1.136780e+04,9.634756e+03,9.529724e+03
70.5000,1.186820e+04,9.822789e+03,9.898088e+03,1.045322e+04,8.860035e+03,8.763482e+03
70.5200,1.096903e+04,9.078908e+03,9.148486e+03,9.661459e+03,8.189313e+03,8.100099e+03
70.5400,1.018558e+04,8.430723e+03,8.495319e+03,8.971563e+03,7.604858e+03,7.522037e+03
70.5600,9.498916e+03,7.862578e+03,7.922807e+03,8.366870e+03,7.092555e+03,7.015336e+03
70.5800,8.893820e+03,7.361887e+03,7.418270e+03,7.833983e+03,6.641059e+03,6.568776e+03
70.6000,8.357952e+03,6.918447e+03,6.971425e+03,7.362040e+03,6.241172e+03,6.173259e+03
70.6200,7.881223e+03,6.523912e+03,6.573862e+03,6.942157e+03,5.885371e+03,5.821344e+03
70.6400,7.455318e+03,6.171407e+03,6.218653e+03,6.567015e+03,5.567459e+03,5.506903e+03
70.6600,7.073339e+03,5.855228e+03,5.900049e+03,6.230542e+03,5.282292e+03,5.224847e+03
70.6800,6.729523e+03,5.570607e+03,5.613247e+03,5.927664e+03,5.025574e+03,4.970929e+03
70.7000,6.419027e+03,5.313541e+03,5.354212e+03,5.654118e+03,4.793694e+03,4.741577e+03
70.7200,6.137758e+03,5.080644e+03,5.119532e+03,5.406301e+03,4.583602e+03,4.533772e+03
70.7400,5.882236e+03,4.869037e+03,4.906307e+03,5.181148e+03,4.392702e+03,4.344950e+03
70.7600,5.649489e+03,4.676265e+03,4.712061e+03,4.976044e+03,4.218779e+03,4.172919e+03
70.7800,5.436967e+03,4.500217e+03,4.534669e+03,4.788744e+03,4.059933e+03,4.015799e+03
70.8000,5.242472e+03,4.339076e+03,4.372298e+03,4.617312e+03,3.914523e+03,3.871969e+03
70.8200,5.064102e+03,4.191267e+03,4.223363e+03,4.460074e+03,3.781133e+03,3.740025e+03
70.8400,4.900201e+03,4.055424e+03,4.086485e+03,4.315573e+03,3.658527e+03,3.618748e+03
70.8600,4.749327e+03,3.930352e+03,3.960462e+03,4.182540e+03,3.545631e+03,3.507075e+03
70.8800,4.610218e+03,3.815008e+03,3.844241e+03,4.059862e+03,3.441503e+03,3.404073e+03
70.9000,4.481764e+03,3.708474e+03,3.736899e+03,3.946562e+03,3.345317e+03,3.308925e+03
70.9200,4.362989e+03,3.609941e+03,3.637620e+03,3.841781e+03,3.256342e+03,3.220911e+03
70.9400,4.253027e+03,3.518696e+03,3.545684e+03,3.744759e+03,3.173937e+03,3.139392e+03
70.9600,4.151115e+03,3.434105e+03,3.460454e+03,3.654820e+03,3.097528e+03,3.063806e+03
70.9800,4.056571e+03,3.355606e+03,3.381363e+03,3.571367e+03,3.026610e+03,2.993649e+03
71.0000,3.968791e+03,3.282698e+03,3.307905e+03,3.493866e+03,2.960731e+03,2.928476e+03
71.0200,3.887233e+03,3.214932e+03,3.239631e+03,3.421841e+03,2.899487e+03,2.867887e+03
71.0400,3.811412e+03,3.151910e+03,3.176136e+03,3.354865e+03,2.842518e+03,2.811526e+03
71.0600,3.740896e+03,3.093271e+03,3.117058e+03,3.292556e+03,2.789498e+03,2.759071e+03
71.0800,3.675293e+03,3.038692e+03,3.062072e+03,3.234571e+03,2.740138e+03,2.710235e+03
71.1000,3.614252e+03,2.987884e+03,3.010886e+03,3.180601e+03,2.694175e+03,2.664759e+03
71.1200,3.557457e+03,2.940583e+03,2.963234e+03,3.130365e+03,2.651373e+03,2.622410e+03
71.1400,3.504621e+03,2.896554e+03,2.918879e+03,3.083613e+03,2.611518e+03,2.582974e+03
71.1600,3.455485e+03,2.855582e+03,2.877605e+03,3.040115e+03,2.574417e+03,2.546263e+03
71.1800,3.409815e+03,2.817472e+03,2.839215e+03,2.999667e+03,2.539896e+03,2.512102e+03
71.2000,3.367399e+03,2.782049e+03,2.803533e+03,2.962079e+03,2.507794e+03,2.480335e+03
71.2200,3.328042e+03,2.749153e+03,2.770398e+03,2.927183e+03,2.477968e+03,2.450818e+03
71.2400,3.291570e+03,2.718638e+03,2.739662e+03,2.894823e+03,2.450288e+03,2.423423e+03
71.2600,3.257822e+03,2.690372e+03,2.711193e+03,2.864859e+03,2.424632e+03,2.398031e+03
71.2800,3.226653e+03,2.664235e+03,2.684869e+03,2.837162e+03,2.400894e+03,2.374534e+03
71.3000,3.197932e+03,2.640117e+03,2.660580e+03,2.811616e+03,2.378974e+03,2.352836e+03
71.3200,3.171536e+03,2.617918e+03,2.638225e+03,2.788114e+03,2.358781e+03,2.332845e+03
71.3400,3.147357e+03,2.597547e+03,2.617712e+03,2.766560e+03,2.340234e+03,2.314483e+03
71.3600,3.125293e+03,2.578921e+03,2.598958e+03,2.746866e+03,2.323258e+03,2.297673e+03
71.3800,3.105255e+03,2.561965e+03,2.581887e+03,2.728950e+03,2.307784e+03,2.282349e+03
71.4000,3.087158e+03,2.546609e+03,2.566428e+03,2.712740e+03,2.293751e+03,2.268450e+03
71.4200,3.070928e+03,2.532791e+03,2.552520e+03,2.698168e+03,2.281101e+03,2.255918e+03
71.4400,3.056496e+03,2.520454e+03,2.540104e+03,2.685176e+03,2.269783e+03,2.244704e+03
71.4600,3.043799e+03,2.509546e+03,2.529129e+03,2.673707e+03,2.259751e+03,2.234761e+03
71.4800,3.032782e+03,2.500021e+03,2.519547e+03,2.663712e+03,2.250963e+03,2.226048e+03
71.5000,3.023393e+03,2.491836e+03,2.511316e+03,2.655146e+03,2.243379e+03,2.218526e+03
71.5200,3.015588e+03,2.484954e+03,2.504399e+03,2.647969e+03,2.236967e+03,2.212162e+03
71.5400,3.009325e+03,2.479340e+03,2.498759e+03,2.642145e+03,2.231694e+03,2.206925e+03
71.5600,3.004568e+03,2.474965e+03,2.494368e+03,2.637641e+03,2.227535e+03,2.202788e+03
71.5800,3.001285e+03,2.471801e+03,2.491198e+03,2.634430e+03,2.224463e+03,2.199728e+03
71.6000,2.999448e+03,2.469825e+03,2.489225e+03,2.632486e+03,2.222459e+03,2.197722e+03
71.6200,2.999033e+03,2.469017e+03,2.488430e+03,2.631788e+03,2.221504e+03,2.196754e+03
71.6400,3.000019e+03,2.469359e+03,2.488793e+03,2.632317e+03,2.221581e+03,2.196806e+03
71.6600,3.002389e+03,2.470836e+03,2.490301e+03,2.634057e+03,2.222677e+03,2.197866e+03
71.6800,3.006128e+03,2.473437e+03,2.492942e+03,2.636997e+03,2.224782e+03,2.199922e+03
71.7000,3.011227e+03,2.477152e+03,2.496706e+03,2.641127e+03,2.227888e+03,2.202968e+03
71.7200,3.017677e+03,2.481975e+03,2.501587e+03,2.646439e+03,2.231986e+03,2.206996e+03
71.7400,3.025473e+03,2.487901e+03,2.507580e+03,2.652930e+03,2.237075e+03,2.212002e+03
71.7600,3.034615e+03,2.494929e+03,2.514684e+03,2.660596e+03,2.243151e+03,2.217984e+03
71.7800,3.045102e+03,2.503059e+03,2.522898e+03,2.669440e+03,2.250215e+03,2.224943e+03
71.8000,3.056939e+03,2.512293e+03,2.532226e+03,2.679463e+03,2.258269e+03,2.232881e+03
71.8200,3.070133e+03,2.522638e+03,2.542673e+03,2.690672e+03,2.267318e+03,2.241802e+03
71.8400,3.084693e+03,2.534099e+03,2.554246e+03,2.703075e+03,2.277368e+03,2.251712e+03
71.8600,3.100630e+03,2.546687e+03,2.566955e+03,2.716682e+03,2.288428e+03,2.262620e+03
71.8800,3.117962e+03,2.560414e+03,2.580812e+03,2.731505e+03,2.300507e+03,2.274536e+03
71.9000,3.136704e+03,2.575294e+03,2.595832e+03,2.747561e+03,2.313619e+03,2.287472e+03
71.9200,3.156878e+03,2.591343e+03,2.612030e+03,2.764866e+03,2.327778e+03,2.301444e+03
71.9400,3.178508e+03,2.608580e+03,2.629427e+03,2.783442e+03,2.343000e+03,2.316466e+03
71.9600,3.201620e+03,2.627027e+03,2.648043e+03,2.803311e+03,2.359306e+03,2.332559e+03
71.9800,3.226244e+03,2.646708e+03,2.667903e+03,2.824499e+03,2.376715e+03,2.349742e+03
72.0000,3.252413e+03,2.667649e+03,2.689033e+03,2.847035e+03,2.395252e+03,2.368040e+03
72.0200,3.280162e+03,2.689879e+03,2.711463e+03,2.870949e+03,2.414942e+03,2.387478e+03
72.0400,3.309531e+03,2.713429e+03,2.735225e+03,2.896275e+03,2.435813e+03,2.408083e+03
72.0600,3.340564e+03,2.738336e+03,2.760354e+03,2.923052e+03,2.457897e+03,2.429886e+03
72.0800,3.373306e+03,2.764635e+03,2.786888e+03,2.951319e+03,2.481227e+03,2.452921e+03
72.1000,3.407809e+03,2.792369e+03,2.814867e+03,2.981120e+03,2.505839e+03,2.477222e+03
72.1200,3.444126e+03,2.821580e+03,2.844337e+03,3.012502e+03,2.531772e+03,2.502830e+03
72.1400,3.482317e+03,2.852318e+03,2.875345e+03,3.045517e+03,2.559070e+03,2.529785e+03
72.1600,3.522444e+03,2.884632e+03,2.907944e+03,3.080219e+03,2.587777e+03,2.558133e+03
72.1800,3.564576e+03,2.918578e+03,2.942188e+03,3.116667e+03,2.617942e+03,2.587922e+03
72.2000,3.608786e+03,2.954215e+03,2.978136e+03,3.154924e+03,2.649619e+03,2.619204e+03
72.2200,3.655151e+03,2.991606e+03,3.015854e+03,3.195059e+03,2.682863e+03,2.652035e+03
72.2400,3.703756e+03,3.030820e+03,3.055410e+03,3.237144e+03,2.717736e+03,2.686476e+03
72.2600,3.754691e+03,3.071929e+03,3.096877e+03,3.281258e+03,2.754302e+03,2.722589e+03
72.2800,3.808053e+03,3.115012e+03,3.140334e+03,3.327484e+03,2.792631e+03,2.760445e+03
72.3000,3.863944e+03,3.160153e+03,3.185866e+03,3.375913e+03,2.832799e+03,2.800117e+03
72.3200,3.922475e+03,3.207440e+03,3.233563e+03,3.426640e+03,2.874884e+03,2.841685e+03
72.3400,3.983766e+03,3.256972e+03,3.283523e+03,3.479768e+03,2.918973e+03,2.885232e+03
72.3600,4.047943e+03,3.308850e+03,3.335849e+03,3.535409e+03,2.965159e+03,2.930851e+03
72.3800,4.115144e+03,3.363185e+03,3.390653e+03,3.593681e+03,3.013540e+03,2.978638e+03
72.4000,4.185513e+03,3.420098e+03,3.448056e+03,3.654710e+03,3.064221e+03,3.028699e+03
72.4200,4.259209e+03,3.479714e+03,3.508185e+03,3.718635e+03,3.117317e+03,3.081145e+03
72.4400,4.336400e+03,3.542171e+03,3.571179e+03,3.785601e+03,3.172950e+03,3.136098e+03
72.4600,4.417268e+03,3.607615e+03,3.637185e+03,3.855765e+03,3.231251e+03,3.193687e+03
72.4800,4.502006e+03,3.676206e+03,3.706365e+03,3.929298e+03,3.292361e+03,3.254052e+03
72.5000,4.590826e+03,3.748113e+03,3.778888e+03,4.006382e+03,3.356433e+03,3.317342e+03
72.5200,4.683952e+03,3.823520e+03,3.854941e+03,4.087212e+03,3.423628e+03,3.383719e+03
72.5400,4.781629e+03,3.902624e+03,3.934721e+03,4.172000e+03,3.494125e+03,3.453358e+03
72.5600,4.884117e+03,3.985637e+03,4.018445e+03,4.260976e+03,3.568113e+03,3.526446e+03
72.5800,4.991701e+03,4.072791e+03,4.106344e+03,4.354384e+03,3.645796e+03,3.603186e+03
72.6000,5.104687e+03,4.164333e+03,4.198668e+03,4.452491e+03,3.727398e+03,3.683797e+03
72.6200,5.223406e+03,4.260533e+03,4.295689e+03,4.555585e+03,3.813158e+03,3.768516e+03
72.6400,5.348217e+03,4.361682e+03,4.397700e+03,4.663978e+03,3.903336e+03,3.857600e+03
72.6600,5.479509e+03,4.468095e+03,4.505021e+03,4.778008e+03,3.998214e+03,3.951328e+03
72.6800,5.617704e+03,4.580117e+03,4.617997e+03,4.898044e+03,4.098098e+03,4.050002e+03
72.7000,5.763262e+03,4.698118e+03,4.737004e+03,5.024483e+03,4.203321e+03,4.153951e+03
72.7200,5.916682e+03,4.822507e+03,4.862451e+03,5.157761e+03,4.314246e+03,4.263533e+03
72.7400,6.078509e+03,4.953724e+03,4.994785e+03,5.298351e+03,4.431266e+03,4.379138e+03
72.7600,6.249338e+03,5.092254e+03,5.134493e+03,5.446772e+03,4.554814e+03,4.501192e+03
72.7800,6.429820e+03,5.238624e+03,5.282107e+03,5.603588e+03,4.685360e+03,4.630161e+03
72.8000,6.620667e+03,5.393413e+03,5.438211e+03,5.769418e+03,4.823422e+03,4.766554e+03
72.8200,6.822659e+03,5.557254e+03,5.603444e+03,5.944944e+03,4.969565e+03,4.910932e+03
72.8400,7.036656e+03,5.730846e+03,5.778510e+03,6.130910e+03,5.124411e+03,5.063909e+03
72.8600,7.263603e+03,5.914956e+03,5.964183e+03,6.328139e+03,5.288646e+03,5.226162e+03
72.8800,7.504541e+03,6.110430e+03,6.161315e+03,6.537537e+03,5.463025e+03,5.398438e+03
72.9000,7.760622e+03,6.318204e+03,6.370851e+03,6.760105e+03,5.648383e+03,5.581560e+03
72.9200,8.033122e+03,6.539312e+03,6.593835e+03,6.996954e+03,5.845644e+03,5.776443e+03
72.9400,8.323456e+03,6.774905e+03,6.831425e+03,7.249313e+03,6.055835e+03,5.984100e+03
72.9600,8.633196e+03,7.026261e+03,7.084911e+03,7.518551e+03,6.280095e+03,6.205659e+03
72.9800,8.964098e+03,7.294803e+03,7.355728e+03,7.806194e+03,6.519697e+03,6.442374e+03
73.0000,9.318122e+03,7.582124e+03,7.645484e+03,8.113946e+03,6.776062e+03,6.695652e+03
73.0200,9.697463e+03,7.890008e+03,7.955975e+03,8.443717e+03,7.050781e+03,6.967063e+03
73.0400,1.010459e+04,8.220458e+03,8.289222e+03,8.797653e+03,7.345643e+03,7.258376e+03
73.0600,1.054227e+04,8.575730e+03,8.647502e+03,9.178169e+03,7.662661e+03,7.571579e+03
73.0800,1.101366e+04,8.958373e+03,9.033383e+03,9.587997e+03,8.004113e+03,7.908922e+03
73.1000,1.152231e+04,9.371277e+03,9.449781e+03,1.003023e+04,8.372575e+03,8.272952e+03
73.1200,1.207225e+04,9.817725e+03,9.900006e+03,1.050838e+04,8.770980e+03,8.666565e+03
73.1400,1.266811e+04,1.030146e+04,1.038784e+04,1.102646e+04,9.202672e+03,9.093066e+03
73.1600,1.331517e+04,1.082678e+04,1.091760e+04,1.158907e+04,9.671479e+03,9.556237e+03
73.1800,1.401949e+04,1.139861e+04,1.149426e+04,1.220149e+04,1.018180e+04,1.006042e+04
73.2000,1.478807e+04,1.202264e+04,1.212356e+04,1.286980e+04,1.073872e+04,1.061065e+04
73.2200,1.562903e+04,1.270545e+04,1.281215e+04,1.360106e+04,1.134811e+04,1.121271e+04
73.2400,1.655182e+04,1.345472e+04,1.356775e+04,1.440348e+04,1.201682e+04,1.187339e+04
73.2600,1.756747e+04,1.427941e+04,1.439941e+04,1.528668e+04,1.275286e+04,1.260058e+04
73.2800,1.868897e+04,1.519008e+04,1.531777e+04,1.626193e+04,1.356564e+04,1.340360e+04
73.3000,1.993166e+04,1.619918e+04,1.633540e+04,1.734259e+04,1.446628e+04,1.429343e+04
73.3200,2.131378e+04,1.732152e+04,1.746722e+04,1.854452e+04,1.546801e+04,1.528313e+04
73.3400,2.285713e+04,1.857482e+04,1.873110e+04,1.988667e+04,1.658664e+04,1.638832e+04
73.3600,2.458796e+04,1.998040e+04,2.014856e+04,2.139190e+04,1.784120e+04,1.762782e+04
73.3800,2.653813e+04,2.156412e+04,2.174565e+04,2.308788e+04,1.925478e+04,1.902443e+04
73.4000,2.874651e+04,2.335757e+04,2.355425e+04,2.500846e+04,2.085557e+04,2.060600e+04
73.4200,3.126102e+04,2.539968e+04,2.561359e+04,2.719529e+04,2.267832e+04,2.240687e+04
73.4400,3.414121e+04,2.773880e+04,2.797247e+04,2.970017e+04,2.476620e+04,2.446969e+04
73.4600,3.746184e+04,3.043565e+04,3.069209e+04,3.258813e+04,2.717342e+04,2.684801e+04
73.4800,4.131771e+04,3.356725e+04,3.385012e+04,3.594163e+04,2.996870e+04,2.960975e+04
73.5000,4.583048e+04,3.723241e+04,3.754622e+04,3.986647e+04,3.324028e+04,3.284206e+04
73.5200,5.115826e+04,4.155955e+04,4.190989e+04,4.450017e+04,3.710277e+04,3.665820e+04
73.5400,5.750940e+04,4.671791e+04,4.711178e+04,5.002397e+04,4.170725e+04,4.120743e+04
73.5600,6.516277e+04,5.293400e+04,5.338033e+04,5.668040e+04,4.725591e+04,4.668952e+04
73.5800,7.449802e+04,6.051619e+04,6.102651e+04,6.479968e+04,5.402404e+04,5.337644e+04
73.6000,8.604212e+04,6.989251e+04,7.048195e+04,7.484016e+04,6.239371e+04,6.164569e+04
73.6200,1.005432e+05,8.167063e+04,8.235947e+04,8.745253e+04,7.290737e+04,7.203322e+04
73.6400,1.190990e+05,9.674223e+04,9.755825e+04,1.035916e+05,8.636098e+04,8.532543e+04
73.6600,1.434390e+05,1.165120e+05,1.174948e+05,1.247616e+05,1.040084e+05,1.027612e+05
73.6800,1.767851e+05,1.435970e+05,1.448083e+05,1.537648e+05,1.281859e+05,1.266486e+05
73.7000,2.268391e+05,1.842530e+05,1.858074e+05,1.973002e+05,1.644777e+05,1.625051e+05
73.7200,3.147152e+05,2.556302e+05,2.577869e+05,2.737323e+05,2.281931e+05,2.254562e+05
73.7400,4.938891e+05,4.011643e+05,4.045489e+05,4.295730e+05,3.581055e+05,3.538102e+05
73.7600,8.706952e+05,7.072260e+05,7.131929e+05,7.573093e+05,6.313146e+05,6.237421e+05
73.7800,1.587604e+06,1.289538e+06,1.300418e+06,1.380859e+06,1.151121e+06,1.137314e+06
73.8000,2.720586e+06,2.209806e+06,2.228450e+06,2.366298e+06,1.972609e+06,1.948947e+06
73.8200,4.101902e+06,3.331785e+06,3.359896e+06,3.567733e+06,2.974156e+06,2.938480e+06
73.8400,5.145788e+06,4.179685e+06,4.214949e+06,4.475679e+06,3.731042e+06,3.686288e+06
73.8600,5.065348e+06,4.114346e+06,4.149059e+06,4.405713e+06,3.672717e+06,3.628662e+06
73.8800,3.933924e+06,3.195341e+06,3.222301e+06,3.421628e+06,2.852356e+06,2.818142e+06
73.9000,2.561793e+06,2.080821e+06,2.098378e+06,2.228181e+06,1.857467e+06,1.835187e+06
73.9200,1.478522e+06,1.200929e+06,1.211061e+06,1.285977e+06,1.072021e+06,1.059161e+06
73.9400,8.112184e+05,6.589078e+05,6.644673e+05,7.055721e+05,5.881789e+05,5.811234e+05
73.9600,4.670437e+05,3.793492e+05,3.825501e+05,4.062164e+05,3.386271e+05,3.345650e+05
73.9800,3.044525e+05,2.472823e+05,2.493690e+05,2.647974e+05,2.207354e+05,2.180873e+05
74.0000,2.240491e+05,1.819727e+05,1.835084e+05,1.948634e+05,1.624353e+05,1.604864e+05
74.0200,1.776830e+05,1.443097e+05,1.455278e+05,1.545339e+05,1.288141e+05,1.272684e+05
74.0400,1.467367e+05,1.191713e+05,1.201774e+05,1.276160e+05,1.063730e+05,1.050963e+05
74.0600,1.244109e+05,1.010346e+05,1.018877e+05,1.081958e+05,9.018177e+04,8.909925e+04
74.0800,1.078092e+05,8.754684e+04,8.828630e+04,9.375391e+04,7.814035e+04,7.720212e+04
74.1000,9.537356e+04,7.744240e+04,7.809675e+04,8.293514e+04,6.911879e+04,6.828860e+04
74.1200,8.615287e+04,6.994858e+04,7.053988e+04,7.491213e+04,6.242727e+04,6.167712e+04
74.1400,7.956750e+04,6.459429e+04,6.514063e+04,6.918053e+04,5.764512e+04,5.695207e+04
74.1600,7.532342e+04,6.114028e+04,6.165775e+04,6.548429e+04,5.455858e+04,5.390220e+04
74.1800,7.344166e+04,5.960286e+04,6.010773e+04,6.384115e+04,5.318184e+04,5.254152e+04
74.2000,7.455812e+04,6.049678e+04,6.100972e+04,6.480292e+04,5.397352e+04,5.332304e+04
74.2200,8.094281e+04,6.566100e+04,6.621839e+04,7.034052e+04,5.857282e+04,5.786606e+04
74.2400,9.878122e+04,8.010722e+04,8.078825e+04,8.582496e+04,7.144744e+04,7.058405e+04
74.2600,1.408616e+05,1.141973e+05,1.151696e+05,1.223609e+05,1.018347e+05,1.006022e+05
74.2800,2.250744e+05,1.824277e+05,1.839826e+05,1.954836e+05,1.626576e+05,1.606867e+05
74.3000,3.623604e+05,2.936631e+05,2.961678e+05,3.146934e+05,2.618190e+05,2.586446e+05
74.3200,5.347390e+05,4.333340e+05,4.370312e+05,4.643767e+05,3.863304e+05,3.816449e+05
74.3400,6.725255e+05,5.449760e+05,5.496263e+05,5.840219e+05,4.858546e+05,4.799613e+05
74.3600,6.739210e+05,5.461025e+05,5.507625e+05,5.852306e+05,4.868568e+05,4.809511e+05
74.3800,5.363985e+05,4.346658e+05,4.383749e+05,4.658085e+05,3.875114e+05,3.828109e+05
74.4000,3.609061e+05,2.924630e+05,2.949583e+05,3.134150e+05,2.607386e+05,2.575762e+05
74.4200,2.189806e+05,1.774591e+05,1.789729e+05,1.901698e+05,1.582131e+05,1.562947e+05
74.4400,1.299156e+05,1.052875e+05,1.061854e+05,1.128267e+05,9.387192e+04,9.273399e+04
74.4600,8.326387e+04,6.748278e+04,6.805812e+04,7.231367e+04,6.016817e+04,5.943904e+04
74.4800,6.100603e+04,4.944421e+04,4.986572e+04,5.298342e+04,4.408553e+04,4.355137e+04
74.5000,4.999766e+04,4.052093e+04,4.086641e+04,4.342177e+04,3.612897e+04,3.569119e+04
74.5200,4.371974e+04,3.543063e+04,3.573279e+04,3.796783e+04,3.158943e+04,3.120656e+04
74.5400,3.961955e+04,3.210484e+04,3.237875e+04,3.440489e+04,2.862286e+04,2.827581e+04
74.5600,3.676824e+04,2.979087e+04,3.004518e+04,3.192634e+04,2.655826e+04,2.623608e+04
74.5800,3.477848e+04,2.817483e+04,2.841550e+04,3.019580e+04,2.511576e+04,2.481089e+04
74.6000,3.344691e+04,2.709188e+04,2.732346e+04,2.903664e+04,2.414839e+04,2.385505e+04
74.6200,3.265160e+04,2.644316e+04,2.666938e+04,2.834294e+04,2.356798e+04,2.328147e+04
74.6400,3.231866e+04,2.616873e+04,2.639280e+04,2.805048e+04,2.332108e+04,2.303733e+04
74.6600,3.240758e+04,2.623568e+04,2.646053e+04,2.812402e+04,2.337827e+04,2.309357e+04
74.6800,3.290358e+04,2.663191e+04,2.686037e+04,2.855065e+04,2.372875e+04,2.343950e+04
74.7000,3.381397e+04,2.736321e+04,2.759817e+04,2.933661e+04,2.437759e+04,2.408014e+04
74.7200,3.516731e+04,2.845256e+04,2.869712e+04,3.050659e+04,2.534521e+04,2.503565e+04
74.7400,3.701505e+04,2.994144e+04,3.019904e+04,3.210511e+04,2.666847e+04,2.634244e+04
74.7600,3.943568e+04,3.189316e+04,3.216782e+04,3.420013e+04,2.840369e+04,2.805611e+04
74.7800,4.254208e+04,3.439882e+04,3.469533e+04,3.688940e+04,3.063190e+04,3.025669e+04
74.8000,4.649322e+04,3.758675e+04,3.791102e+04,4.031061e+04,3.346725e+04,3.305694e+04
74.8200,5.151253e+04,4.163730e+04,4.199682e+04,4.465729e+04,3.707021e+04,3.661534e+04
74.8400,5.791665e+04,4.680612e+04,4.721059e+04,5.020374e+04,4.166823e+04,4.115653e+04
74.8600,6.616225e+04,5.346190e+04,5.392422e+04,5.734554e+04,4.758933e+04,4.700449e+04
74.8800,7.693058e+04,6.215468e+04,6.269253e+04,6.667285e+04,5.532292e+04,5.464257e+04
74.9000,9.132789e+04,7.377763e+04,7.441644e+04,7.914399e+04,6.566367e+04,6.485566e+04
74.9200,1.115318e+05,9.008898e+04,9.086945e+04,9.664540e+04,8.017596e+04,7.918882e+04
74.9400,1.430064e+05,1.155005e+05,1.165016e+05,1.239106e+05,1.027851e+05,1.015190e+05
74.9600,2.007408e+05,1.621143e+05,1.635202e+05,1.739244e+05,1.442591e+05,1.424812e+05
74.9800,3.211583e+05,2.593390e+05,2.615889e+05,2.782399e+05,2.307641e+05,2.279188e+05
75.0000,5.716823e+05,4.616127e+05,4.656186e+05,4.952655e+05,4.107362e+05,4.056703e+05
75.0200,1.032212e+06,8.334466e+05,8.406804e+05,8.942169e+05,7.415743e+05,7.324263e+05
75.0400,1.724872e+06,1.392704e+06,1.404793e+06,1.494261e+06,1.239172e+06,1.223885e+06
75.0600,2.508399e+06,2.025328e+06,2.042909e+06,2.173021e+06,1.802048e+06,1.779816e+06
75.0800,2.994264e+06,2.417618e+06,2.438604e+06,2.593920e+06,2.151087e+06,2.124548e+06
75.1000,2.786540e+06,2.249899e+06,2.269429e+06,2.413970e+06,2.001859e+06,1.977161e+06
75.1200,2.070761e+06,1.671974e+06,1.686487e+06,1.793898e+06,1.487650e+06,1.469297e+06
75.1400,1.307324e+06,1.055569e+06,1.064731e+06,1.132540e+06,9.392043e+05,9.276176e+05
75.1600,7.411483e+05,5.984334e+05,6.036273e+05,6.420668e+05,5.324686e+05,5.259004e+05
75.1800,4.075450e+05,3.290791e+05,3.319348e+05,3.530692e+05,2.928107e+05,2.891993e+05
75.2000,2.401434e+05,1.939171e+05,1.955995e+05,2.080504e+05,1.725502e+05,1.704226e+05
75.2200,1.609949e+05,1.300113e+05,1.311390e+05,1.394843e+05,1.156898e+05,1.142637e+05
75.2400,1.204802e+05,9.729880e+04,9.814248e+04,1.043864e+05,8.658350e+04,8.551653e+04
75.2600,9.598565e+04,7.752110e+04,7.819311e+04,8.316656e+04,6.898600e+04,6.813611e+04
75.2800,7.901078e+04,6.381483e+04,6.436789e+04,6.846095e+04,5.679056e+04,5.609111e+04
75.3000,6.638320e+04,5.361861e+04,5.408318e+04,5.752136e+04,4.771818e+04,4.713064e+04
75.3200,5.665826e+04,4.576602e+04,4.616245e+04,4.909630e+04,4.073105e+04,4.022969e+04
75.3400,4.900295e+04,3.958447e+04,3.992726e+04,4.246416e+04,3.523074e+04,3.479721e+04
75.3600,4.287128e+04,3.463313e+04,3.493296e+04,3.715193e+04,3.082501e+04,3.044581e+04
75.3800,3.788609e+04,3.060749e+04,3.087240e+04,3.283291e+04,2.724292e+04,2.690789e+04
75.4000,3.377953e+04,2.729126e+04,2.752740e+04,2.927503e+04,2.429204e+04,2.399338e+04
75.4200,3.035726e+04,2.452754e+04,2.473971e+04,2.630995e+04,2.183275e+04,2.156441e+04
75.4400,2.747569e+04,2.220040e+04,2.239239e+04,2.381329e+04,1.976192e+04,1.951910e+04
75.4600,2.502696e+04,2.022274e+04,2.039758e+04,2.169159e+04,1.800203e+04,1.778090e+04
75.4800,2.292881e+04,1.852815e+04,1.868831e+04,1.987360e+04,1.649402e+04,1.629147e+04
75.5000,2.111769e+04,1.706531e+04,1.721279e+04,1.830427e+04,1.519220e+04,1.500569e+04
75.5200,1.954387e+04,1.579407e+04,1.593054e+04,1.694051e+04,1.406086e+04,1.388828e+04
75.5400,1.816800e+04,1.468267e+04,1.480951e+04,1.574824e+04,1.307174e+04,1.291134e+04
75.5600,1.695866e+04,1.370572e+04,1.382410e+04,1.470022e+04,1.220225e+04,1.205255e+04
75.5800,1.589049e+04,1.284275e+04,1.295366e+04,1.377451e+04,1.143418e+04,1.129392e+04
75.6000,1.494286e+04,1.207711e+04,1.218140e+04,1.295321e+04,1.075270e+04,1.062082e+04
75.6200,1.409886e+04,1.139514e+04,1.149353e+04,1.222169e+04,1.014566e+04,1.002125e+04
75.6400,1.334454e+04,1.078557e+04,1.087869e+04,1.156785e+04,9.603043e+03,9.485301e+03
75.6600,1.266827e+04,1.023903e+04,1.032742e+04,1.098163e+04,9.116501e+03,9.004734e+03
75.6800,1.206038e+04,9.747679e+03,9.831827e+03,1.045464e+04,8.679066e+03,8.572670e+03
75.7000,1.151270e+04,9.304943e+03,9.385269e+03,9.979801e+03,8.284881e+03,8.183321e+03
75.7200,1.101836e+04,8.905262e+03,8.982141e+03,9.551164e+03,7.929002e+03,7.831805e+03
75.7400,1.057151e+04,8.543923e+03,8.617687e+03,9.163669e+03,7.607232e+03,7.513977e+03
75.7600,1.016720e+04,8.216917e+03,8.287865e+03,8.813013e+03,7.316006e+03,7.226315e+03
75.7800,9.801189e+03,7.920822e+03,7.989224e+03,8.495527e+03,7.052277e+03,6.965812e+03
75.8000,9.469857e+03,7.652715e+03,7.718813e+03,8.208075e+03,6.813444e+03,6.729896e+03
75.8200,9.170107e+03,7.410093e+03,7.474109e+03,7.947971e+03,6.597279e+03,6.516367e+03
75.8400,8.899290e+03,7.190814e+03,7.252952e+03,7.712919e+03,6.401876e+03,6.323344e+03
75.8600,8.655143e+03,6.993050e+03,7.053497e+03,7.500957e+03,6.225607e+03,6.149216e+03
75.8800,8.435739e+03,6.815243e+03,6.874173e+03,7.310415e+03,6.067084e+03,5.992616e+03
75.9000,8.239449e+03,6.656075e+03,6.713651e+03,7.139880e+03,5.925134e+03,5.852382e+03
75.9200,8.064907e+03,6.514440e+03,6.570816e+03,6.988166e+03,5.798772e+03,5.727543e+03
75.9400,7.910987e+03,6.389427e+03,6.444747e+03,6.854295e+03,5.687184e+03,5.617295e+03
75.9600,7.776779e+03,6.280297e+03,6.334701e+03,6.737478e+03,5.589712e+03,5.520987e+03
75.9800,7.661577e+03,6.186476e+03,6.240099e+03,6.637099e+03,5.505845e+03,5.438114e+03
76.0000,7.564868e+03,6.107547e+03,6.160519e+03,6.552712e+03,5.435208e+03,5.368306e+03
76.0200,7.486324e+03,6.043239e+03,6.095689e+03,6.484028e+03,5.377560e+03,5.311323e+03
76.0400,7.425800e+03,5.993431e+03,6.045487e+03,6.430919e+03,5.332788e+03,5.267056e+03
76.0600,7.383338e+03,5.958151e+03,6.009941e+03,6.393417e+03,5.300916e+03,5.235526e+03
76.0800,7.359170e+03,5.937579e+03,5.989234e+03,6.371718e+03,5.282100e+03,5.216889e+03
76.1000,7.353730e+03,5.932060e+03,5.983712e+03,6.366193e+03,5.276644e+03,5.211443e+03
76.1200,7.367671e+03,5.942110e+03,5.993899e+03,6.377402e+03,5.285004e+03,5.219639e+03
76.1400,7.401885e+03,5.968441e+03,6.020511e+03,6.406108e+03,5.307806e+03,5.242094e+03
76.1600,7.457529e+03,6.011976e+03,6.064481e+03,6.453309e+03,5.345868e+03,5.279616e+03
76.1800,7.536070e+03,6.073886e+03,6.126989e+03,6.520264e+03,5.400225e+03,5.333226e+03
76.2000,7.639322e+03,6.155621e+03,6.209500e+03,6.608534e+03,5.472160e+03,5.404191e+03
76.2200,7.769515e+03,6.258962e+03,6.313810e+03,6.720038e+03,5.563249e+03,5.494067e+03
76.2400,7.929364e+03,6.386083e+03,6.442114e+03,6.857114e+03,5.675417e+03,5.604751e+03
76.2600,8.122171e+03,6.539625e+03,6.597075e+03,7.022604e+03,5.811000e+03,5.738554e+03
76.2800,8.351948e+03,6.722796e+03,6.781932e+03,7.219962e+03,5.972840e+03,5.898278e+03
76.3000,8.623572e+03,6.939501e+03,7.000624e+03,7.453388e+03,6.164394e+03,6.087337e+03
76.3200,8.942993e+03,7.194502e+03,7.257956e+03,7.728007e+03,6.389878e+03,6.309892e+03
76.3400,9.317499e+03,7.493631e+03,7.559813e+03,8.050096e+03,6.654459e+03,6.571044e+03
76.3600,9.756065e+03,7.844073e+03,7.913446e+03,8.427383e+03,6.964497e+03,6.877072e+03
76.3800,1.026981e+04,8.254733e+03,8.327840e+03,8.869451e+03,7.327880e+03,7.235761e+03
76.4000,1.087264e+04,8.736733e+03,8.814216e+03,9.388268e+03,7.754457e+03,7.656836e+03
76.4200,1.158205e+04,9.304086e+03,9.386714e+03,9.998907e+03,8.256638e+03,8.152547e+03
76.4400,1.242030e+04,9.974615e+03,1.006332e+04,1.072055e+04,8.850208e+03,8.738476e+03
76.4600,1.341602e+04,1.077124e+04,1.086716e+04,1.157785e+04,9.555469e+03,9.434665e+03
76.4800,1.460649e+04,1.172381e+04,1.182835e+04,1.260292e+04,1.039885e+04,1.026720e+04
76.5000,1.604089e+04,1.287169e+04,1.298661e+04,1.383813e+04,1.141522e+04,1.127052e+04
76.5200,1.778510e+04,1.426764e+04,1.439518e+04,1.534023e+04,1.265131e+04,1.249073e+04
76.5400,1.992890e+04,1.598353e+04,1.612658e+04,1.718655e+04,1.417077e+04,1.399068e+04
76.5600,2.259695e+04,1.811917e+04,1.828151e+04,1.948447e+04,1.606199e+04,1.585763e+04
76.5800,2.596631e+04,2.081633e+04,2.100302e+04,2.238652e+04,1.845053e+04,1.821552e+04
76.6000,3.029683e+04,2.428304e+04,2.450103e+04,2.611654e+04,2.152066e+04,2.124627e+04
76.6200,3.599783e+04,2.884703e+04,2.910623e+04,3.102711e+04,2.556262e+04,2.523638e+04
76.6400,4.383153e+04,3.511856e+04,3.543438e+04,3.777484e+04,3.111691e+04,3.071944e+04
76.6600,5.561878e+04,4.455550e+04,4.495649e+04,4.792822e+04,3.947471e+04,3.897007e+04
76.6800,7.635143e+04,6.115453e+04,6.170533e+04,6.578731e+04,5.417578e+04,5.348264e+04
76.7000,1.186802e+05,9.504441e+04,9.590105e+04,1.022496e+05,8.419086e+04,8.311290e+04
76.7200,2.077883e+05,1.663879e+05,1.678883e+05,1.790083e+05,1.473775e+05,1.454895e+05
76.7400,3.774773e+05,3.022480e+05,3.049744e+05,3.251806e+05,2.677047e+05,2.642741e+05
76.7600,6.458940e+05,5.171539e+05,5.218197e+05,5.563984e+05,4.580406e+05,4.521697e+05
76.7800,9.735217e+05,7.794668e+05,7.864996e+05,8.386215e+05,6.903634e+05,6.815141e+05
76.8000,1.221751e+06,9.782100e+05,9.870362e+05,1.052450e+06,8.663843e+05,8.552784e+05
76.8200,1.203657e+06,9.637224e+05,9.724180e+05,1.036863e+06,8.535530e+05,8.426115e+05
76.8400,9.356581e+05,7.491504e+05,7.559097e+05,8.060044e+05,6.635124e+05,6.550073e+05
76.8600,6.099109e+05,4.883423e+05,4.927481e+05,5.254007e+05,4.325220e+05,4.269781e+05
76.8800,3.524407e+05,2.821998e+05,2.847454e+05,3.036117e+05,2.499472e+05,2.467440e+05
76.9000,1.936671e+05,1.550782e+05,1.564767e+05,1.668415e+05,1.373591e+05,1.355993e+05
76.9200,1.116645e+05,8.942287e+04,9.022895e+04,9.620299e+04,7.920986e+04,7.819553e+04
76.9400,7.283540e+04,5.833420e+04,5.885976e+04,6.275477e+04,5.167533e+04,5.101398e+04
76.9600,5.354630e+04,4.289011e+04,4.327633e+04,4.613858e+04,3.799677e+04,3.751076e+04
76.9800,4.233359e+04,3.391235e+04,3.421756e+04,3.647952e+04,3.004524e+04,2.966116e+04
77.0000,3.475813e+04,2.784674e+04,2.809723e+04,2.995365e+04,2.467292e+04,2.435770e+04
77.0200,2.919299e+04,2.339068e+04,2.360097e+04,2.515949e+04,2.072614e+04,2.046149e+04
77.0400,2.493798e+04,1.998357e+04,2.016313e+04,2.149391e+04,1.770839e+04,1.748241e+04
77.0600,2.160722e+04,1.731646e+04,1.747197e+04,1.862449e+04,1.534603e+04,1.515032e+04
77.0800,1.895277e+04,1.519082e+04,1.532717e+04,1.633764e+04,1.346324e+04,1.329165e+04
77.1000,1.680479e+04,1.347070e+04,1.359154e+04,1.448709e+04,1.193961e+04,1.178753e+04
77.1200,1.504336e+04,1.206007e+04,1.216819e+04,1.296950e+04,1.069007e+04,1.055400e+04
77.1400,1.358186e+04,1.088957e+04,1.098715e+04,1.171029e+04,9.653224e+03,9.530426e+03
77.1600,1.235658e+04,9.908196e+03,9.996931e+03,1.065456e+04,8.783876e+03,8.672204e+03
77.1800,1.131982e+04,9.077763e+03,9.159020e+03,9.761220e+03,8.048212e+03,7.945954e+03
77.2000,1.043536e+04,8.369266e+03,8.444144e+03,8.999074e+03,7.420542e+03,7.326313e+03
77.2200,9.675292e+03,7.760363e+03,7.829761e+03,8.344082e+03,6.881079e+03,6.793747e+03
77.2400,9.017860e+03,7.233631e+03,7.298290e+03,7.777498e+03,6.414392e+03,6.333024e+03
77.2600,8.445900e+03,6.775329e+03,6.835868e+03,7.284540e+03,6.008310e+03,5.932130e+03
77.2800,7.945740e+03,6.374511e+03,6.431448e+03,6.853430e+03,5.653138e+03,5.581493e+03
77.3000,7.506383e+03,6.022372e+03,6.076146e+03,6.474694e+03,5.341078e+03,5.273414e+03
77.3200,7.118912e+03,5.711769e+03,5.762756e+03,6.140649e+03,5.065804e+03,5.001651e+03
77.3400,6.776035e+03,5.436867e+03,5.485389e+03,5.845016e+03,4.822147e+03,4.761098e+03
77.3600,6.471753e+03,5.192860e+03,5.239196e+03,5.582625e+03,4.605850e+03,4.547554e+03
77.3800,6.201096e+03,4.975769e+03,5.020161e+03,5.349194e+03,4.413389e+03,4.357541e+03
77.4000,5.959923e+03,4.782278e+03,4.824940e+03,5.141158e+03,4.241827e+03,4.188158e+03
77.4200,5.744769e+03,4.609611e+03,4.650732e+03,4.955529e+03,4.088706e+03,4.036979e+03
77.4400,5.552720e+03,4.455436e+03,4.495183e+03,4.789798e+03,3.951957e+03,3.901963e+03
77.4600,5.381318e+03,4.317782e+03,4.356304e+03,4.641845e+03,3.829838e+03,3.781387e+03
77.4800,5.228483e+03,4.194985e+03,4.232416e+03,4.509880e+03,3.720871e+03,3.673796e+03
77.5000,5.092452e+03,4.085631e+03,4.122093e+03,4.392382e+03,3.623806e+03,3.577953e+03
77.5200,4.971730e+03,3.988523e+03,4.024127e+03,4.288063e+03,3.537581e+03,3.492810e+03
77.5400,4.865050e+03,3.902644e+03,3.937493e+03,4.195831e+03,3.461296e+03,3.417479e+03
77.5600,4.771339e+03,3.827136e+03,3.861323e+03,4.114761e+03,3.394189e+03,3.351208e+03
77.5800,4.689695e+03,3.761274e+03,3.794887e+03,4.044075e+03,3.335618e+03,3.293363e+03
77.6000,4.619363e+03,3.704453e+03,3.737573e+03,3.983121e+03,3.285046e+03,3.243414e+03
77.6200,4.559719e+03,3.656170e+03,3.688877e+03,3.931361e+03,3.242028e+03,3.200921e+03
77.6400,4.510256e+03,3.616020e+03,3.648386e+03,3.888357e+03,3.206204e+03,3.165528e+03
77.6600,4.470573e+03,3.583678e+03,3.615776e+03,3.853763e+03,3.177285e+03,3.136951e+03
77.6800,4.440368e+03,3.558902e+03,3.590800e+03,3.827315e+03,3.155055e+03,3.114976e+03
77.7000,4.419430e+03,3.541520e+03,3.573286e+03,3.808832e+03,3.139362e+03,3.099453e+03
77.7200,4.407636e+03,3.531430e+03,3.563132e+03,3.798205e+03,3.130114e+03,3.090290e+03
77.7400,4.404946e+03,3.528599e+03,3.560303e+03,3.795399e+03,3.127280e+03,3.087459e+03
77.7600,4.411406e+03,3.533060e+03,3.564833e+03,3.800450e+03,3.130888e+03,3.090985e+03
77.7800,4.427147e+03,3.544915e+03,3.576825e+03,3.813469e+03,3.141027e+03,3.100956e+03
77.8000,4.452387e+03,3.564334e+03,3.596451e+03,3.834641e+03,3.157845e+03,3.117519e+03
77.8200,4.487436e+03,3.591561e+03,3.623958e+03,3.864230e+03,3.181558e+03,3.140885e+03
77.8400,4.532702e+03,3.626918e+03,3.659671e+03,3.902583e+03,3.212447e+03,3.171334e+03
77.8600,4.588700e+03,3.670813e+03,3.704000e+03,3.950142e+03,3.250872e+03,3.209218e+03
77.8800,4.656062e+03,3.723746e+03,3.757451e+03,4.007446e+03,3.297271e+03,3.254972e+03
77.9000,4.735552e+03,3.786321e+03,3.820634e+03,4.075148e+03,3.352178e+03,3.309121e+03
77.9200,4.828083e+03,3.859261e+03,3.894279e+03,4.154028e+03,3.416228e+03,3.372293e+03
77.9400,4.934736e+03,3.943424e+03,3.979251e+03,4.245013e+03,3.490177e+03,3.445232e+03
77.9600,5.056789e+03,4.039821e+03,4.076572e+03,4.349195e+03,3.574917e+03,3.528819e+03
77.9800,5.195749e+03,4.149648e+03,4.187448e+03,4.467863e+03,3.671499e+03,3.624091e+03
78.0000,5.353388e+03,4.274310e+03,4.313299e+03,4.602535e+03,3.781164e+03,3.732271e+03
78.0200,5.531797e+03,4.415466e+03,4.455797e+03,4.755000e+03,3.905370e+03,3.854801e+03
78.0400,5.733444e+03,4.575073e+03,4.616919e+03,4.927371e+03,4.045845e+03,3.993382e+03
78.0600,5.961252e+03,4.755450e+03,4.799005e+03,5.122151e+03,4.204629e+03,4.150029e+03
78.0800,6.218692e+03,4.959349e+03,5.004835e+03,5.342310e+03,4.384151e+03,4.327138e+03
78.1000,6.509906e+03,5.190058e+03,5.237725e+03,5.591395e+03,4.587306e+03,4.527565e+03
78.1200,6.839859e+03,5.451515e+03,5.501651e+03,5.873657e+03,4.817565e+03,4.754735e+03
78.1400,7.214535e+03,5.748469e+03,5.801407e+03,6.194219e+03,5.079112e+03,5.012777e+03
78.1600,7.641194e+03,6.086678e+03,6.142806e+03,6.559296e+03,5.377024e+03,5.306698e+03
78.1800,8.128699e+03,6.473175e+03,6.532947e+03,6.976478e+03,5.717498e+03,5.642616e+03
78.2000,8.687957e+03,6.916615e+03,6.980564e+03,7.455104e+03,6.108161e+03,6.028053e+03
78.2200,9.332499e+03,7.427735e+03,7.496496e+03,8.006758e+03,6.558477e+03,6.472348e+03
78.2400,1.007927e+04,8.019977e+03,8.094312e+03,8.645948e+03,7.080291e+03,6.987188e+03
78.2600,1.094969e+04,8.710340e+03,8.791170e+03,9.391018e+03,7.688588e+03,7.587358e+03
78.2800,1.197115e+04,9.520559e+03,9.609010e+03,1.026542e+04,8.402521e+03,8.291755e+03
78.3000,1.317910e+04,1.047876e+04,1.057622e+04,1.129951e+04,9.246880e+03,9.124840e+03
78.3200,1.462003e+04,1.162183e+04,1.173004e+04,1.253308e+04,1.025417e+04,1.011869e+04
78.3400,1.635581e+04,1.299887e+04,1.312001e+04,1.401912e+04,1.146767e+04,1.131599e+04
78.3600,1.847014e+04,1.467629e+04,1.481319e+04,1.582929e+04,1.294591e+04,1.277450e+04
78.3800,2.107836e+04,1.674561e+04,1.690196e+04,1.806237e+04,1.476955e+04,1.457381e+04
78.4000,2.434278e+04,1.933562e+04,1.951630e+04,2.085730e+04,1.705210e+04,1.682591e+04
78.4200,2.849810e+04,2.263255e+04,2.284420e+04,2.441507e+04,1.995769e+04,1.969274e+04
78.4400,3.390150e+04,2.691981e+04,2.717173e+04,2.904148e+04,2.373610e+04,2.342075e+04
78.4600,4.116845e+04,3.268580e+04,3.299187e+04,3.526356e+04,2.881776e+04,2.843464e+04
78.4800,5.163849e+04,4.099340e+04,4.137749e+04,4.422826e+04,3.613946e+04,3.565869e+04
78.5000,6.888726e+04,5.467984e+04,5.519246e+04,5.899718e+04,4.820174e+04,4.756012e+04
78.5200,1.024638e+05,8.132219e+04,8.208499e+04,8.774663e+04,7.168259e+04,7.072785e+04
78.5400,1.735142e+05,1.376996e+05,1.389918e+05,1.485827e+05,1.213702e+05,1.197528e+05
78.5600,3.157460e+05,2.505586e+05,2.529106e+05,2.703673e+05,2.208372e+05,2.178935e+05
78.5800,5.588396e+05,4.434504e+05,4.476136e+05,4.785139e+05,3.908403e+05,3.856297e+05
78.6000,8.897647e+05,7.060354e+05,7.126642e+05,7.618655e+05,6.222668e+05,6.139703e+05
78.6200,1.205630e+06,9.566703e+05,9.656526e+05,1.032322e+06,8.431613e+05,8.319193e+05
78.6400,1.306981e+06,1.037092e+06,1.046829e+06,1.119103e+06,9.140397e+05,9.018525e+05
78.6600,1.103628e+06,8.757329e+05,8.839552e+05,9.449837e+05,7.718277e+05,7.615368e+05
78.6800,7.629618e+05,6.054178e+05,6.111019e+05,6.532909e+05,5.335880e+05,5.264740e+05
78.7000,4.578638e+05,3.633258e+05,3.667366e+05,3.920532e+05,3.202225e+05,3.159535e+05
78.7200,2.532985e+05,2.010053e+05,2.028920e+05,2.168957e+05,1.771629e+05,1.748015e+05
78.7400,1.413048e+05,1.121393e+05,1.131916e+05,1.210019e+05,9.884165e+04,9.752462e+04
78.7600,8.727534e+04,6.926736e+04,6.991708e+04,7.473950e+04,6.105675e+04,6.024356e+04
78.7800,6.136849e+04,4.871033e+04,4.916703e+04,5.255680e+04,4.293890e+04,4.236728e+04
78.8000,4.726682e+04,3.752057e+04,3.787221e+04,4.048220e+04,3.307680e+04,3.263667e+04
78.8200,3.820559e+04,3.033034e+04,3.061448e+04,3.272341e+04,2.673963e+04,2.638400e+04
78.8400,3.171547e+04,2.518025e+04,2.541604e+04,2.716612e+04,2.220053e+04,2.190541e+04
78.8600,2.681802e+04,2.129392e+04,2.149323e+04,2.297253e+04,1.877523e+04,1.852577e+04
78.8800,2.301952e+04,1.827960e+04,1.845061e+04,1.971992e+04,1.611846e+04,1.590441e+04
78.9000,2.001635e+04,1.589635e+04,1.604500e+04,1.714828e+04,1.401788e+04,1.383183e+04
78.9200,1.760425e+04,1.398210e+04,1.411279e+04,1.508275e+04,1.233065e+04,1.216708e+04
78.9400,1.564041e+04,1.242354e+04,1.253960e+04,1.340103e+04,1.095689e+04,1.081163e+04
78.9600,1.402256e+04,1.113952e+04,1.124353e+04,1.201556e+04,9.825096e+03,9.694910e+03
78.9800,1.267601e+04,1.007076e+04,1.016475e+04,1.086238e+04,8.883020e+03,8.765382e+03
79.0000,1.154527e+04,9.173239e+03,9.258812e+03,9.893979e+03,8.091851e+03,7.984747e+03
79.0200,1.058845e+04,8.413710e+03,8.492165e+03,9.074492e+03,7.422301e+03,7.324110e+03
79.0400,9.773529e+03,7.766762e+03,7.839154e+03,8.376491e+03,6.851967e+03,6.761366e+03
79.0600,9.075695e+03,7.212713e+03,7.279917e+03,7.778741e+03,6.363505e+03,6.279400e+03
79.0800,8.475552e+03,6.736168e+03,6.798911e+03,7.264629e+03,5.943344e+03,5.864824e+03
79.1000,7.957782e+03,6.324972e+03,6.383868e+03,6.821039e+03,5.580770e+03,5.507068e+03
79.1200,7.510208e+03,5.969459e+03,6.025031e+03,6.437541e+03,5.267264e+03,5.197724e+03
79.1400,7.123088e+03,5.661898e+03,5.714598e+03,6.105793e+03,4.996012e+03,4.930069e+03
79.1600,6.788610e+03,5.396087e+03,5.446308e+03,5.819105e+03,4.761547e+03,4.698710e+03
79.1800,6.500499e+03,5.167045e+03,5.215133e+03,5.572102e+03,4.559477e+03,4.499312e+03
79.2000,6.253737e+03,4.970788e+03,5.017051e+03,5.360485e+03,4.386288e+03,4.328410e+03
79.2200,6.044343e+03,4.804151e+03,4.848870e+03,5.180843e+03,4.239191e+03,4.183251e+03
79.2400,5.869214e+03,4.664670e+03,4.708100e+03,5.030515e+03,4.116012e+03,4.061688e+03
79.2600,5.726009e+03,4.550483e+03,4.592863e+03,4.907494e+03,4.015106e+03,3.962099e+03
79.2800,5.613070e+03,4.460267e+03,4.501825e+03,4.810356e+03,3.935307e+03,3.883334e+03
79.3000,5.529371e+03,4.393202e+03,4.434156e+03,4.738218e+03,3.875887e+03,3.824673e+03
79.3200,5.474495e+03,4.348950e+03,4.389518e+03,4.690718e+03,3.836545e+03,3.785820e+03
79.3400,5.448643e+03,4.327659e+03,4.368059e+03,4.668020e+03,3.817407e+03,3.766899e+03
79.3600,5.452664e+03,4.329993e+03,4.370449e+03,4.670841e+03,3.819052e+03,3.768479e+03
79.3800,5.488120e+03,4.357177e+03,4.397928e+03,4.700513e+03,3.842555e+03,3.791620e+03
79.4000,5.557399e+03,4.411089e+03,4.452388e+03,4.759064e+03,3.889561e+03,3.837946e+03
79.4200,5.663858e+03,4.494373e+03,4.536503e+03,4.849356e+03,3.962391e+03,3.909745e+03
79.4400,5.812056e+03,4.610618e+03,4.653895e+03,4.975273e+03,4.064196e+03,4.010125e+03
79.4600,6.008051e+03,4.764602e+03,4.809387e+03,5.141979e+03,4.199171e+03,4.143223e+03
79.4800,6.259846e+03,4.962631e+03,5.009347e+03,5.356296e+03,4.372854e+03,4.314501e+03
79.5000,6.577994e+03,5.213027e+03,5.262178e+03,5.627221e+03,4.592555e+03,4.531170e+03
79.5200,6.976478e+03,5.526816e+03,5.579011e+03,5.966678e+03,4.867958e+03,4.802780e+03
79.5400,7.473977e+03,5.918730e+03,5.974721e+03,6.390595e+03,5.212004e+03,5.142095e+03
79.5600,8.095733e+03,6.408675e+03,6.469406e+03,6.920497e+03,5.642177e+03,5.566361e+03
79.5800,8.876347e+03,7.023942e+03,7.090618e+03,7.585890e+03,6.182452e+03,6.099223e+03
79.6000,9.864080e+03,7.802595e+03,7.876790e+03,8.427930e+03,6.866265e+03,6.773662e+03
79.6200,1.112771e+04,8.798882e+03,8.882692e+03,9.505273e+03,7.741271e+03,7.636680e+03
79.6400,1.276851e+04,1.009268e+04,1.018897e+04,1.090428e+04,8.877635e+03,8.757482e+03
79.6600,1.494681e+04,1.181045e+04,1.192330e+04,1.276169e+04,1.038645e+04,1.024565e+04
79.6800,1.796394e+04,1.418986e+04,1.432565e+04,1.533446e+04,1.247651e+04,1.230709e+04
79.7000,2.254604e+04,1.780366e+04,1.797428e+04,1.924187e+04,1.565093e+04,1.543809e+04
79.7200,3.068583e+04,2.422361e+04,2.445610e+04,2.618332e+04,2.129047e+04,2.100048e+04
79.7400,4.740180e+04,3.740807e+04,3.776759e+04,4.043863e+04,3.287239e+04,3.242397e+04
79.7600,8.257129e+04,6.514781e+04,6.577459e+04,7.043129e+04,5.724061e+04,5.645889e+04
79.7800,1.492035e+05,1.177039e+05,1.188370e+05,1.272557e+05,1.034091e+05,1.019959e+05
79.8000,2.537808e+05,2.001893e+05,2.021171e+05,2.164400e+05,1.758695e+05,1.734652e+05
79.8200,3.799467e+05,2.997028e+05,3.025893e+05,3.240353e+05,2.632884e+05,2.596884e+05
79.8400,4.728533e+05,3.729829e+05,3.765755e+05,4.032667e+05,3.276622e+05,3.231818e+05
79.8600,4.615189e+05,3.640426e+05,3.675490e+05,3.936005e+05,3.198083e+05,3.154354e+05
79.8800,3.562003e+05,2.809719e+05,2.836781e+05,3.037835e+05,2.468336e+05,2.434587e+05
79.9000,2.311680e+05,1.823521e+05,1.841081e+05,1.971546e+05,1.601994e+05,1.580094e+05
79.9200,1.334030e+05,1.052393e+05,1.062524e+05,1.137795e+05,9.245854e+04,9.119502e+04
79.9400,7.356621e+04,5.804264e+04,5.860106e+04,6.274994e+04,5.099781e+04,5.030135e+04
79.9600,4.280845e+04,3.378212e+04,3.410683e+04,3.651926e+04,2.968571e+04,2.928072e+04
79.9800,2.824646e+04,2.229608e+04,2.251014e+04,2.410049e+04,1.959552e+04,1.932853e+04
80.0000,2.097191e+04,1.655804e+04,1.671682e+04,1.789653e+04,1.455475e+04,1.435669e+04
80.0200,1.670931e+04,1.319568e+04,1.332208e+04,1.426118e+04,1.160093e+04,1.144326e+04
80.0400,1.381197e+04,1.091018e+04,1.101457e+04,1.179015e+04,9.593105e+03,9.462884e+03
80.0600,1.167506e+04,9.224484e+03,9.312645e+03,9.967625e+03,8.112181e+03,8.002205e+03
80.0800,1.003593e+04,7.931412e+03,8.007125e+03,8.569613e+03,6.976167e+03,6.881718e+03
80.1000,8.748669e+03,6.915886e+03,6.981822e+03,7.471683e+03,6.083967e+03,6.001711e+03
80.1200,7.719186e+03,6.103685e+03,6.161805e+03,6.593591e+03,5.370385e+03,5.297879e+03
80.1400,6.882934e+03,5.443900e+03,5.495671e+03,5.880290e+03,4.790695e+03,4.726108e+03
80.1600,6.194270e+03,4.900528e+03,4.947072e+03,5.292857e+03,4.313273e+03,4.255206e+03
80.1800,5.620206e+03,4.447551e+03,4.489739e+03,4.803158e+03,3.915261e+03,3.862628e+03
80.2000,5.136443e+03,4.065803e+03,4.104320e+03,4.390471e+03,3.579822e+03,3.531768e+03
80.2200,4.724780e+03,3.740926e+03,3.776321e+03,4.039273e+03,3.294344e+03,3.250185e+03
80.2400,4.371373e+03,3.462002e+03,3.494717e+03,3.737759e+03,3.049236e+03,3.008421e+03
80.2600,4.065547e+03,3.220611e+03,3.251007e+03,3.476825e+03,2.837099e+03,2.799177e+03
80.2800,3.798966e+03,3.010177e+03,3.038552e+03,3.249361e+03,2.652159e+03,2.616758e+03
80.3000,3.565046e+03,2.825507e+03,2.852110e+03,3.049752e+03,2.489854e+03,2.456664e+03
80.3200,3.358533e+03,2.662456e+03,2.687495e+03,2.873518e+03,2.346541e+03,2.315302e+03
80.3400,3.175191e+03,2.517685e+03,2.541335e+03,2.717046e+03,2.219286e+03,2.189780e+03
80.3600,3.011578e+03,2.388476e+03,2.410888e+03,2.577401e+03,2.105704e+03,2.077744e+03
80.3800,2.864871e+03,2.272605e+03,2.293907e+03,2.452175e+03,2.003840e+03,1.977265e+03
80.4000,2.732739e+03,2.168231e+03,2.188534e+03,2.339380e+03,1.912077e+03,1.886749e+03
80.4200,2.613242e+03,2.073826e+03,2.093226e+03,2.237362e+03,1.829072e+03,1.804872e+03
80.4400,2.504758e+03,1.988109e+03,2.006689e+03,2.144737e+03,1.753700e+03,1.730523e+03
80.4600,2.405918e+03,1.910000e+03,1.927834e+03,2.060338e+03,1.685012e+03,1.662767e+03
80.4800,2.315563e+03,1.838586e+03,1.855737e+03,1.983176e+03,1.622206e+03,1.600812e+03
80.5000,2.232704e+03,1.773086e+03,1.789613e+03,1.912409e+03,1.564597e+03,1.543984e+03
80.5200,2.156498e+03,1.712834e+03,1.728786e+03,1.847315e+03,1.511599e+03,1.491703e+03
80.5400,2.086215e+03,1.657257e+03,1.672679e+03,1.787275e+03,1.462707e+03,1.443473e+03
80.5600,2.021227e+03,1.605857e+03,1.620790e+03,1.731751e+03,1.417486e+03,1.398863e+03
80.5800,1.960988e+03,1.558204e+03,1.572684e+03,1.680278e+03,1.375558e+03,1.357501e+03
80.6000,1.905022e+03,1.513923e+03,1.527982e+03,1.632450e+03,1.336592e+03,1.319061e+03
80.6200,1.852914e+03,1.472686e+03,1.486353e+03,1.587913e+03,1.300301e+03,1.283259e+03
80.6400,1.804297e+03,1.434204e+03,1.447506e+03,1.546354e+03,1.266430e+03,1.249845e+03
80.6600,1.758850e+03,1.398224e+03,1.411185e+03,1.507499e+03,1.234758e+03,1.218599e+03
80.6800,1.716288e+03,1.364520e+03,1.377162e+03,1.471106e+03,1.205086e+03,1.189327e+03
80.7000,1.676358e+03,1.332894e+03,1.345236e+03,1.436958e+03,1.177240e+03,1.161855e+03
80.7200,1.638838e+03,1.303169e+03,1.315230e+03,1.404865e+03,1.151064e+03,1.136030e+03
80.7400,1.603525e+03,1.275186e+03,1.286983e+03,1.374657e+03,1.126420e+03,1.111716e+03
80.7600,1.570242e+03,1.248805e+03,1.260353e+03,1.346179e+03,1.103182e+03,1.088790e+03
80.7800,1.538828e+03,1.223899e+03,1.235212e+03,1.319296e+03,1.081242e+03,1.067143e+03
80.8000,1.509138e+03,1.200354e+03,1.211446e+03,1.293884e+03,1.060497e+03,1.046675e+03
80.8200,1.481043e+03,1.178068e+03,1.188950e+03,1.269833e+03,1.040858e+03,1.027299e+03
80.8400,1.454425e+03,1.156947e+03,1.167631e+03,1.247042e+03,1.022244e+03,1.008933e+03
80.8600,1.429178e+03,1.136909e+03,1.147405e+03,1.225421e+03,1.004581e+03,9.915048e+02
80.8800,1.405206e+03,1.117877e+03,1.128195e+03,1.204887e+03,9.878016e+02,9.749491e+02
80.9000,1.382421e+03,1.099782e+03,1.109930e+03,1.185367e+03,9.718462e+02,9.592057e+02
80.9200,1.360743e+03,1.082561e+03,1.092549e+03,1.166791e+03,9.566591e+02,9.442200e+02
80.9400,1.340101e+03,1.066157e+03,1.075992e+03,1.149099e+03,9.421899e+02,9.299425e+02
80.9600,1.320426e+03,1.050518e+03,1.060206e+03,1.132232e+03,9.283924e+02,9.163276e+02
80.9800,1.301659e+03,1.035594e+03,1.045144e+03,1.116140e+03,9.152246e+02,9.033337e+02
81.0000,1.283745e+03,1.021344e+03,1.030761e+03,1.100775e+03,9.026477e+02,8.909228e+02
81.0200,1.266630e+03,1.007725e+03,1.017016e+03,1.086093e+03,8.906263e+02,8.790597e+02
81.0400,1.250270e+03,9.947011e+02,1.003872e+03,1.072054e+03,8.791277e+02,8.677123e+02
81.0600,1.234619e+03,9.822379e+02,9.912932e+02,1.058621e+03,8.681219e+02,8.568509e+02
81.0800,1.219639e+03,9.703037e+02,9.792489e+02,1.045760e+03,8.575810e+02,8.464482e+02
81.1000,1.205292e+03,9.588695e+02,9.677093e+02,1.033439e+03,8.474794e+02,8.364788e+02
81.1200,1.191544e+03,9.479082e+02,9.566472e+02,1.021629e+03,8.377935e+02,8.269194e+02
81.1400,1.178364e+03,9.373948e+02,9.460374e+02,1.010304e+03,8.285013e+02,8.177484e+02
81.1600,1.165722e+03,9.273063e+02,9.358565e+02,9.994381e+02,8.195825e+02,8.089456e+02
81.1800,1.153591e+03,9.176212e+02,9.260828e+02,9.890080e+02,8.110181e+02,8.004925e+02
81.2000,1.141946e+03,9.083194e+02,9.166962e+02,9.789923e+02,8.027907e+02,7.923716e+02
81.2200,1.130763e+03,8.993824e+02,9.076779e+02,9.693710e+02,7.948839e+02,7.845671e+02
81.2400,1.120020e+03,8.907930e+02,8.990104e+02,9.601254e+02,7.872824e+02,7.770637e+02
81.2600,1.109698e+03,8.825350e+02,8.906776e+02,9.512380e+02,7.799723e+02,7.698477e+02
81.2800,1.099776e+03,8.745934e+02,8.826642e+02,9.426926e+02,7.729401e+02,7.629058e+02
81.3000,1.090237e+03,8.669541e+02,8.749561e+02,9.344742e+02,7.661737e+02,7.562261e+02
81.3200,1.081065e+03,8.596041e+02,8.675400e+02,9.265684e+02,7.596614e+02,7.497970e+02
81.3400,1.072244e+03,8.525311e+02,8.604036e+02,9.189621e+02,7.533925e+02,7.436081e+02
81.3600,1.063760e+03,8.457237e+02,8.535353e+02,9.116428e+02,7.473569e+02,7.376492e+02
81.3800,1.055598e+03,8.391710e+02,8.469242e+02,9.045991e+02,7.415452e+02,7.319112e+02
81.4000,1.047747e+03,8.328631e+02,8.405602e+02,8.978199e+02,7.359485e+02,7.263852e+02
81.4200,1.040194e+03,8.267905e+02,8.344338e+02,8.912951e+02,7.305586e+02,7.210632e+02
81.4400,1.032928e+03,8.209444e+02,8.285360e+02,8.850152e+02,7.253675e+02,7.159373e+02
81.4600,1.025939e+03,8.153164e+02,8.228585e+02,8.789712e+02,7.203681e+02,7.110005e+02
81.4800,1.019217e+03,8.098987e+02,8.173934e+02,8.731547e+02,7.155535e+02,7.062459e+02
81.5000,1.012752e+03,8.046842e+02,8.121333e+02,8.675577e+02,7.109172e+02,7.016672e+02
81.5200,1.006536e+03,7.996657e+02,8.070712e+02,8.621728e+02,7.064532e+02,6.972584e+02
81.5400,1.000561e+03,7.948370e+02,8.022007e+02,8.569931e+02,7.021558e+02,6.930139e+02
81.5600,9.948187e+02,7.901919e+02,7.975156e+02,8.520120e+02,6.980197e+02,6.889285e+02
81.5800,9.893023e+02,7.857248e+02,7.930102e+02,8.472233e+02,6.940397e+02,6.849972e+02
81.6000,9.840050e+02,7.814302e+02,7.886790e+02,8.426213e+02,6.902113e+02,6.812153e+02
81.6200,9.789203e+02,7.773031e+02,7.845169e+02,8.382005e+02,6.865300e+02,6.775784e+02
81.6400,9.740424e+02,7.733389e+02,7.805192e+02,8.339559e+02,6.829915e+02,6.740825e+02
81.6600,9.693655e+02,7.695330e+02,7.766814e+02,8.298825e+02,6.795920e+02,6.707236e+02
81.6800,9.648846e+02,7.658812e+02,7.729992e+02,8.259759e+02,6.763279e+02,6.674982e+02
81.7000,9.605945e+02,7.623797e+02,7.694688e+02,8.222318e+02,6.731955e+02,6.644028e+02
81.7200,9.564907e+02,7.590248e+02,7.660864e+02,8.186464e+02,6.701918e+02,6.614342e+02
81.7400,9.525689e+02,7.558130e+02,7.628485e+02,8.152159e+02,6.673137e+02,6.585895e+02
81.7600,9.488250e+02,7.527411e+02,7.597518e+02,8.119367e+02,6.645582e+02,6.558658e+02
81.7800,9.452551e+02,7.498062e+02,7.567934e+02,8.088058e+02,6.619229e+02,6.532605e+02
81.8000,9.418559e+02,7.470052e+02,7.539704e+02,8.058199e+02,6.594051e+02,6.507711e+02
81.8200,9.386239e+02,7.443358e+02,7.512801e+02,8.029764e+02,6.570025e+02,6.483954e+02
81.8400,9.355562e+02,7.417953e+02,7.487201e+02,8.002725e+02,6.547131e+02,6.461312e+02
81.8600,9.326498e+02,7.393816e+02,7.462881e+02,7.977058e+02,6.525347e+02,6.439766e+02
81.8800,9.299022e+02,7.370926e+02,7.439819e+02,7.952742e+02,6.504656e+02,6.419297e+02
81.9000,9.273109e+02,7.349262e+02,7.417997e+02,7.929754e+02,6.485040e+02,6.399888e+02
81.9200,9.248738e+02,7.328808e+02,7.397396e+02,7.908075e+02,6.466484e+02,6.381523e+02
81.9400,9.225888e+02,7.309547e+02,7.378000e+02,7.887689e+02,6.448972e+02,6.364190e+02
81.9600,9.204540e+02,7.291464e+02,7.359793e+02,7.868580e+02,6.432493e+02,6.347873e+02
81.9800,9.184678e+02,7.274546e+02,7.342763e+02,7.850732e+02,6.417033e+02,6.332562e+02
82.0000,9.166288e+02,7.258781e+02,7.326897e+02,7.834133e+02,6.402582e+02,6.318246e+02
82.0200,9.149356e+02,7.244158e+02,7.312185e+02,7.818773e+02,6.389131e+02,6.304916e+02
82.0400,9.133871e+02,7.230667e+02,7.298616e+02,7.804640e+02,6.376672e+02,6.292563e+02
82.0600,9.119822e+02,7.218302e+02,7.286184e+02,7.791726e+02,6.365196e+02,6.281180e+02
82.0800,9.107203e+02,7.207054e+02,7.274881e+02,7.780024e+02,6.354699e+02,6.270762e+02
82.1000,9.096007e+02,7.196920e+02,7.264701e+02,7.769528e+02,6.345174e+02,6.261302e+02
82.1200,9.086228e+02,7.187893e+02,7.255641e+02,7.760234e+02,6.336618e+02,6.252798e+02
82.1400,9.077863e+02,7.179972e+02,7.247697e+02,7.752139e+02,6.329029e+02,6.245247e+02
82.1600,9.070911e+02,7.173154e+02,7.240868e+02,7.745241e+02,6.322404e+02,6.238646e+02
82.1800,9.065372e+02,7.167439e+02,7.235152e+02,7.739539e+02,6.316743e+02,6.232995e+02
82.2000,9.061246e+02,7.162827e+02,7.230551e+02,7.735034e+02,6.312045e+02,6.228294e+02
82.2200,9.058537e+02,7.159321e+02,7.227067e+02,7.731728e+02,6.308314e+02,6.224545e+02
82.2400,9.057250e+02,7.156924e+02,7.224703e+02,7.729626e+02,6.305550e+02,6.221750e+02
82.2600,9.057390e+02,7.155639e+02,7.223462e+02,7.728731e+02,6.303757e+02,6.219913e+02
82.2800,9.058964e+02,7.155473e+02,7.223351e+02,7.729050e+02,6.302941e+02,6.219038e+02
82.3000,9.061984e+02,7.156431e+02,7.224377e+02,7.730591e+02,6.303107e+02,6.219131e+02
82.3200,9.066459e+02,7.158524e+02,7.226547e+02,7.733362e+02,6.304261e+02,6.220198e+02
82.3400,9.072402e+02,7.161758e+02,7.229872e+02,7.737374e+02,6.306412e+02,6.222247e+02
82.3600,9.079827e+02,7.166147e+02,7.234363e+02,7.742639e+02,6.309569e+02,6.225288e+02
82.3800,9.088751e+02,7.171701e+02,7.240030e+02,7.749170e+02,6.313743e+02,6.229331e+02
82.4000,9.099192e+02,7.178434e+02,7.246889e+02,7.756982e+02,6.318944e+02,6.234386e+02
82.4200,9.111168e+02,7.186361e+02,7.254954e+02,7.766091e+02,6.325186e+02,6.240467e+02
82.4400,9.124703e+02,7.195498e+02,7.264242e+02,7.776515e+02,6.332482e+02,6.247588e+02
82.4600,9.139820e+02,7.205864e+02,7.274770e+02,7.788274e+02,6.340849e+02,6.255763e+02
82.4800,9.156544e+02,7.217477e+02,7.286560e+02,7.801389e+02,6.350302e+02,6.265009e+02
82.5000,9.174903e+02,7.230360e+02,7.299631e+02,7.815884e+02,6.360861e+02,6.275343e+02
82.5200,9.194927e+02,7.244534e+02,7.314008e+02,7.831782e+02,6.372544e+02,6.286787e+02
82.5400,9.216648e+02,7.260025e+02,7.329714e+02,7.849112e+02,6.385373e+02,6.299359e+02
82.5600,9.240101e+02,7.276858e+02,7.346777e+02,7.867902e+02,6.399371e+02,6.313083e+02
82.5800,9.265324e+02,7.295063e+02,7.365225e+02,7.888183e+02,6.414562e+02,6.327982e+02
82.6000,9.292354e+02,7.314669e+02,7.385089e+02,7.909987e+02,6.430972e+02,6.344083e+02
82.6200,9.321236e+02,7.335708e+02,7.406402e+02,7.933351e+02,6.448629e+02,6.361413e+02
82.6400,9.352013e+02,7.358216e+02,7.429198e+02,7.958312e+02,6.467563e+02,6.380001e+02
82.6600,9.384735e+02,7.382228e+02,7.453514e+02,7.984910e+02,6.487807e+02,6.399878e+02
82.6800,9.419452e+02,7.407785e+02,7.479392e+02,8.013189e+02,6.509393e+02,6.421078e+02
82.7000,9.456220e+02,7.434928e+02,7.506871e+02,8.043193e+02,6.532357e+02,6.443637e+02
82.7200,9.495095e+02,7.463702e+02,7.535998e+02,8.074972e+02,6.556740e+02,6.467593e+02
82.7400,9.536139e+02,7.494153e+02,7.566821e+02,8.108576e+02,6.582580e+02,6.492985e+02
82.7600,9.579419e+02,7.526333e+02,7.599390e+02,8.144061e+02,6.609922e+02,6.519856e+02
82.7800,9.625003e+02,7.560293e+02,7.633758e+02,8.181484e+02,6.638812e+02,6.548253e+02
82.8000,9.672965e+02,7.596092e+02,7.669984e+02,8.220909e+02,6.669299e+02,6.578223e+02
82.8200,9.723385e+02,7.633790e+02,7.708128e+02,8.262400e+02,6.701435e+02,6.609817e+02
82.8400,9.776345e+02,7.673449e+02,7.748255e+02,8.306027e+02,6.735276e+02,6.643090e+02
82.8600,9.831933e+02,7.715139e+02,7.790434e+02,8.351864e+02,6.770879e+02,6.678101e+02
82.8800,9.890244e+02,7.758931e+02,7.834737e+02,8.399991e+02,6.808309e+02,6.714910e+02
82.9000,9.951377e+02,7.804903e+02,7.881242e+02,8.450490e+02,6.847631e+02,6.753583e+02
82.9200,1.001544e+03,7.853135e+02,7.930032e+02,8.503451e+02,6.888915e+02,6.794190e+02
82.9400,1.008254e+03,7.903714e+02,7.981193e+02,8.558967e+02,6.932238e+02,6.836804e+02
82.9600,1.015280e+03,7.956732e+02,8.034819e+02,8.617140e+02,6.977678e+02,6.881504e+02
82.9800,1.022636e+03,8.012288e+02,8.091009e+02,8.678076e+02,7.025320e+02,6.928374e+02
83.0000,1.030333e+03,8.070484e+02,8.149868e+02,8.741888e+02,7.075254e+02,6.977501e+02
83.0200,1.038387e+03,8.131433e+02,8.211508e+02,8.808698e+02,7.127577e+02,7.028982e+02
83.0400,1.046814e+03,8.195252e+02,8.276048e+02,8.878634e+02,7.182391e+02,7.082916e+02
83.0600,1.055629e+03,8.262066e+02,8.343616e+02,8.951832e+02,7.239805e+02,7.139411e+02
83.0800,1.064849e+03,8.332010e+02,8.414346e+02,9.028440e+02,7.299934e+02,7.198580e+02
83.1000,1.074494e+03,8.405226e+02,8.488383e+02,9.108612e+02,7.362902e+02,7.260547e+02
83.1200,1.084583e+03,8.481867e+02,8.565882e+02,9.192515e+02,7.428842e+02,7.325441e+02
83.1400,1.095138e+03,8.562096e+02,8.647005e+02,9.280327e+02,7.497895e+02,7.393400e+02
83.1600,1.106181e+03,8.646086e+02,8.731930e+02,9.372236e+02,7.570210e+02,7.464574e+02
83.1800,1.117735e+03,8.734024e+02,8.820844e+02,9.468445e+02,7.645950e+02,7.539121e+02
83.2000,1.129828e+03,8.826107e+02,8.913948e+02,9.569171e+02,7.725287e+02,7.617210e+02
83.2200,1.142486e+03,8.922550e+02,9.011457e+02,9.674647e+02,7.808405e+02,7.699024e+02
83.2400,1.155740e+03,9.023580e+02,9.113602e+02,9.785120e+02,7.895502e+02,7.784758e+02
83.2600,1.169621e+03,9.129442e+02,9.220630e+02,9.900858e+02,7.986790e+02,7.874619e+02
83.2800,1.184162e+03,9.240399e+02,9.332806e+02,1.002215e+03,8.082497e+02,7.968834e+02
83.3000,1.199402e+03,9.356732e+02,9.450417e+02,1.014929e+03,8.182867e+02,8.067641e+02
83.3200,1.215379e+03,9.478746e+02,9.573768e+02,1.028263e+03,8.288164e+02,8.171301e+02
83.3400,1.232136e+03,9.606768e+02,9.703190e+02,1.042251e+03,8.398671e+02,8.280093e+02
83.3600,1.249718e+03,9.741148e+02,9.839039e+02,1.056933e+03,8.514693e+02,8.394317e+02
83.3800,1.268175e+03,9.882268e+02,9.981698e+02,1.072348e+03,8.636559e+02,8.514298e+02
83.4000,1.287560e+03,1.003054e+03,1.013158e+03,1.088543e+03,8.764626e+02,8.640385e+02
83.4200,1.307931e+03,1.018640e+03,1.028914e+03,1.105565e+03,8.899276e+02,8.772958e+02
83.4400,1.329350e+03,1.035033e+03,1.045486e+03,1.123466e+03,9.040927e+02,8.912426e+02
83.4600,1.351885e+03,1.052286e+03,1.062926e+03,1.142304e+03,9.190029e+02,9.059233e+02
83.4800,1.375608e+03,1.070455e+03,1.081291e+03,1.162140e+03,9.347072e+02,9.213862e+02
83.5000,1.400600e+03,1.089600e+03,1.100644e+03,1.183040e+03,9.512588e+02,9.376835e+02
83.5200,1.426947e+03,1.109789e+03,1.121051e+03,1.205078e+03,9.687153e+02,9.548723e+02
83.5400,1.454744e+03,1.131095e+03,1.142587e+03,1.228333e+03,9.871400e+02,9.730146e+02
83.5600,1.484094e+03,1.153596e+03,1.165332e+03,1.252890e+03,1.006601e+03,9.921781e+02
83.5800,1.515108e+03,1.177380e+03,1.189372e+03,1.278845e+03,1.027175e+03,1.012437e+03
83.6000,1.547911e+03,1.202541e+03,1.214804e+03,1.306301e+03,1.048943e+03,1.033872e+03
83.6200,1.582637e+03,1.229184e+03,1.241733e+03,1.335371e+03,1.071994e+03,1.056572e+03
83.6400,1.619435e+03,1.257421e+03,1.270275e+03,1.366180e+03,1.096430e+03,1.080634e+03
83.6600,1.658468e+03,1.287380e+03,1.300556e+03,1.398864e+03,1.122357e+03,1.106166e+03
83.6800,1.699915e+03,1.319198e+03,1.332715e+03,1.433574e+03,1.149897e+03,1.133287e+03
83.7000,1.743975e+03,1.353028e+03,1.366909e+03,1.470477e+03,1.179181e+03,1.162125e+03
83.7200,1.790868e+03,1.389040e+03,1.403306e+03,1.509757e+03,1.210357e+03,1.192827e+03
83.7400,1.840836e+03,1.427420e+03,1.442098e+03,1.551619e+03,1.243586e+03,1.225551e+03
83.7600,1.894151e+03,1.468377e+03,1.483494e+03,1.596289e+03,1.279050e+03,1.260476e+03
83.7800,1.951114e+03,1.512143e+03,1.527728e+03,1.644019e+03,1.316949e+03,1.297800e+03
83.8000,2.012060e+03,1.558977e+03,1.575063e+03,1.695093e+03,1.357508e+03,1.337743e+03
83.8200,2.077365e+03,1.609167e+03,1.625791e+03,1.749826e+03,1.400977e+03,1.380554e+03
83.8400,2.147453e+03,1.663040e+03,1.680239e+03,1.808571e+03,1.447639e+03,1.426508e+03
83.8600,2.222796e+03,1.720961e+03,1.738779e+03,1.871727e+03,1.497811e+03,1.475920e+03
83.8800,2.303931e+03,1.783340e+03,1.801824e+03,1.939743e+03,1.551849e+03,1.529139e+03
83.9000,2.391462e+03,1.850646e+03,1.869848e+03,2.013126e+03,1.610157e+03,1.586565e+03
83.9200,2.486076e+03,1.923406e+03,1.943384e+03,2.092454e+03,1.673195e+03,1.648649e+03
83.9400,2.588555e+03,2.002222e+03,2.023041e+03,2.178382e+03,1.741484e+03,1.715906e+03
83.9600,2.699794e+03,2.087783e+03,2.109515e+03,2.271661e+03,1.815621e+03,1.788922e+03
83.9800,2.820815e+03,2.180878e+03,2.203601e+03,2.373149e+03,1.896289e+03,1.868371e+03
84.0000,2.952797e+03,2.282413e+03,2.306218e+03,2.483835e+03,1.984275e+03,1.955028e+03
84.0200,3.097103e+03,2.393437e+03,2.418425e+03,2.604864e+03,2.080490e+03,2.049790e+03
84.0400,3.255312e+03,2.515168e+03,2.541452e+03,2.737559e+03,2.185987e+03,2.153694e+03
84.0600,3.429266e+03,2.649024e+03,2.676732e+03,2.883468e+03,2.301996e+03,2.267952e+03
84.0800,3.621124e+03,2.796666e+03,2.825945e+03,3.044401e+03,2.429958e+03,2.393984e+03
84.1000,3.833424e+03,2.960050e+03,2.991067e+03,3.222490e+03,2.571570e+03,2.533459e+03
84.1200,4.069174e+03,3.141490e+03,3.174438e+03,3.420257e+03,2.728837e+03,2.688354e+03
84.1400,4.331952e+03,3.343744e+03,3.378842e+03,3.640705e+03,2.904149e+03,2.861024e+03
84.1600,4.626046e+03,3.570113e+03,3.607618e+03,3.887433e+03,3.100370e+03,3.054286e+03
84.1800,4.956627e+03,3.824578e+03,3.864788e+03,4.164781e+03,3.320951e+03,3.271543e+03
84.2000,5.329974e+03,4.111976e+03,4.155240e+03,4.478018e+03,3.570086e+03,3.516923e+03
84.2200,5.753775e+03,4.438225e+03,4.484956e+03,4.833595e+03,3.852906e+03,3.795482e+03
84.2400,6.237517e+03,4.810633e+03,4.861320e+03,5.239474e+03,4.175746e+03,4.113458e+03
84.2600,6.793017e+03,5.238298e+03,5.293528e+03,5.705571e+03,4.546496e+03,4.478624e+03
84.2800,7.435137e+03,5.732664e+03,5.793145e+03,6.244359e+03,4.975078e+03,4.900751e+03
84.3000,8.182770e+03,6.308280e+03,6.374874e+03,6.871691e+03,5.474106e+03,5.392264e+03
84.3200,9.060216e+03,6.983859e+03,7.057628e+03,7.607962e+03,6.059805e+03,5.969143e+03
84.3400,1.009914e+04,7.783782e+03,7.866044e+03,8.479739e+03,6.753314e+03,6.652209e+03
84.3600,1.134137e+04,8.740265e+03,8.832683e+03,9.522133e+03,7.582564e+03,7.468975e+03
84.3800,1.284307e+04,9.896554e+03,1.000125e+04,1.078227e+04,8.585053e+03,8.456371e+03
84.4000,1.468095e+04,1.131172e+04,1.143144e+04,1.232453e+04,9.811994e+03,9.664843e+03
84.4200,1.696187e+04,1.306804e+04,1.320641e+04,1.423858e+04,1.133473e+04,1.116466e+04
84.4400,1.983820e+04,1.528288e+04,1.544475e+04,1.665230e+04,1.325501e+04,1.305603e+04
84.4600,2.353535e+04,1.812977e+04,1.832187e+04,1.975483e+04,1.572330e+04,1.548717e+04
84.4800,2.841529e+04,2.188748e+04,2.211946e+04,2.384996e+04,1.898130e+04,1.869613e+04
84.5000,3.517908e+04,2.709587e+04,2.738313e+04,2.952600e+04,2.349707e+04,2.314394e+04
84.5200,4.556369e+04,3.509246e+04,3.546460e+04,3.824058e+04,3.043031e+04,2.997283e+04
84.5400,6.433693e+04,4.954876e+04,5.007433e+04,5.399483e+04,4.296431e+04,4.231819e+04
84.5600,1.032176e+05,7.948883e+04,8.033217e+04,8.662302e+04,6.892319e+04,6.788640e+04
84.5800,1.843211e+05,1.419428e+05,1.434490e+05,1.546843e+05,1.230726e+05,1.212209e+05
84.6000,3.347619e+05,2.577901e+05,2.605258e+05,2.809326e+05,2.235156e+05,2.201523e+05
84.6200,5.640158e+05,4.343278e+05,4.389372e+05,4.733203e+05,3.765790e+05,3.709122e+05
84.6400,8.287097e+05,6.381562e+05,6.449289e+05,6.954488e+05,5.533043e+05,5.449777e+05
84.6600,1.002656e+06,7.721043e+05,7.802986e+05,8.414230e+05,6.694412e+05,6.593668e+05
84.6800,9.467214e+05,7.290313e+05,7.367685e+05,7.944830e+05,6.320956e+05,6.225833e+05
84.7000,7.112215e+05,5.476837e+05,5.534962e+05,5.968536e+05,4.748618e+05,4.677157e+05
84.7200,4.522181e+05,3.482371e+05,3.519328e+05,3.795004e+05,3.019356e+05,2.973920e+05
84.7400,2.570963e+05,1.979827e+05,2.000837e+05,2.157559e+05,1.716605e+05,1.690775e+05
84.7600,1.408252e+05,1.084477e+05,1.095984e+05,1.181822e+05,9.403087e+04,9.261617e+04
84.7800,8.209166e+04,6.321957e+04,6.389028e+04,6.889349e+04,5.481669e+04,5.399213e+04
84.8000,5.434839e+04,4.185566e+04,4.229963e+04,4.561153e+04,3.629348e+04,3.574769e+04
84.8200,4.027833e+04,3.102084e+04,3.134983e+04,3.380398e+04,2.689932e+04,2.649490e+04
84.8400,3.186716e+04,2.454368e+04,2.480393e+04,2.674533e+04,2.128338e+04,2.096347e+04
84.8600,2.608189e+04,2.008859e+04,2.030156e+04,2.189029e+04,1.742063e+04,1.715885e+04
84.8800,2.179715e+04,1.678900e+04,1.696696e+04,1.829450e+04,1.455974e+04,1.434100e+04
84.9000,1.850804e+04,1.425610e+04,1.440718e+04,1.553423e+04,1.236358e+04,1.217789e+04
84.9200,1.592664e+04,1.226817e+04,1.239815e+04,1.336786e+04,1.063993e+04,1.048018e+04
84.9400,1.386513e+04,1.068058e+04,1.079371e+04,1.163777e+04,9.263384e+03,9.124342e+03
84.9600,1.219404e+04,9.393634e+03,9.493119e+03,1.023533e+04,8.147512e+03,8.025258e+03
84.9800,1.082158e+04,8.336647e+03,8.424919e+03,9.083483e+03,7.231017e+03,7.122550e+03
85.0000,9.681222e+03,7.458396e+03,7.537351e+03,8.126423e+03,6.469492e+03,6.372480e+03
85.0200,8.723888e+03,6.721079e+03,6.792214e+03,7.322951e+03,5.830160e+03,5.742764e+03
85.0400,7.912737e+03,6.096331e+03,6.160840e+03,6.642154e+03,5.288428e+03,5.209179e+03
85.0600,7.219712e+03,5.562544e+03,5.621393e+03,6.060486e+03,4.825562e+03,4.753273e+03
85.0800,6.623147e+03,5.103037e+03,5.157014e+03,5.559766e+03,4.427098e+03,4.360800e+03
85.1000,6.106108e+03,4.704768e+03,4.754523e+03,5.125784e+03,4.081730e+03,4.020623e+03
85.1200,5.655210e+03,4.357430e+03,4.403504e+03,4.747305e+03,3.780520e+03,3.723940e+03
85.1400,5.259762e+03,4.052790e+03,4.095636e+03,4.415358e+03,3.516330e+03,3.463719e+03
85.1600,4.911143e+03,3.784211e+03,3.824211e+03,4.122710e+03,3.283405e+03,3.234294e+03
85.1800,4.602343e+03,3.546294e+03,3.583774e+03,3.863477e+03,3.077064e+03,3.031052e+03
85.2000,4.327616e+03,3.334613e+03,3.369852e+03,3.632836e+03,2.893471e+03,2.850216e+03
85.2200,4.082214e+03,3.145513e+03,3.178750e+03,3.426804e+03,2.729456e+03,2.688663e+03
85.2400,3.862189e+03,2.975954e+03,3.007396e+03,3.242067e+03,2.582382e+03,2.543796e+03
85.2600,3.664235e+03,2.823391e+03,2.853219e+03,3.075853e+03,2.450044e+03,2.413443e+03
85.2800,3.485571e+03,2.685679e+03,2.714051e+03,2.925824e+03,2.330582e+03,2.295773e+03
85.3000,3.323839e+03,2.561006e+03,2.588060e+03,2.790004e+03,2.222425e+03,2.189236e+03
85.3200,3.177032e+03,2.447824e+03,2.473683e+03,2.666708e+03,2.124231e+03,2.092514e+03
85.3400,3.043435e+03,2.344814e+03,2.369584e+03,2.554497e+03,2.034854e+03,2.004476e+03
85.3600,2.921571e+03,2.250838e+03,2.274616e+03,2.452132e+03,1.953310e+03,1.924152e+03
85.3800,2.810168e+03,2.164915e+03,2.187787e+03,2.358544e+03,1.878749e+03,1.850706e+03
85.4000,2.708121e+03,2.086196e+03,2.108238e+03,2.272806e+03,1.810432e+03,1.783411e+03
85.4200,2.614469e+03,2.013941e+03,2.035222e+03,2.194113e+03,1.747719e+03,1.721635e+03
85.4400,2.528373e+03,1.947503e+03,1.968085e+03,2.121761e+03,1.690050e+03,1.664827e+03
85.4600,2.449099e+03,1.886317e+03,1.906255e+03,2.055131e+03,1.636933e+03,1.612502e+03
85.4800,2.375999e+03,1.829884e+03,1.849228e+03,1.993683e+03,1.587936e+03,1.564236e+03
85.5000,2.308504e+03,1.777764e+03,1.796562e+03,1.936935e+03,1.542680e+03,1.519653e+03
85.5200,2.246107e+03,1.729571e+03,1.747862e+03,1.884467e+03,1.500826e+03,1.478422e+03
85.5400,2.188363e+03,1.684957e+03,1.702782e+03,1.835901e+03,1.462075e+03,1.440248e+03
85.5600,2.134872e+03,1.643618e+03,1.661010e+03,1.790903e+03,1.426163e+03,1.404868e+03
85.5800,2.085279e+03,1.605279e+03,1.622270e+03,1.749176e+03,1.392852e+03,1.372051e+03
85.6000,2.039268e+03,1.569697e+03,1.586316e+03,1.710452e+03,1.361929e+03,1.341586e+03
85.6200,1.996553e+03,1.536651e+03,1.552926e+03,1.674494e+03,1.333205e+03,1.313287e+03
85.6400,1.956879e+03,1.505945e+03,1.521901e+03,1.641087e+03,1.306509e+03,1.286985e+03
85.6600,1.920017e+03,1.477403e+03,1.493062e+03,1.610038e+03,1.281689e+03,1.262531e+03
85.6800,1.885759e+03,1.450864e+03,1.466248e+03,1.581174e+03,1.258604e+03,1.239786e+03
85.7000,1.853918e+03,1.426185e+03,1.441313e+03,1.554336e+03,1.237131e+03,1.218628e+03
85.7200,1.824326e+03,1.403235e+03,1.418127e+03,1.529384e+03,1.217157e+03,1.198946e+03
85.7400,1.796828e+03,1.381897e+03,1.396568e+03,1.506188e+03,1.198579e+03,1.180639e+03
85.7600,1.771285e+03,1.362062e+03,1.376529e+03,1.484631e+03,1.181303e+03,1.163616e+03
85.7800,1.747571e+03,1.343633e+03,1.357912e+03,1.464608e+03,1.165246e+03,1.147792e+03
85.8000,1.725572e+03,1.326522e+03,1.340626e+03,1.446021e+03,1.150330e+03,1.133092e+03
85.8200,1.705181e+03,1.310648e+03,1.324590e+03,1.428784e+03,1.136486e+03,1.119448e+03
85.8400,1.686303e+03,1.295937e+03,1.309730e+03,1.412814e+03,1.123649e+03,1.106796e+03
85.8600,1.668851e+03,1.282321e+03,1.295977e+03,1.398039e+03,1.111761e+03,1.095078e+03
85.8800,1.652744e+03,1.269740e+03,1.283270e+03,1.384392e+03,1.100768e+03,1.084242e+03
85.9000,1.637911e+03,1.258136e+03,1.271550e+03,1.371811e+03,1.090622e+03,1.074240e+03
85.9200,1.624283e+03,1.247458e+03,1.260766e+03,1.360240e+03,1.081278e+03,1.065027e+03
85.9400,1.611800e+03,1.237659e+03,1.250871e+03,1.349628e+03,1.072695e+03,1.056564e+03
85.9600,1.600405e+03,1.228696e+03,1.241820e+03,1.339927e+03,1.064835e+03,1.048813e+03
85.9800,1.590047e+03,1.220528e+03,1.233574e+03,1.331095e+03,1.057663e+03,1.041740e+03
86.0000,1.580678e+03,1.213120e+03,1.226095e+03,1.323091e+03,1.051149e+03,1.035314e+03
86.0200,1.572256e+03,1.206438e+03,1.219350e+03,1.315879e+03,1.045263e+03,1.029507e+03
86.0400,1.564741e+03,1.200451e+03,1.213307e+03,1.309426e+03,1.039979e+03,1.024293e+03
86.0600,1.558096e+03,1.195131e+03,1.207939e+03,1.303701e+03,1.035271e+03,1.019646e+03
86.0800,1.552288e+03,1.190453e+03,1.203220e+03,1.298676e+03,1.031119e+03,1.015546e+03
86.1000,1.547286e+03,1.186393e+03,1.199125e+03,1.294326e+03,1.027500e+03,1.011972e+03
86.1200,1.543063e+03,1.182929e+03,1.195633e+03,1.290627e+03,1.024398e+03,1.008906e+03
86.1400,1.539594e+03,1.180042e+03,1.192725e+03,1.287558e+03,1.021794e+03,1.006330e+03
86.1600,1.536855e+03,1.177714e+03,1.190381e+03,1.285099e+03,1.019673e+03,1.004231e+03
86.1800,1.534824e+03,1.175929e+03,1.188585e+03,1.283232e+03,1.018021e+03,1.002592e+03
86.2000,1.533484e+03,1.174671e+03,1.187323e+03,1.281942e+03,1.016824e+03,1.001403e+03
86.2200,1.532817e+03,1.173928e+03,1.186582e+03,1.281214e+03,1.016072e+03,1.000651e+03
86.2400,1.532808e+03,1.173687e+03,1.186348e+03,1.281035e+03,1.015754e+03,1.000326e+03
86.2600,1.533442e+03,1.173938e+03,1.186611e+03,1.281393e+03,1.015861e+03,1.000420e+03
86.2800,1.534707e+03,1.174671e+03,1.187361e+03,1.282278e+03,1.016383e+03,1.000923e+03
86.3000,1.536593e+03,1.175878e+03,1.188591e+03,1.283681e+03,1.017314e+03,1.001828e+03
86.3200,1.539090e+03,1.177551e+03,1.190292e+03,1.285593e+03,1.018648e+03,1.003129e+03
86.3400,1.542190e+03,1.179684e+03,1.192458e+03,1.288008e+03,1.020378e+03,1.004821e+03
86.3600,1.545887e+03,1.182272e+03,1.195083e+03,1.290921e+03,1.022501e+03,1.006899e+03
86.3800,1.550174e+03,1.185309e+03,1.198164e+03,1.294325e+03,1.025011e+03,1.009359e+03
86.4000,1.555048e+03,1.188794e+03,1.201697e+03,1.298219e+03,1.027907e+03,1.012198e+03
86.4200,1.560505e+03,1.192723e+03,1.205679e+03,1.302598e+03,1.031186e+03,1.015414e+03
86.4400,1.566544e+03,1.197094e+03,1.210107e+03,1.307461e+03,1.034845e+03,1.019004e+03
86.4600,1.573163e+03,1.201907e+03,1.214983e+03,1.312807e+03,1.038885e+03,1.022970e+03
86.4800,1.580362e+03,1.207161e+03,1.220304e+03,1.318636e+03,1.043305e+03,1.027309e+03
86.5000,1.588142e+03,1.212857e+03,1.226073e+03,1.324949e+03,1.048105e+03,1.032022e+03
86.5200,1.596506e+03,1.218996e+03,1.232289e+03,1.331747e+03,1.053287e+03,1.037112e+03
86.5400,1.605457e+03,1.225581e+03,1.238957e+03,1.339033e+03,1.058853e+03,1.042579e+03
86.5600,1.614999e+03,1.232615e+03,1.246078e+03,1.346810e+03,1.064805e+03,1.048426e+03
86.5800,1.625137e+03,1.240101e+03,1.253657e+03,1.355083e+03,1.071146e+03,1.054656e+03
86.6000,1.635878e+03,1.248045e+03,1.261698e+03,1.363856e+03,1.077880e+03,1.061273e+03
86.6200,1.647228e+03,1.256451e+03,1.270207e+03,1.373136e+03,1.085012e+03,1.068281e+03
86.6400,1.659196e+03,1.265326e+03,1.279189e+03,1.382929e+03,1.092547e+03,1.075686e+03
86.6600,1.671792e+03,1.274676e+03,1.288653e+03,1.393244e+03,1.100491e+03,1.083494e+03
86.6800,1.685026e+03,1.284510e+03,1.298606e+03,1.404087e+03,1.108850e+03,1.091710e+03
86.7000,1.698909e+03,1.294836e+03,1.309056e+03,1.415470e+03,1.117633e+03,1.100342e+03
86.7200,1.713455e+03,1.305663e+03,1.320013e+03,1.427403e+03,1.126846e+03,1.109398e+03
86.7400,1.728676e+03,1.317002e+03,1.331488e+03,1.439896e+03,1.136499e+03,1.118887e+03
86.7600,1.744589e+03,1.328864e+03,1.343492e+03,1.452963e+03,1.146601e+03,1.128819e+03
86.7800,1.761209e+03,1.341262e+03,1.356038e+03,1.466617e+03,1.157163e+03,1.139202e+03
86.8000,1.778554e+03,1.354208e+03,1.369138e+03,1.480871e+03,1.168196e+03,1.150049e+03
86.8200,1.796642e+03,1.367717e+03,1.382807e+03,1.495743e+03,1.179712e+03,1.161372e+03
86.8400,1.815495e+03,1.381804e+03,1.397060e+03,1.511248e+03,1.191725e+03,1.173182e+03
86.8600,1.835134e+03,1.396484e+03,1.411915e+03,1.527404e+03,1.204247e+03,1.185495e+03
86.8800,1.855581e+03,1.411777e+03,1.427388e+03,1.544231e+03,1.217295e+03,1.198324e+03
86.9000,1.876863e+03,1.427700e+03,1.443499e+03,1.561750e+03,1.230883e+03,1.211685e+03
86.9200,1.899005e+03,1.444273e+03,1.460267e+03,1.579981e+03,1.245030e+03,1.225596e+03
86.9400,1.922036e+03,1.461518e+03,1.477715e+03,1.598948e+03,1.259753e+03,1.240073e+03
86.9600,1.945986e+03,1.479457e+03,1.495865e+03,1.618677e+03,1.275071e+03,1.255137e+03
86.9800,1.970887e+03,1.498114e+03,1.514741e+03,1.639194e+03,1.291006e+03,1.270807e+03
87.0000,1.996773e+03,1.517516e+03,1.534370e+03,1.660527e+03,1.307580e+03,1.287105e+03
87.0200,2.023681e+03,1.537689e+03,1.554779e+03,1.682707e+03,1.324815e+03,1.304055e+03
87.0400,2.051649e+03,1.558663e+03,1.575999e+03,1.705764e+03,1.342737e+03,1.321680e+03
87.0600,2.080719e+03,1.580468e+03,1.598059e+03,1.729734e+03,1.361373e+03,1.340007e+03
87.0800,2.110935e+03,1.603139e+03,1.620994e+03,1.754653e+03,1.380751e+03,1.359064e+03
87.1000,2.142342e+03,1.626709e+03,1.644840e+03,1.780559e+03,1.400900e+03,1.378881e+03
87.1200,2.174992e+03,1.651218e+03,1.669634e+03,1.807493e+03,1.421854e+03,1.399488e+03
87.1400,2.208937e+03,1.676703e+03,1.695417e+03,1.835500e+03,1.443646e+03,1.420921e+03
87.1600,2.244234e+03,1.703209e+03,1.722231e+03,1.864626e+03,1.466313e+03,1.443214e+03
87.1800,2.280942e+03,1.730780e+03,1.750123e+03,1.894920e+03,1.489893e+03,1.466405e+03
87.2000,2.319126e+03,1.759465e+03,1.779141e+03,1.926437e+03,1.514429e+03,1.490537e+03
87.2200,2.358855e+03,1.789316e+03,1.809339e+03,1.959231e+03,1.539964e+03,1.515651e+03
87.2400,2.400201e+03,1.820386e+03,1.840770e+03,1.993365e+03,1.566545e+03,1.541795e+03
87.2600,2.443242e+03,1.852736e+03,1.873495e+03,2.028902e+03,1.594223e+03,1.569018e+03
87.2800,2.488062e+03,1.886428e+03,1.907578e+03,2.065912e+03,1.623052e+03,1.597373e+03
87.3000,2.534750e+03,1.921529e+03,1.943087e+03,2.104468e+03,1.653089e+03,1.626917e+03
87.3200,2.583402e+03,1.958112e+03,1.980093e+03,2.144649e+03,1.684396e+03,1.657711e+03
87.3400,2.634119e+03,1.996253e+03,2.018676e+03,2.186540e+03,1.717039e+03,1.689818e+03
87.3600,2.687012e+03,2.036035e+03,2.058918e+03,2.230231e+03,1.751089e+03,1.723310e+03
87.3800,2.742197e+03,2.077546e+03,2.100910e+03,2.275819e+03,1.786622e+03,1.758260e+03
87.4000,2.799801e+03,2.120882e+03,2.144747e+03,2.323410e+03,1.823719e+03,1.794749e+03
87.4200,2.859959e+03,2.166144e+03,2.190533e+03,2.373115e+03,1.862468e+03,1.832864e+03
87.4400,2.922818e+03,2.213444e+03,2.238379e+03,2.425055e+03,1.902964e+03,1.872696e+03
87.4600,2.988535e+03,2.262899e+03,2.288406e+03,2.479360e+03,1.945307e+03,1.914346e+03
87.4800,3.057278e+03,2.314638e+03,2.340742e+03,2.536170e+03,1.989608e+03,1.957922e+03
87.5000,3.129232e+03,2.368798e+03,2.395527e+03,2.595637e+03,2.035984e+03,2.003540e+03
87.5200,3.204593e+03,2.425527e+03,2.452911e+03,2.657924e+03,2.084564e+03,2.051325e+03
87.5400,3.283575e+03,2.484989e+03,2.513059e+03,2.723208e+03,2.135485e+03,2.101415e+03
87.5600,3.366411e+03,2.547357e+03,2.576146e+03,2.791681e+03,2.188898e+03,2.153955e+03
87.5800,3.453351e+03,2.612820e+03,2.642364e+03,2.863551e+03,2.244965e+03,2.209106e+03
87.6000,3.544669e+03,2.681585e+03,2.711922e+03,2.939043e+03,2.303862e+03,2.267041e+03
87.6200,3.640661e+03,2.753876e+03,2.785046e+03,3.018404e+03,2.365782e+03,2.327950e+03
87.6400,3.741652e+03,2.829937e+03,2.861983e+03,3.101901e+03,2.430933e+03,2.392039e+03
87.6600,3.847993e+03,2.910033e+03,2.943002e+03,3.189827e+03,2.499545e+03,2.459531e+03
87.6800,3.960071e+03,2.994457e+03,3.028398e+03,3.282501e+03,2.571865e+03,2.530672e+03
87.7000,4.078309e+03,3.083526e+03,3.118492e+03,3.380272e+03,2.648169e+03,2.605731e+03
87.7200,4.203169e+03,3.177591e+03,3.213640e+03,3.483524e+03,2.728754e+03,2.685003e+03
87.7400,4.335160e+03,3.277034e+03,3.314227e+03,3.592678e+03,2.813951e+03,2.768811e+03
87.7600,4.474844e+03,3.382279e+03,3.420683e+03,3.708198e+03,2.904121e+03,2.857512e+03
87.7800,4.622837e+03,3.493792e+03,3.533478e+03,3.830595e+03,2.999665e+03,2.951498e+03
87.8000,4.779823e+03,3.612087e+03,3.653134e+03,3.960434e+03,3.101023e+03,3.051205e+03
87.8200,4.946557e+03,3.737736e+03,3.780227e+03,4.098341e+03,3.208685e+03,3.157114e+03
87.8400,5.123879e+03,3.871371e+03,3.915398e+03,4.245011e+03,3.323193e+03,3.269758e+03
87.8600,5.312724e+03,4.013697e+03,4.059359e+03,4.401218e+03,3.445152e+03,3.389732e+03
87.8800,5.514134e+03,4.165500e+03,4.212907e+03,4.567822e+03,3.575236e+03,3.517698e+03
87.9000,5.729272e+03,4.327659e+03,4.376929e+03,4.745790e+03,3.714198e+03,3.654399e+03
87.9200,5.959446e+03,4.501159e+03,4.552422e+03,4.936201e+03,3.862883e+03,3.800665e+03
87.9400,6.206125e+03,4.687109e+03,4.740507e+03,5.140273e+03,4.022241e+03,3.957430e+03
87.9600,6.470965e+03,4.886758e+03,4.942449e+03,5.359375e+03,4.193343e+03,4.125749e+03
87.9800,6.755840e+03,5.101520e+03,5.159676e+03,5.595059e+03,4.377402e+03,4.306815e+03
88.0000,7.062876e+03,5.332999e+03,5.393812e+03,5.849085e+03,4.575792e+03,4.501979e+03
88.0200,7.394496e+03,5.583023e+03,5.646706e+03,6.123458e+03,4.790082e+03,4.712785e+03
88.0400,7.753469e+03,5.853679e+03,5.920468e+03,6.420470e+03,5.022060e+03,4.940993e+03
88.0600,8.142971e+03,6.147366e+03,6.217524e+03,6.742750e+03,5.273783e+03,5.188624e+03
88.0800,8.566662e+03,6.466843e+03,6.540667e+03,7.093328e+03,5.547617e+03,5.458008e+03
88.1000,9.028776e+03,6.815305e+03,6.893126e+03,7.475707e+03,5.846301e+03,5.751839e+03
88.1200,9.534234e+03,7.196465e+03,7.278658e+03,7.893962e+03,6.173019e+03,6.073249e+03
88.1400,1.008878e+04,7.614660e+03,7.701648e+03,8.352850e+03,6.531487e+03,6.425894e+03
88.1600,1.069917e+04,8.074978e+03,8.167244e+03,8.857955e+03,6.926071e+03,6.814069e+03
88.1800,1.137336e+04,8.583428e+03,8.681524e+03,9.415870e+03,7.361922e+03,7.242841e+03
88.2000,1.212081e+04,9.147144e+03,9.251702e+03,1.003442e+04,7.845156e+03,7.718227e+03
88.2200,1.295281e+04,9.774648e+03,9.886399e+03,1.072296e+04,8.383079e+03,8.247416e+03
88.2400,1.388295e+04,1.047619e+04,1.059598e+04,1.149272e+04,8.984479e+03,8.839053e+03
88.2600,1.492768e+04,1.126418e+04,1.139301e+04,1.235734e+04,9.660004e+03,9.503611e+03
88.2800,1.610710e+04,1.215379e+04,1.229281e+04,1.333345e+04,1.042265e+04,1.025388e+04
88.3000,1.744594e+04,1.316367e+04,1.331426e+04,1.444151e+04,1.128842e+04,1.110559e+04
88.3200,1.897493e+04,1.431701e+04,1.448081e+04,1.570697e+04,1.227718e+04,1.207831e+04
88.3400,2.073262e+04,1.564290e+04,1.582189e+04,1.716174e+04,1.341389e+04,1.319657e+04
88.3600,2.276791e+04,1.717822e+04,1.737480e+04,1.884628e+04,1.473017e+04,1.449150e+04
88.3800,2.514353e+04,1.897031e+04,1.918742e+04,2.081254e+04,1.626661e+04,1.600300e+04
88.4000,2.794102e+04,2.108070e+04,2.132197e+04,2.312801e+04,1.807595e+04,1.778299e+04
88.4200,3.126790e+04,2.359049e+04,2.386051e+04,2.588169e+04,2.022774e+04,1.989988e+04
88.4400,3.526812e+04,2.660831e+04,2.691289e+04,2.919273e+04,2.281513e+04,2.244529e+04
88.4600,4.013787e+04,3.028220e+04,3.062884e+04,3.322356e+04,2.596504e+04,2.554410e+04
88.4800,4.614980e+04,3.481784e+04,3.521641e+04,3.819985e+04,2.985383e+04,2.936983e+04
88.5000,5.369169e+04,4.050783e+04,4.097156e+04,4.444261e+04,3.473240e+04,3.416927e+04
88.5200,6.333478e+04,4.778320e+04,4.833022e+04,5.242471e+04,4.097030e+04,4.030600e+04
88.5400,7.598867e+04,5.733022e+04,5.798654e+04,6.289909e+04,4.915598e+04,4.835893e+04
88.5600,9.338669e+04,7.045673e+04,7.126332e+04,7.730060e+04,6.041081e+04,5.943125e+04
88.5800,1.197629e+05,9.035744e+04,9.139183e+04,9.913419e+04,7.747404e+04,7.621779e+04
88.6000,1.667384e+05,1.258005e+05,1.272406e+05,1.380196e+05,1.078638e+05,1.061148e+05
88.6200,2.632204e+05,1.985972e+05,2.008705e+05,2.178862e+05,1.702818e+05,1.675207e+05
88.6400,4.649055e+05,3.507713e+05,3.547865e+05,3.848390e+05,3.007607e+05,2.958840e+05
88.6600,8.425665e+05,6.357223e+05,6.429990e+05,6.974633e+05,5.450868e+05,5.362486e+05
88.6800,1.426246e+06,1.076118e+06,1.088435e+06,1.180628e+06,9.226964e+05,9.077356e+05
88.7000,2.114986e+06,1.595783e+06,1.614049e+06,1.750761e+06,1.368274e+06,1.346089e+06
88.7200,2.594953e+06,1.957925e+06,1.980336e+06,2.148073e+06,1.678787e+06,1.651567e+06
88.7400,2.490950e+06,1.879452e+06,1.900964e+06,2.061979e+06,1.611500e+06,1.585371e+06
88.7600,1.897655e+06,1.431799e+06,1.448188e+06,1.570853e+06,1.227667e+06,1.207761e+06
88.7800,1.221272e+06,9.214543e+05,9.320018e+05,1.010947e+06,7.900794e+05,7.772686e+05
88.8000,7.029080e+05,5.303378e+05,5.364087e+05,5.818479e+05,4.547221e+05,4.473485e+05
88.8200,3.906535e+05,2.947340e+05,2.981083e+05,3.233643e+05,2.527063e+05,2.486081e+05
88.8400,2.325135e+05,1.754119e+05,1.774206e+05,1.924552e+05,1.503943e+05,1.479549e+05
88.8600,1.589280e+05,1.198872e+05,1.212604e+05,1.315393e+05,1.027840e+05,1.011164e+05
88.8800,1.233036e+05,9.300407e+04,9.406977e+04,1.020468e+05,7.973174e+04,7.843766e+04
88.9000,1.038298e+05,7.830596e+04,7.920362e+04,8.592304e+04,6.712683e+04,6.603690e+04
88.9200,9.247130e+04,6.972949e+04,7.052924e+04,7.651592e+04,5.977015e+04,5.879919e+04
88.9400,8.700382e+04,6.559528e+04,6.634808e+04,7.198343e+04,5.622118e+04,5.530733e+04
88.9600,8.844318e+04,6.666649e+04,6.743215e+04,7.316402e+04,5.713275e+04,5.620339e+04
88.9800,1.018935e+05,7.678624e+04,7.766890e+04,8.427691e+04,6.579632e+04,6.472509e+04
89.0000,1.380294e+05,1.039935e+05,1.051899e+05,1.141473e+05,8.909768e+04,8.764582e+04
89.0200,2.104173e+05,1.585055e+05,1.603302e+05,1.739914e+05,1.357885e+05,1.335744e+05
89.0400,3.241395e+05,2.441494e+05,2.469610e+05,2.680110e+05,2.091471e+05,2.057357e+05
89.0600,4.578640e+05,3.448589e+05,3.488308e+05,3.785687e+05,2.954108e+05,2.905916e+05
89.0800,5.481604e+05,4.128605e+05,4.176160e+05,4.532206e+05,3.536576e+05,3.478876e+05
89.1000,5.226807e+05,3.936647e+05,3.981994e+05,4.321502e+05,3.372121e+05,3.317102e+05
89.1200,4.041852e+05,3.044135e+05,3.079203e+05,3.341752e+05,2.607579e+05,2.565033e+05
89.1400,2.725796e+05,2.052881e+05,2.076532e+05,2.253607e+05,1.758455e+05,1.729761e+05
89.1600,1.737651e+05,1.308590e+05,1.323669e+05,1.436571e+05,1.120874e+05,1.102580e+05
89.1800,1.162831e+05,8.755900e+04,8.856842e+04,9.612634e+04,7.499378e+04,7.376931e+04
89.2000,8.973318e+04,6.755447e+04,6.833378e+04,7.416901e+04,5.785427e+04,5.690905e+04
89.2200,8.083424e+04,6.084224e+04,6.154463e+04,6.680413e+04,5.210001e+04,5.124820e+04
89.2400,8.113863e+04,6.105912e+04,6.176452e+04,6.704668e+04,5.228001e+04,5.142466e+04
89.2600,8.742227e+04,6.577557e+04,6.653595e+04,7.223006e+04,5.631253e+04,5.539059e+04
89.2800,1.002597e+05,7.542138e+04,7.629381e+04,8.282714e+04,6.456439e+04,6.350669e+04
89.3000,1.249114e+05,9.395083e+04,9.503823e+04,1.031816e+05,8.041914e+04,7.910093e+04
89.3200,1.766302e+05,1.328311e+05,1.343693e+05,1.458890e+05,1.136899e+05,1.118253e+05
89.3400,2.889943e+05,2.173073e+05,2.198248e+05,2.386790e+05,1.859805e+05,1.829289e+05
89.3600,5.140849e+05,3.865359e+05,3.910152e+05,4.245608e+05,3.307997e+05,3.253705e+05
89.3800,8.946636e+05,6.726664e+05,6.804624e+05,7.388477e+05,5.756601e+05,5.662109e+05
89.4000,1.403388e+06,1.055142e+06,1.067371e+06,1.158960e+06,9.029696e+05,8.881468e+05
89.4200,1.871326e+06,1.406953e+06,1.423260e+06,1.545390e+06,1.204038e+06,1.184272e+06
89.4400,1.991066e+06,1.496976e+06,1.514327e+06,1.644272e+06,1.281076e+06,1.260045e+06
89.4600,1.654407e+06,1.243862e+06,1.258279e+06,1.366252e+06,1.064468e+06,1.046994e+06
89.4800,1.131917e+06,8.510336e+05,8.608974e+05,9.347693e+05,7.282972e+05,7.163417e+05
89.5000,6.760041e+05,5.082607e+05,5.141515e+05,5.582678e+05,4.349624e+05,4.278226e+05
89.5200,3.752567e+05,2.821468e+05,2.854166e+05,3.099044e+05,2.414607e+05,2.374976e+05
89.5400,2.123996e+05,1.597039e+05,1.615545e+05,1.754134e+05,1.366775e+05,1.344345e+05
89.5600,1.340496e+05,1.007965e+05,1.019643e+05,1.107098e+05,8.626592e+04,8.485052e+04
89.5800,9.612744e+04,7.228440e+04,7.312171e+04,7.939240e+04,6.186572e+04,6.085085e+04
89.6000,7.511007e+04,5.648193e+04,5.713610e+04,6.203526e+04,4.834206e+04,4.754917e+04
89.6200,6.138498e+04,4.616211e+04,4.669669e+04,5.070025e+04,3.951031e+04,3.886237e+04
89.6400,5.144743e+04,3.868993e+04,3.913793e+04,4.249307e+04,3.311549e+04,3.257250e+04
89.6600,4.388741e+04,3.300531e+04,3.338744e+04,3.624934e+04,2.825043e+04,2.778727e+04
89.6800,3.797970e+04,2.856297e+04,2.889365e+04,3.137013e+04,2.444850e+04,2.404772e+04
89.7000,3.327338e+04,2.502393e+04,2.531360e+04,2.748308e+04,2.141958e+04,2.106849e+04
89.7200,2.946355e+04,2.215891e+04,2.241540e+04,2.433637e+04,1.896748e+04,1.865662e+04
89.7400,2.633622e+04,1.980704e+04,2.003630e+04,2.175331e+04,1.695454e+04,1.667669e+04
89.7600,2.373766e+04,1.785273e+04,1.805937e+04,1.960692e+04,1.528181e+04,1.503140e+04
89.7800,2.155514e+04,1.621125e+04,1.639887e+04,1.780412e+04,1.387680e+04,1.364943e+04
89.8000,1.970462e+04,1.481937e+04,1.499089e+04,1.627550e+04,1.268541e+04,1.247756e+04
89.8200,1.812237e+04,1.362921e+04,1.378695e+04,1.496843e+04,1.166663e+04,1.147549e+04
89.8400,1.675943e+04,1.260393e+04,1.274982e+04,1.384247e+04,1.078897e+04,1.061220e+04
89.8600,1.557767e+04,1.171488e+04,1.185048e+04,1.286613e+04,1.002788e+04,9.863587e+03
89.8800,1.454705e+04,1.093946e+04,1.106610e+04,1.201462e+04,9.364047e+03,9.210621e+03
89.9000,1.364366e+04,1.025971e+04,1.037849e+04,1.126817e+04,8.782073e+03,8.638174e+03
89.9200,1.284828e+04,9.661155e+03,9.773019e+03,1.061093e+04,8.269593e+03,8.134080e+03
89.9400,1.214533e+04,9.132093e+03,9.237847e+03,1.003000e+04,7.816578e+03,7.688475e+03
89.9600,1.152207e+04,8.662944e+03,8.763284e+03,9.514894e+03,7.414834e+03,7.293299e+03
89.9800,1.096803e+04,8.245830e+03,8.341358e+03,9.056940e+03,7.057616e+03,6.941919e+03
90.0000,1.047453e+04,7.874226e+03,7.965469e+03,8.648976e+03,6.739341e+03,6.628841e+03
90.0200,1.003435e+04,7.542699e+03,7.630123e+03,8.285037e+03,6.455359e+03,6.349493e+03
90.0400,9.641443e+03,7.246705e+03,7.330723e+03,7.960132e+03,6.201781e+03,6.100049e+03
90.0600,9.290745e+03,6.982432e+03,7.063411e+03,7.670072e+03,5.975341e+03,5.877297e+03
90.0800,8.977986e+03,6.746666e+03,6.824938e+03,7.411332e+03,5.773291e+03,5.678534e+03
90.1000,8.699568e+03,6.536703e+03,6.612567e+03,7.180939e+03,5.593314e+03,5.501480e+03
90.1200,8.452460e+03,6.350260e+03,6.423990e+03,6.976387e+03,5.433456e+03,5.344214e+03
90.1400,8.234108e+03,6.185416e+03,6.257262e+03,6.795567e+03,5.292070e+03,5.205117e+03
90.1600,8.042376e+03,6.040560e+03,6.110756e+03,6.636711e+03,5.167779e+03,5.082832e+03
90.1800,7.875483e+03,5.914351e+03,5.983115e+03,6.498348e+03,5.059433e+03,4.976230e+03
90.2000,7.731966e+03,5.805688e+03,5.873222e+03,6.379267e+03,4.966088e+03,4.884379e+03
90.2200,7.610647e+03,5.713678e+03,5.780179e+03,6.278491e+03,4.886978e+03,4.806530e+03
90.2400,7.510600e+03,5.637625e+03,5.703278e+03,6.195255e+03,4.821506e+03,4.742092e+03
90.2600,7.431141e+03,5.577007e+03,5.641994e+03,6.128989e+03,4.769223e+03,4.690625e+03
90.2800,7.371806e+03,5.531473e+03,5.595969e+03,6.079307e+03,4.729827e+03,4.651831e+03
90.3000,7.332348e+03,5.500832e+03,5.565012e+03,6.046002e+03,4.703151e+03,4.625545e+03
90.3200,7.312732e+03,5.485050e+03,5.549090e+03,6.029040e+03,4.689165e+03,4.611739e+03
90.3400,7.313137e+03,5.484256e+03,5.548332e+03,6.028565e+03,4.687975e+03,4.610515e+03
90.3600,7.333962e+03,5.498743e+03,5.563034e+03,6.044899e+03,4.699829e+03,4.622118e+03
90.3800,7.375839e+03,5.528977e+03,5.593670e+03,6.078559e+03,4.725121e+03,4.646934e+03
90.4000,7.439650e+03,5.575612e+03,5.640900e+03,6.130266e+03,4.764407e+03,4.685510e+03
90.4200,7.526552e+03,5.639508e+03,5.705594e+03,6.200968e+03,4.818417e+03,4.738564e+03
90.4400,7.638010e+03,5.721752e+03,5.788855e+03,6.291866e+03,4.888078e+03,4.807005e+03
90.4600,7.775839e+03,5.823695e+03,5.892049e+03,6.404446e+03,4.974536e+03,4.891963e+03
90.4800,7.942255e+03,5.946987e+03,6.016844e+03,6.540529e+03,5.079198e+03,4.994818e+03
90.5000,8.139946e+03,6.093629e+03,6.165267e+03,6.702317e+03,5.203765e+03,5.117244e+03
90.5200,8.372151e+03,6.266034e+03,6.339759e+03,6.892471e+03,5.350293e+03,5.261261e+03
90.5400,8.642774e+03,6.467109e+03,6.543262e+03,7.114193e+03,5.521258e+03,5.429303e+03
90.5600,8.956512e+03,6.700356e+03,6.779319e+03,7.371340e+03,5.719640e+03,5.624301e+03
90.5800,9.319034e+03,6.969998e+03,7.052206e+03,7.668566e+03,5.949037e+03,5.849791e+03
90.6000,9.737197e+03,7.281146e+03,7.367092e+03,8.011500e+03,6.213803e+03,6.110053e+03
90.6200,1.021933e+04,7.640011e+03,7.730264e+03,8.406983e+03,6.519226e+03,6.410286e+03
90.6400,1.077562e+04,8.054177e+03,8.149397e+03,8.863370e+03,6.871767e+03,6.756843e+03
90.6600,1.141855e+04,8.532965e+03,8.633922e+03,9.390928e+03,7.279366e+03,7.157527e+03
90.6800,1.216362e+04,9.087914e+03,9.195516e+03,1.000237e+04,7.751850e+03,7.622002e+03
90.7000,1.303013e+04,9.733418e+03,9.848746e+03,1.071354e+04,8.301482e+03,8.162322e+03
90.7200,1.404238e+04,1.048760e+04,1.061195e+04,1.154441e+04,8.943700e+03,8.793664e+03
90.7400,1.523131e+04,1.137351e+04,1.150846e+04,1.252037e+04,9.698137e+03,9.535330e+03
90.7600,1.663667e+04,1.242080e+04,1.256826e+04,1.367406e+04,1.059004e+04,1.041214e+04
90.7800,1.831022e+04,1.366805e+04,1.383041e+04,1.504800e+04,1.165230e+04,1.145643e+04
90.8000,2.032031e+04,1.516621e+04,1.534647e+04,1.669830e+04,1.292830e+04,1.271084e+04
90.8200,2.275855e+04,1.698358e+04,1.718556e+04,1.870020e+04,1.447622e+04,1.423259e+04
90.8400,2.574983e+04,1.921329e+04,1.944189e+04,2.115625e+04,1.637540e+04,1.609966e+04
90.8600,2.946779e+04,2.198477e+04,2.224647e+04,2.420903e+04,1.873609e+04,1.842044e+04
90.8800,3.415931e+04,2.548209e+04,2.578554e+04,2.806128e+04,2.171508e+04,2.134908e+04
90.9000,4.018756e+04,2.997600e+04,3.033311e+04,3.301121e+04,2.554303e+04,2.511233e+04
90.9200,4.812786e+04,3.589543e+04,3.632320e+04,3.953127e+04,3.058530e+04,3.006938e+04
90.9400,5.906427e+04,4.404858e+04,4.457368e+04,4.851166e+04,3.753037e+04,3.689708e+04
90.9600,7.561685e+04,5.638882e+04,5.706122e+04,6.210388e+04,4.804220e+04,4.723127e+04
90.9800,1.049762e+05,7.827700e+04,7.921064e+04,8.621263e+04,6.668742e+04,6.556142e+04
91.0000,1.652021e+05,1.231775e+05,1.246470e+05,1.356682e+05,1.049356e+05,1.031633e+05
91.0200,2.916736e+05,2.174666e+05,2.200615e+05,2.395226e+05,1.852554e+05,1.821259e+05
91.0400,5.306231e+05,3.956125e+05,4.003337e+05,4.357406e+05,3.370083e+05,3.313147e+05
91.0600,9.043448e+05,6.742364e+05,6.822830e+05,7.426297e+05,5.743532e+05,5.646491e+05
91.0800,1.353010e+06,1.008734e+06,1.020773e+06,1.111060e+06,8.592939e+05,8.447751e+05
91.1000,1.679491e+06,1.252137e+06,1.267081e+06,1.379156e+06,1.066636e+06,1.048614e+06
91.1200,1.633019e+06,1.217491e+06,1.232022e+06,1.340995e+06,1.037123e+06,1.019599e+06
91.1400,1.255727e+06,9.362045e+05,9.473778e+05,1.031174e+06,7.975094e+05,7.840345e+05
91.1600,8.119375e+05,6.053416e+05,6.125660e+05,6.667463e+05,5.156646e+05,5.069521e+05
91.1800,4.664543e+05,3.477700e+05,3.519202e+05,3.830455e+05,2.962528e+05,2.912476e+05
91.2000,2.556838e+05,1.906320e+05,1.929068e+05,2.099667e+05,1.623951e+05,1.596517e+05
91.2200,1.475967e+05,1.100485e+05,1.113615e+05,1.212086e+05,9.375014e+04,9.216668e+04
91.2400,9.647577e+04,7.193555e+04,7.279368e+04,7.922935e+04,6.128358e+04,6.024869e+04
91.2600,7.092574e+04,5.288672e+04,5.351750e+04,5.824821e+04,4.505675e+04,4.429603e+04
91.2800,5.594301e+04,4.171623e+04,4.221370e+04,4.594463e+04,3.554106e+04,3.494112e+04
91.3000,4.576153e+04,3.412526e+04,3.453214e+04,3.758370e+04,2.907459e+04,2.858390e+04
91.3200,3.826148e+04,2.853339e+04,2.887355e+04,3.142467e+04,2.431104e+04,2.390083e+04
91.3400,3.251895e+04,2.425184e+04,2.454091e+04,2.670887e+04,2.066369e+04,2.031509e+04
91.3600,2.801920e+04,2.089682e+04,2.114586e+04,2.301361e+04,1.780560e+04,1.750528e+04
91.3800,2.442982e+04,1.822054e+04,1.843764e+04,2.006592e+04,1.552568e+04,1.526388e+04
91.4000,2.152271e+04,1.605290e+04,1.624415e+04,1.767849e+04,1.367907e+04,1.344845e+04
91.4200,1.913653e+04,1.427364e+04,1.444366e+04,1.571883e+04,1.216328e+04,1.195826e+04
91.4400,1.715465e+04,1.279581e+04,1.294820e+04,1.409117e+04,1.090427e+04,1.072051e+04
91.4600,1.549118e+04,1.155536e+04,1.169296e+04,1.272498e+04,9.847472e+03,9.681558e+03
91.4800,1.408177e+04,1.050432e+04,1.062939e+04,1.156742e+04,8.952028e+03,8.801231e+03
91.5000,1.287749e+04,9.606221e+03,9.720580e+03,1.057831e+04,8.186861e+03,8.048981e+03
91.5200,1.184062e+04,8.832931e+03,8.938071e+03,9.726664e+03,7.528012e+03,7.401252e+03
91.5400,1.094171e+04,8.162493e+03,8.259643e+03,8.988309e+03,6.956780e+03,6.839659e+03
91.5600,1.015750e+04,7.577575e+03,7.667754e+03,8.344149e+03,6.458396e+03,6.349683e+03
91.5800,9.469457e+03,7.064346e+03,7.148410e+03,7.778951e+03,6.021080e+03,5.919744e+03
91.6000,8.862628e+03,6.611667e+03,6.690339e+03,7.280446e+03,5.635344e+03,5.540513e+03
91.6200,8.324877e+03,6.210488e+03,6.284383e+03,6.838665e+03,5.293478e+03,5.204411e+03
91.6400,7.846260e+03,5.853396e+03,5.923040e+03,6.445444e+03,4.989167e+03,4.905229e+03
91.6600,7.418573e+03,5.534273e+03,5.600119e+03,6.094044e+03,4.717200e+03,4.637844e+03
91.6800,7.034996e+03,5.248034e+03,5.310475e+03,5.778864e+03,4.473244e+03,4.397997e+03
91.7000,6.689825e+03,4.990427e+03,5.049804e+03,5.495221e+03,4.253677e+03,4.182128e+03
91.7200,6.378260e+03,4.757874e+03,4.814486e+03,5.239174e+03,4.055452e+03,3.987239e+03
91.7400,6.096240e+03,4.547346e+03,4.601457e+03,5.007388e+03,3.875989e+03,3.810795e+03
91.7600,5.840311e+03,4.356268e+03,4.408109e+03,4.797025e+03,3.713093e+03,3.650638e+03
91.7800,5.607521e+03,4.182439e+03,4.232217e+03,4.605661e+03,3.564889e+03,3.504925e+03
91.8000,5.395333e+03,4.023968e+03,4.071865e+03,4.431214e+03,3.429767e+03,3.372073e+03
91.8200,5.201562e+03,3.879224e+03,3.925406e+03,4.271888e+03,3.306338e+03,3.250716e+03
91.8400,5.024314e+03,3.746797e+03,3.791410e+03,4.126129e+03,3.193400e+03,3.139672e+03
91.8600,4.861945e+03,3.625460e+03,3.668636e+03,3.992586e+03,3.089906e+03,3.037914e+03
91.8800,4.713020e+03,3.514142e+03,3.556001e+03,3.870080e+03,2.994947e+03,2.944545e+03
91.9000,4.576284e+03,3.411909e+03,3.452560e+03,3.757581e+03,2.907725e+03,2.858783e+03
91.9200,4.450636e+03,3.317938e+03,3.357480e+03,3.654184e+03,2.827540e+03,2.779938e+03
91.9400,4.335107e+03,3.231508e+03,3.270030e+03,3.559094e+03,2.753776e+03,2.707406e+03
91.9600,4.228842e+03,3.151981e+03,3.189566e+03,3.471608e+03,2.685890e+03,2.640653e+03
91.9800,4.131085e+03,3.078792e+03,3.115516e+03,3.391107e+03,2.623403e+03,2.579206e+03
92.0000,4.041167e+03,3.011444e+03,3.047377e+03,3.317038e+03,2.565888e+03,2.522648e+03
92.0200,3.958495e+03,2.949492e+03,2.984698e+03,3.248916e+03,2.512967e+03,2.470607e+03
92.0400,3.882539e+03,2.892542e+03,2.927082e+03,3.186305e+03,2.464306e+03,2.422752e+03
92.0600,3.812829e+03,2.840244e+03,2.874173e+03,3.128820e+03,2.419605e+03,2.378790e+03
92.0800,3.748948e+03,2.792285e+03,2.825655e+03,3.076117e+03,2.378597e+03,2.338460e+03
92.1000,3.690521e+03,2.748387e+03,2.781247e+03,3.027888e+03,2.341046e+03,2.301526e+03
92.1200,3.637216e+03,2.708301e+03,2.740696e+03,2.983860e+03,2.306739e+03,2.267782e+03
92.1400,3.588737e+03,2.671805e+03,2.703780e+03,2.943789e+03,2.275487e+03,2.237042e+03
92.1600,3.544818e+03,2.638703e+03,2.670297e+03,2.907459e+03,2.247123e+03,2.209140e+03
92.1800,3.505226e+03,2.608819e+03,2.640071e+03,2.874676e+03,2.221496e+03,2.183928e+03
92.2000,3.469752e+03,2.581996e+03,2.612944e+03,2.845268e+03,2.198474e+03,2.161277e+03
92.2200,3.438211e+03,2.558098e+03,2.588775e+03,2.819083e+03,2.177939e+03,2.141071e+03
92.2400,3.410441e+03,2.537002e+03,2.567443e+03,2.795989e+03,2.159787e+03,2.123206e+03
92.2600,3.386298e+03,2.518601e+03,2.548839e+03,2.775866e+03,2.143926e+03,2.107594e+03
92.2800,3.365661e+03,2.502802e+03,2.532869e+03,2.758614e+03,2.130278e+03,2.094157e+03
92.3000,3.348420e+03,2.489527e+03,2.519452e+03,2.744144e+03,2.118774e+03,2.082827e+03
92.3200,3.334487e+03,2.478705e+03,2.508519e+03,2.732382e+03,2.109356e+03,2.073547e+03
92.3400,3.323786e+03,2.470281e+03,2.500013e+03,2.723264e+03,2.101974e+03,2.066268e+03
92.3600,3.316255e+03,2.464209e+03,2.493887e+03,2.716741e+03,2.096590e+03,2.060953e+03
92.3800,3.311848e+03,2.460452e+03,2.490104e+03,2.712773e+03,2.093172e+03,2.057570e+03
92.4000,3.310529e+03,2.458983e+03,2.488638e+03,2.711331e+03,2.091697e+03,2.056097e+03
92.4200,3.312278e+03,2.459787e+03,2.489472e+03,2.712397e+03,2.092151e+03,2.056519e+03
92.4400,3.317086e+03,2.462856e+03,2.492598e+03,2.715963e+03,2.094527e+03,2.058830e+03
92.4600,3.324955e+03,2.468191e+03,2.498018e+03,2.722032e+03,2.098826e+03,2.063031e+03
92.4800,3.335903e+03,2.475803e+03,2.505743e+03,2.730614e+03,2.105057e+03,2.069130e+03
92.5000,3.349956e+03,2.485712e+03,2.515794e+03,2.741734e+03,2.113236e+03,2.077143e+03
92.5200,3.367155e+03,2.497947e+03,2.528198e+03,2.755422e+03,2.123387e+03,2.087094e+03
92.5400,3.387554e+03,2.512546e+03,2.542996e+03,2.771722e+03,2.135542e+03,2.099015e+03
92.5600,3.411218e+03,2.529557e+03,2.560237e+03,2.790687e+03,2.149742e+03,2.112945e+03
92.5800,3.438229e+03,2.549040e+03,2.579978e+03,2.812382e+03,2.166036e+03,2.128932e+03
92.6000,3.468680e+03,2.571062e+03,2.602291e+03,2.836884e+03,2.184482e+03,2.147034e+03
92.6200,3.502680e+03,2.595703e+03,2.627255e+03,2.864281e+03,2.205147e+03,2.167316e+03
92.6400,3.540355e+03,2.623056e+03,2.654965e+03,2.894674e+03,2.228108e+03,2.189854e+03
92.6600,3.581848e+03,2.653224e+03,2.685524e+03,2.928179e+03,2.253454e+03,2.214734e+03
92.6800,3.627318e+03,2.686325e+03,2.719052e+03,2.964926e+03,2.281283e+03,2.242055e+03
92.7000,3.676946e+03,2.722491e+03,2.755684e+03,3.005062e+03,2.311706e+03,2.271924e+03
92.7200,3.730933e+03,2.761870e+03,2.795568e+03,3.048749e+03,2.344850e+03,2.304466e+03
92.7400,3.789504e+03,2.804626e+03,2.838871e+03,3.096171e+03,2.380852e+03,2.339816e+03
92.7600,3.852909e+03,2.850943e+03,2.885780e+03,3.147531e+03,2.419867e+03,2.378126e+03
92.7800,3.921425e+03,2.901025e+03,2.936500e+03,3.203054e+03,2.462069e+03,2.419567e+03
92.8000,3.995362e+03,2.955098e+03,2.991261e+03,3.262992e+03,2.507648e+03,2.464325e+03
92.8200,4.075061e+03,3.013414e+03,3.050318e+03,3.327622e+03,2.556816e+03,2.512610e+03
92.8400,4.160903e+03,3.076252e+03,3.113953e+03,3.397253e+03,2.609810e+03,2.564653e+03
92.8600,4.253309e+03,3.143922e+03,3.182481e+03,3.472229e+03,2.666892e+03,2.620712e+03
92.8800,4.352748e+03,3.216769e+03,3.256249e+03,3.552931e+03,2.728352e+03,2.681072e+03
92.9000,4.459742e+03,3.295174e+03,3.335646e+03,3.639782e+03,2.794515e+03,2.746051e+03
92.9200,4.574870e+03,3.379566e+03,3.421103e+03,3.733254e+03,2.865740e+03,2.816003e+03
92.9400,4.698778e+03,3.470417e+03,3.513101e+03,3.833873e+03,2.942429e+03,2.891323e+03
92.9600,4.832189e+03,3.568261e+03,3.612178e+03,3.942226e+03,3.025030e+03,2.972452e+03
92.9800,4.975909e+03,3.673688e+03,3.718933e+03,4.058970e+03,3.114045e+03,3.059880e+03
93.0000,5.130843e+03,3.787364e+03,3.834040e+03,4.184839e+03,3.210036e+03,3.154161e+03
93.0200,5.298005e+03,3.910035e+03,3.958255e+03,4.320660e+03,3.313633e+03,3.255914e+03
93.0400,5.478537e+03,4.042540e+03,4.092426e+03,4.467360e+03,3.425546e+03,3.365836e+03
93.0600,5.673726e+03,4.185826e+03,4.237513e+03,4.625989e+03,3.546575e+03,3.484713e+03
93.0800,5.885031e+03,4.340964e+03,4.394601e+03,4.797730e+03,3.677625e+03,3.613434e+03
93.1000,6.114101e+03,4.509169e+03,4.564917e+03,4.983927e+03,3.819724e+03,3.753008e+03
93.1200,6.362816e+03,4.691821e+03,4.749862e+03,5.186109e+03,3.974038e+03,3.904582e+03
93.1400,6.633320e+03,4.890496e+03,4.951030e+03,5.406020e+03,4.141901e+03,4.069465e+03
93.1600,6.928068e+03,5.107000e+03,5.170250e+03,5.645657e+03,4.324837e+03,4.249155e+03
93.1800,7.249878e+03,5.343406e+03,5.409621e+03,5.907314e+03,4.524601e+03,4.445374e+03
93.2000,7.602006e+03,5.602107e+03,5.671564e+03,6.193638e+03,4.743214e+03,4.660111e+03
93.2200,7.988219e+03,5.885872e+03,5.958886e+03,6.507695e+03,4.983019e+03,4.895664e+03
93.2400,8.412901e+03,6.197926e+03,6.274849e+03,6.853051e+03,5.246741e+03,5.154711e+03
93.2600,8.881174e+03,6.542035e+03,6.623268e+03,7.233874e+03,5.537564e+03,5.440380e+03
93.2800,9.399056e+03,6.922622e+03,7.008622e+03,7.655060e+03,5.859229e+03,5.756346e+03
93.3000,9.973651e+03,7.344913e+03,7.436201e+03,8.122388e+03,6.216153e+03,6.106947e+03
93.3200,1.061339e+04,7.815109e+03,7.912283e+03,8.642721e+03,6.613578e+03,6.497334e+03
93.3400,1.132836e+04,8.340621e+03,8.444373e+03,9.224258e+03,7.057771e+03,6.933660e+03
93.3600,1.213067e+04,8.930358e+03,9.041490e+03,9.876857e+03,7.556262e+03,7.423326e+03
93.3800,1.303500e+04,9.595108e+03,9.714558e+03,1.061245e+04,8.118174e+03,7.975290e+03
93.4000,1.405924e+04,1.034803e+04,1.047690e+04,1.144561e+04,8.754633e+03,8.600483e+03
93.4200,1.522540e+04,1.120532e+04,1.134492e+04,1.239425e+04,9.479327e+03,9.312351e+03
93.4400,1.656082e+04,1.218706e+04,1.233893e+04,1.348058e+04,1.030924e+04,1.012757e+04
93.4600,1.809970e+04,1.331842e+04,1.348444e+04,1.473246e+04,1.126564e+04,1.106706e+04
93.4800,1.988540e+04,1.463126e+04,1.481370e+04,1.618514e+04,1.237549e+04,1.215726e+04
93.5000,2.197339e+04,1.616638e+04,1.636802e+04,1.788377e+04,1.367326e+04,1.343207e+04
93.5200,2.443563e+04,1.797670e+04,1.820098e+04,1.988690e+04,1.520370e+04,1.493544e+04
93.5400,2.736674e+04,2.013179e+04,2.038302e+04,2.227149e+04,1.702562e+04,1.672513e+04
93.5600,3.089303e+04,2.272454e+04,2.300818e+04,2.514033e+04,1.921756e+04,1.887830e+04
93.5800,3.518603e+04,2.588106e+04,2.620417e+04,2.863297e+04,2.188616e+04,2.149969e+04
93.6000,4.048314e+04,2.977594e+04,3.014774e+04,3.294256e+04,2.517899e+04,2.473429e+04
93.6200,4.712029e+04,3.465618e+04,3.508899e+04,3.834242e+04,2.930492e+04,2.878724e+04
93.6400,5.558796e+04,4.088246e+04,4.139310e+04,4.523160e+04,3.456885e+04,3.395808e+04
93.6600,6.665034e+04,4.901672e+04,4.962904e+04,5.423186e+04,4.144591e+04,4.071351e+04
93.6800,8.169930e+04,6.008244e+04,6.083308e+04,6.647566e+04,5.080140e+04,4.990355e+04
93.7000,1.039831e+05,7.646821e+04,7.742368e+04,8.460583e+04,6.465478e+04,6.351195e+04
93.7200,1.423683e+05,1.046939e+05,1.060021e+05,1.158362e+05,8.851832e+04,8.695350e+04
93.7400,2.196605e+05,1.615294e+05,1.635480e+05,1.787220e+05,1.365704e+05,1.341559e+05
93.7600,3.825468e+05,2.813054e+05,2.848211e+05,3.112483e+05,2.378364e+05,2.336312e+05
93.7800,6.966546e+05,5.122805e+05,5.186831e+05,5.668108e+05,4.331170e+05,4.254586e+05
93.8000,1.203345e+06,8.848690e+05,8.959285e+05,9.790613e+05,7.481265e+05,7.348979e+05
93.8200,1.839878e+06,1.352935e+06,1.369845e+06,1.496953e+06,1.143859e+06,1.123632e+06
93.8400,2.355684e+06,1.732227e+06,1.753877e+06,1.916620e+06,1.464535e+06,1.438638e+06
93.8600,2.377691e+06,1.748408e+06,1.770261e+06,1.934524e+06,1.478215e+06,1.452077e+06
93.8800,1.886850e+06,1.387473e+06,1.404814e+06,1.535168e+06,1.173057e+06,1.152315e+06
93.9000,1.250329e+06,9.194123e+05,9.309038e+05,1.017284e+06,7.773290e+05,7.635837e+05
93.9200,7.336055e+05,5.394435e+05,5.461859e+05,5.968683e+05,4.560784e+05,4.480136e+05
93.9400,4.105765e+05,3.019046e+05,3.056783e+05,3.340447e+05,2.552466e+05,2.507330e+05
93.9600,2.457919e+05,1.807266e+05,1.829859e+05,1.999694e+05,1.527926e+05,1.500903e+05
93.9800,1.771385e+05,1.302321e+05,1.318607e+05,1.441038e+05,1.100962e+05,1.081484e+05
94.0000,1.634009e+05,1.201072e+05,1.216103e+05,1.329095e+05,1.015254e+05,9.972807e+04
94.0200,1.897608e+05,1.394476e+05,1.411942e+05,1.543244e+05,1.178571e+05,1.157689e+05
94.0400,2.509590e+05,1.843821e+05,1.866931e+05,2.040665e+05,1.558168e+05,1.530541e+05
94.0600,3.307932e+05,2.430078e+05,2.460547e+05,2.689618e+05,2.053459e+05,2.017036e+05
94.0800,3.870880e+05,2.843468e+05,2.879127e+05,3.147219e+05,2.402703e+05,2.360077e+05
94.1000,3.688402e+05,2.709384e+05,2.743363e+05,2.998826e+05,2.289386e+05,2.248768e+05
94.1200,2.860998e+05,2.101635e+05,2.127991e+05,2.326137e+05,1.775867e+05,1.744363e+05
94.1400,1.921609e+05,1.411646e+05,1.429346e+05,1.562415e+05,1.192867e+05,1.171709e+05
94.1600,1.193947e+05,8.771701e+04,8.881650e+04,9.708261e+04,7.412648e+04,7.281213e+04
94.1800,7.448003e+04,5.472588e+04,5.541154e+04,6.056635e+04,4.625050e+04,4.543082e+04
94.2000,5.059982e+04,3.718430e+04,3.764995e+04,4.115076e+04,3.142825e+04,3.087156e+04
94.2200,3.842537e+04,2.824052e+04,2.859404e+04,3.125181e+04,2.387058e+04,2.344794e+04
94.2400,3.161918e+04,2.323981e+04,2.353066e+04,2.571726e+04,1.964457e+04,1.929686e+04
94.2600,2.715393e+04,1.995865e+04,2.020839e+04,2.208598e+04,1.687153e+04,1.657296e+04
94.2800,2.384873e+04,1.752966e+04,1.774899e+04,1.939790e+04,1.481859e+04,1.455639e+04
94.3000,2.125083e+04,1.562031e+04,1.581573e+04,1.728494e+04,1.320475e+04,1.297113e+04
94.3200,1.914987e+04,1.407604e+04,1.425213e+04,1.557605e+04,1.189943e+04,1.168893e+04
94.3400,1.742190e+04,1.280581e+04,1.296601e+04,1.417046e+04,1.082569e+04,1.063420e+04
94.3600,1.598373e+04,1.174850e+04,1.189547e+04,1.300051e+04,9.931875e+03,9.756197e+03
94.3800,1.477667e+04,1.086098e+04,1.099686e+04,1.201849e+04,9.181546e+03,9.019141e+03
94.4000,1.375855e+04,1.011227e+04,1.023879e+04,1.119009e+04,8.548516e+03,8.397302e+03
94.4200,1.289903e+04,9.480063e+03,9.598692e+03,1.049065e+04,8.013936e+03,7.872166e+03
94.4400,1.217679e+04,8.948683e+03,9.060683e+03,9.902811e+03,7.564544e+03,7.430707e+03
94.4600,1.157795e+04,8.507929e+03,8.614436e+03,9.415286e+03,7.191716e+03,7.064452e+03
94.4800,1.109578e+04,8.152821e+03,8.254912e+03,9.022576e+03,6.891233e+03,6.769256e+03
94.5000,1.073224e+04,7.884766e+03,7.983537e+03,8.726253e+03,6.664267e+03,6.546269e+03
94.5200,1.050577e+04,7.717244e+03,7.813961e+03,8.541259e+03,6.522175e+03,6.406642e+03
94.5400,1.047990e+04,7.696744e+03,7.793266e+03,8.519114e+03,6.504165e+03,6.388880e+03
94.5600,1.084476e+04,7.962484e+03,8.062431e+03,8.814071e+03,6.727662e+03,6.608301e+03
94.5800,1.207285e+04,8.860435e+03,8.971814e+03,9.809464e+03,7.484498e+03,7.351510e+03
94.6000,1.504301e+04,1.103416e+04,1.117313e+04,1.221834e+04,9.317531e+03,9.151633e+03
94.6200,2.079518e+04,1.524513e+04,1.543750e+04,1.688442e+04,1.286910e+04,1.263950e+04
94.6400,2.960811e+04,2.169749e+04,2.197165e+04,2.403385e+04,1.831138e+04,1.798419e+04
94.6600,3.961711e+04,2.902574e+04,2.939279e+04,3.215373e+04,2.449254e+04,2.405453e+04
94.6800,4.572359e+04,3.349635e+04,3.392008e+04,3.710740e+04,2.826319e+04,2.775756e+04
94.7000,4.276957e+04,3.133225e+04,3.172861e+04,3.470999e+04,2.643726e+04,2.596431e+04
94.7200,3.322002e+04,2.433847e+04,2.464626e+04,2.696141e+04,2.053734e+04,2.017007e+04
94.7400,2.308902e+04,1.691895e+04,1.713277e+04,1.874111e+04,1.427830e+04,1.402316e+04
94.7600,1.556121e+04,1.140570e+04,1.154970e+04,1.263289e+04,9.627286e+03,9.455455e+03
94.7800,1.108685e+04,8.128426e+03,8.230940e+03,9.002065e+03,6.862408e+03,6.740087e+03
94.8000,8.793635e+03,6.448368e+03,6.529629e+03,7.140900e+03,5.444850e+03,5.347894e+03
94.8200,7.662471e+03,5.619265e+03,5.690054e+03,6.222563e+03,4.745111e+03,4.660657e+03
94.8400,7.045791e+03,5.166920e+03,5.232009e+03,5.721657e+03,4.363187e+03,4.285541e+03
94.8600,6.648536e+03,4.875266e+03,4.936691e+03,5.398789e+03,4.116818e+03,4.043551e+03
94.8800,6.359523e+03,4.662884e+03,4.721648e+03,5.163747e+03,3.937322e+03,3.867235e+03
94.9000,6.136945e+03,4.499157e+03,4.555878e+03,4.982612e+03,3.798873e+03,3.731232e+03
94.9200,5.961541e+03,4.369980e+03,4.425094e+03,4.839755e+03,3.689569e+03,3.623851e+03
94.9400,5.822078e+03,4.267123e+03,4.320964e+03,4.726059e+03,3.602468e+03,3.538276e+03
94.9600,5.711129e+03,4.185146e+03,4.237978e+03,4.635497e+03,3.532980e+03,3.469998e+03
94.9800,5.623526e+03,4.120262e+03,4.172302e+03,4.563876e+03,3.477910e+03,3.415880e+03
95.0000,5.555584e+03,4.069771e+03,4.121201e+03,4.508202e+03,3.434979e+03,3.373682e+03
95.0200,5.504628e+03,4.031712e+03,4.082691e+03,4.466306e+03,3.402531e+03,3.341781e+03
95.0400,5.468697e+03,4.004645e+03,4.055312e+03,4.436592e+03,3.379352e+03,3.318981e+03
95.0600,5.446342e+03,3.987509e+03,4.037990e+03,4.417884e+03,3.364545e+03,3.304402e+03
95.0800,5.436496e+03,3.979519e+03,4.029931e+03,4.409316e+03,3.357446e+03,3.297393e+03
95.1000,5.438384e+03,3.980105e+03,4.030557e+03,4.410255e+03,3.357574e+03,3.297481e+03
95.1200,5.451457e+03,3.988863e+03,4.039459e+03,4.420256e+03,3.364588e+03,3.304329e+03
95.1400,5.475351e+03,4.005524e+03,4.056366e+03,4.439021e+03,3.378258e+03,3.317714e+03
95.1600,5.509855e+03,4.029931e+03,4.081116e+03,4.466375e+03,3.398450e+03,3.337504e+03
95.1800,5.554888e+03,4.062021e+03,4.113649e+03,4.502253e+03,3.425112e+03,3.363645e+03
95.2000,5.610488e+03,4.101817e+03,4.153987e+03,4.546680e+03,3.458261e+03,3.396156e+03
95.2200,5.676795e+03,4.149422e+03,4.202234e+03,4.599771e+03,3.497981e+03,3.435119e+03
95.2400,5.754055e+03,4.205010e+03,4.258566e+03,4.661720e+03,3.544418e+03,3.480676e+03
95.2600,5.842610e+03,4.268828e+03,4.323235e+03,4.732803e+03,3.597778e+03,3.533031e+03
95.2800,5.942902e+03,4.341196e+03,4.396563e+03,4.813375e+03,3.658330e+03,3.592447e+03
95.3000,6.055476e+03,4.422506e+03,4.478950e+03,4.903874e+03,3.726403e+03,3.659246e+03
95.3200,6.180981e+03,4.513232e+03,4.570874e+03,5.004825e+03,3.802393e+03,3.733818e+03
95.3400,6.320185e+03,4.613928e+03,4.672896e+03,5.116844e+03,3.886766e+03,3.816619e+03
95.3600,6.473978e+03,4.725241e+03,4.785672e+03,5.240651e+03,3.980063e+03,3.908182e+03
95.3800,6.643389e+03,4.847916e+03,4.909958e+03,5.377073e+03,4.082911e+03,4.009121e+03
95.4000,6.829597e+03,4.982810e+03,5.046621e+03,5.527064e+03,4.196029e+03,4.120142e+03
95.4200,7.033957e+03,5.130906e+03,5.196656e+03,5.691714e+03,4.320242e+03,4.242055e+03
95.4400,7.258014e+03,5.293327e+03,5.361202e+03,5.872272e+03,4.456493e+03,4.375785e+03
95.4600,7.503537e+03,5.471355e+03,5.541558e+03,6.070163e+03,4.605860e+03,4.522391e+03
95.4800,7.772548e+03,5.666461e+03,5.739213e+03,6.287020e+03,4.769575e+03,4.683083e+03
95.5000,8.067362e+03,5.880326e+03,5.955869e+03,6.524711e+03,4.949053e+03,4.859247e+03
95.5200,8.390635e+03,6.114878e+03,6.193482e+03,6.785378e+03,5.145911e+03,5.052474e+03
95.5400,8.745419e+03,6.372335e+03,6.454296e+03,7.071485e+03,5.362012e+03,5.264591e+03
95.5600,9.135230e+03,6.655252e+03,6.740900e+03,7.385869e+03,5.599502e+03,5.497704e+03
95.5800,9.564135e+03,6.966581e+03,7.056286e+03,7.731812e+03,5.860862e+03,5.754249e+03
95.6000,1.003685e+04,7.309750e+03,7.403924e+03,8.113119e+03,6.148968e+03,6.037050e+03
95.6200,1.055886e+04,7.688745e+03,7.787854e+03,8.534220e+03,6.467171e+03,6.349394e+03
95.6400,1.113659e+04,8.108230e+03,8.212799e+03,9.000296e+03,6.819387e+03,6.695128e+03
95.6600,1.177757e+04,8.573680e+03,8.684306e+03,9.517428e+03,7.210214e+03,7.078764e+03
95.6800,1.249070e+04,9.091557e+03,9.208921e+03,1.009279e+04,7.645081e+03,7.505631e+03
95.7000,1.328652e+04,9.669526e+03,9.794408e+03,1.073491e+04,8.130425e+03,7.982049e+03
95.7200,1.417763e+04,1.031673e+04,1.045003e+04,1.145393e+04,8.673928e+03,8.515558e+03
95.7400,1.517913e+04,1.104416e+04,1.118691e+04,1.226206e+04,9.284812e+03,9.115211e+03
95.7600,1.630928e+04,1.186507e+04,1.201850e+04,1.317403e+04,9.974222e+03,9.791947e+03
95.7800,1.759032e+04,1.279561e+04,1.296113e+04,1.420778e+04,1.075572e+04,1.055908e+04
95.8000,1.904950e+04,1.385559e+04,1.403489e+04,1.538532e+04,1.164594e+04,1.143294e+04
95.8200,2.072054e+04,1.506951e+04,1.526459e+04,1.673385e+04,1.266548e+04,1.243374e+04
95.8400,2.264555e+04,1.646797e+04,1.668122e+04,1.828736e+04,1.384001e+04,1.358669e+04
95.8600,2.487759e+04,1.808952e+04,1.832384e+04,2.008869e+04,1.520193e+04,1.492359e+04
95.8800,2.748433e+04,1.998332e+04,2.024225e+04,2.219244e+04,1.679253e+04,1.648497e+04
95.9000,3.055304e+04,2.221279e+04,2.250068e+04,2.466905e+04,1.866508e+04,1.832312e+04
95.9200,3.419777e+04,2.486079e+04,2.518309e+04,2.761057e+04,2.088918e+04,2.050636e+04
95.9400,3.856977e+04,2.803722e+04,2.840079e+04,3.113908e+04,2.355714e+04,2.312531e+04
95.9600,4.387283e+04,3.189015e+04,3.230377e+04,3.541905e+04,2.679332e+04,2.630206e+04
95.9800,5.038648e+04,3.662268e+04,3.709778e+04,4.067610e+04,3.076834e+04,3.020406e+04
96.0000,5.850200e+04,4.251912e+04,4.307081e+04,4.722604e+04,3.572098e+04,3.506574e+04
96.0200,6.878105e+04,4.998755e+04,5.063626e+04,5.552217e+04,4.199403e+04,4.122357e+04
96.0400,8.206479e+04,5.963917e+04,6.041324e+04,6.624342e+04,5.010086e+04,4.918151e+04
96.0600,9.974741e+04,7.248696e+04,7.342791e+04,8.051502e+04,6.089232e+04,5.977478e+04
96.0800,1.246862e+05,9.060700e+04,9.178331e+04,1.006431e+05,7.611224e+04,7.471517e+04
96.1000,1.642640e+05,1.193636e+05,1.209134e+05,1.325864e+05,1.002663e+05,9.842568e+04
96.1200,2.385826e+05,1.733625e+05,1.756136e+05,1.925694e+05,1.456229e+05,1.429492e+05
96.1400,3.947443e+05,2.868276e+05,2.905525e+05,3.186083e+05,2.409283e+05,2.365044e+05
96.1600,7.149145e+05,5.194594e+05,5.262058e+05,5.770195e+05,4.363283e+05,4.283159e+05
96.1800,1.286358e+06,9.346637e+05,9.468030e+05,1.038235e+06,7.850809e+05,7.706636e+05
96.2000,2.111883e+06,1.534480e+06,1.554410e+06,1.704521e+06,1.288899e+06,1.265229e+06
96.2200,2.987105e+06,2.170406e+06,2.198596e+06,2.410918e+06,1.823048e+06,1.789569e+06
96.2400,3.428668e+06,2.491241e+06,2.523598e+06,2.767306e+06,2.092534e+06,2.054106e+06
96.2600,3.060205e+06,2.223520e+06,2.252399e+06,2.469918e+06,1.867661e+06,1.833362e+06
96.2800,2.202521e+06,1.600336e+06,1.621122e+06,1.777676e+06,1.344215e+06,1.319529e+06
96.3000,1.358413e+06,9.870165e+05,9.998359e+05,1.096390e+06,8.290544e+05,8.138295e+05
96.3200,7.593864e+05,5.517707e+05,5.589369e+05,6.129120e+05,4.634677e+05,4.549567e+05
96.3400,4.176108e+05,3.034403e+05,3.073811e+05,3.370626e+05,2.548814e+05,2.502011e+05
96.3600,2.493073e+05,1.811527e+05,1.835052e+05,2.012237e+05,1.521653e+05,1.493714e+05
96.3800,1.695214e+05,1.231810e+05,1.247805e+05,1.368279e+05,1.034716e+05,1.015720e+05
96.4000,1.276953e+05,9.279040e+04,9.399520e+04,1.030696e+05,7.794484e+04,7.651397e+04
96.4200,1.017424e+05,7.393320e+04,7.489307e+04,8.212274e+04,6.210556e+04,6.096558e+04
96.4400,8.349440e+04,6.067422e+04,6.146188e+04,6.739452e+04,5.096854e+04,5.003308e+04
96.4600,6.983805e+04,5.075149e+04,5.141029e+04,5.637226e+04,4.263382e+04,4.185142e+04
96.4800,5.929291e+04,4.308934e+04,4.364862e+04,4.786108e+04,3.619788e+04,3.553366e+04
96.5000,5.097977e+04,3.704893e+04,3.752976e+04,4.115136e+04,3.112413e+04,3.055309e+04
96.5200,4.431535e+04,3.220646e+04,3.262440e+04,3.577233e+04,2.705660e+04,2.656024e+04
96.5400,3.889453e+04,2.826758e+04,2.863437e+04,3.139703e+04,2.374804e+04,2.331244e+04
96.5600,3.442854e+04,2.502246e+04,2.534711e+04,2.779236e+04,2.102220e+04,2.063665e+04
96.5800,3.070721e+04,2.231841e+04,2.260795e+04,2.478872e+04,1.875085e+04,1.840700e+04
96.6000,2.757487e+04,2.004231e+04,2.030229e+04,2.226046e+04,1.683894e+04,1.653020e+04
96.6200,2.491427e+04,1.810897e+04,1.834384e+04,2.011293e+04,1.521494e+04,1.493601e+04
96.6400,2.263580e+04,1.645329e+04,1.666666e+04,1.827384e+04,1.382416e+04,1.357077e+04
96.6600,2.067012e+04,1.502486e+04,1.521969e+04,1.668719e+04,1.262426e+04,1.239290e+04
96.6800,1.896283e+04,1.378419e+04,1.396291e+04,1.530910e+04,1.158207e+04,1.136984e+04
96.7000,1.747088e+04,1.269997e+04,1.286462e+04,1.410480e+04,1.067130e+04,1.047578e+04
96.7200,1.615977e+04,1.174715e+04,1.189943e+04,1.304645e+04,9.870886e+03,9.690060e+03
96.7400,1.500164e+04,1.090548e+04,1.104684e+04,1.211158e+04,9.163842e+03,8.995991e+03
96.7600,1.397380e+04,1.015848e+04,1.029015e+04,1.128187e+04,8.536311e+03,8.379976e+03
96.7800,1.305761e+04,9.492605e+03,9.615625e+03,1.054227e+04,7.976917e+03,7.830847e+03
96.8000,1.223764e+04,8.896641e+03,9.011928e+03,9.880332e+03,7.476248e+03,7.339364e+03
96.8200,1.150106e+04,8.361260e+03,8.469601e+03,9.285691e+03,7.026466e+03,6.897833e+03
96.8400,1.083709e+04,7.878640e+03,7.980720e+03,8.749658e+03,6.621000e+03,6.499804e+03
96.8600,1.023667e+04,7.442184e+03,7.538603e+03,8.264906e+03,6.254309e+03,6.139838e+03
96.8800,9.692084e+03,7.046302e+03,7.137587e+03,7.825225e+03,5.921697e+03,5.813325e+03
96.9000,9.196785e+03,6.686228e+03,6.772844e+03,7.425320e+03,5.619161e+03,5.516336e+03
96.9200,8.745154e+03,6.357881e+03,6.440240e+03,7.060659e+03,5.343274e+03,5.245505e+03
96.9400,8.332362e+03,6.057750e+03,6.136220e+03,6.727342e+03,5.091086e+03,4.997940e+03
96.9600,7.954234e+03,5.782805e+03,5.857711e+03,6.422002e+03,4.860051e+03,4.771138e+03
96.9800,7.607151e+03,5.530413e+03,5.602050e+03,6.141716e+03,4.647960e+03,4.562932e+03
97.0000,7.287961e+03,5.298285e+03,5.366916e+03,5.883941e+03,4.452888e+03,4.371433e+03
97.0200,6.993911e+03,5.084421e+03,5.150283e+03,5.646454e+03,4.273155e+03,4.194990e+03
97.0400,6.722586e+03,4.887066e+03,4.950373e+03,5.427307e+03,4.107288e+03,4.032159e+03
97.0600,6.471864e+03,4.704678e+03,4.765624e+03,5.224786e+03,3.953991e+03,3.881667e+03
97.0800,6.239872e+03,4.535895e+03,4.594659e+03,5.037380e+03,3.812120e+03,3.742391e+03
97.1000,6.024955e+03,4.379515e+03,4.436257e+03,4.863753e+03,3.680666e+03,3.613341e+03
97.1200,5.825645e+03,4.234471e+03,4.289338e+03,4.702719e+03,3.558731e+03,3.493634e+03
97.1400,5.640635e+03,4.099814e+03,4.152942e+03,4.553224e+03,3.445520e+03,3.382491e+03
97.1600,5.468765e+03,3.974700e+03,4.026212e+03,4.414330e+03,3.340322e+03,3.279213e+03
97.1800,5.308995e+03,3.858373e+03,3.908384e+03,4.285200e+03,3.242503e+03,3.183180e+03
97.2000,5.160397e+03,3.750160e+03,3.798775e+03,4.165084e+03,3.151497e+03,3.093833e+03
97.2200,5.022141e+03,3.649455e+03,3.696773e+03,4.053311e+03,3.066796e+03,3.010676e+03
97.2400,4.893481e+03,3.555718e+03,3.601828e+03,3.949279e+03,2.987944e+03,2.933261e+03
97.2600,4.773745e+03,3.468460e+03,3.513447e+03,3.852446e+03,2.914533e+03,2.861185e+03
97.2800,4.662332e+03,3.387243e+03,3.431187e+03,3.762326e+03,2.846194e+03,2.794088e+03
97.3000,4.558700e+03,3.311674e+03,3.354647e+03,3.678481e+03,2.782595e+03,2.731645e+03
97.3200,4.462359e+03,3.241397e+03,3.283468e+03,3.600517e+03,2.723439e+03,2.673561e+03
97.3400,4.372870e+03,3.176091e+03,3.217326e+03,3.528079e+03,2.668455e+03,2.619574e+03
97.3600,4.289838e+03,3.115470e+03,3.155929e+03,3.460846e+03,2.617404e+03,2.569446e+03
97.3800,4.212905e+03,3.059273e+03,3.099015e+03,3.398530e+03,2.570065e+03,2.522963e+03
97.4000,4.141750e+03,3.007267e+03,3.046346e+03,3.340873e+03,2.526243e+03,2.479931e+03
97.4200,4.076087e+03,2.959243e+03,2.997711e+03,3.287641e+03,2.485761e+03,2.440178e+03
97.4400,4.015657e+03,2.915013e+03,2.952919e+03,3.238627e+03,2.448463e+03,2.403549e+03
97.4600,3.960230e+03,2.874409e+03,2.911801e+03,3.193644e+03,2.414206e+03,2.369905e+03
97.4800,3.909602e+03,2.837281e+03,2.874206e+03,3.152527e+03,2.382865e+03,2.339124e+03
97.5000,3.863591e+03,2.803499e+03,2.839999e+03,3.115129e+03,2.354329e+03,2.311095e+03
97.5200,3.822039e+03,2.772946e+03,2.809063e+03,3.081322e+03,2.328500e+03,2.285724e+03
97.5400,3.784808e+03,2.745520e+03,2.781297e+03,3.050994e+03,2.305294e+03,2.262926e+03
97.5600,3.751780e+03,2.721137e+03,2.756613e+03,3.024049e+03,2.284637e+03,2.242630e+03
97.5800,3.722856e+03,2.699722e+03,2.734936e+03,3.000406e+03,2.266469e+03,2.224776e+03
97.6000,3.697954e+03,2.681217e+03,2.716207e+03,2.980000e+03,2.250737e+03,2.209315e+03
97.6200,3.677012e+03,2.665574e+03,2.700379e+03,2.962779e+03,2.237404e+03,2.196206e+03
97.6400,3.659982e+03,2.652759e+03,2.687415e+03,2.948705e+03,2.226438e+03,2.185421e+03
97.6600,3.646836e+03,2.642749e+03,2.677294e+03,2.937753e+03,2.217822e+03,2.176941e+03
97.6800,3.637561e+03,2.635535e+03,2.670005e+03,2.929912e+03,2.211546e+03,2.170758e+03
97.7000,3.632162e+03,2.631118e+03,2.665551e+03,2.925185e+03,2.207612e+03,2.166872e+03
97.7200,3.630660e+03,2.629514e+03,2.663947e+03,2.923590e+03,2.206030e+03,2.165296e+03
97.7400,3.633095e+03,2.630748e+03,2.665219e+03,2.925156e+03,2.206824e+03,2.166050e+03
97.7600,3.639525e+03,2.634863e+03,2.669410e+03,2.929930e+03,2.210027e+03,2.169168e+03
97.7800,3.650026e+03,2.641912e+03,2.676575e+03,2.937972e+03,2.215684e+03,2.174693e+03
97.8000,3.664695e+03,2.651964e+03,2.686782e+03,2.949359e+03,2.223851e+03,2.182681e+03
97.8200,3.683651e+03,2.665103e+03,2.700117e+03,2.964185e+03,2.234599e+03,2.193202e+03
97.8400,3.707035e+03,2.681429e+03,2.716682e+03,2.982562e+03,2.248010e+03,2.206335e+03
97.8600,3.735011e+03,2.701061e+03,2.736597e+03,3.004622e+03,2.264183e+03,2.222178e+03
97.8800,3.767772e+03,2.724134e+03,2.760000e+03,3.030518e+03,2.283232e+03,2.240843e+03
97.9000,3.805539e+03,2.750808e+03,2.787052e+03,3.060427e+03,2.305288e+03,2.262458e+03
97.9200,3.848566e+03,2.781264e+03,2.817936e+03,3.094552e+03,2.330502e+03,2.287171e+03
97.9400,3.897141e+03,2.815707e+03,2.852861e+03,3.133121e+03,2.359046e+03,2.315150e+03
97.9600,3.951591e+03,2.854372e+03,2.892065e+03,3.176398e+03,2.391115e+03,2.346588e+03
97.9800,4.012288e+03,2.897525e+03,2.935817e+03,3.224679e+03,2.426931e+03,2.381701e+03
98.0000,4.079653e+03,2.945468e+03,2.984423e+03,3.278300e+03,2.466745e+03,2.420736e+03
98.0200,4.154161e+03,2.998541e+03,3.038228e+03,3.337641e+03,2.510840e+03,2.463971e+03
98.0400,4.236352e+03,3.057129e+03,3.097624e+03,3.403133e+03,2.559538e+03,2.511721e+03
98.0600,4.326835e+03,3.121670e+03,3.163052e+03,3.475264e+03,2.613203e+03,2.564344e+03
98.0800,4.426300e+03,3.192659e+03,3.235015e+03,3.554586e+03,2.672248e+03,2.622245e+03
98.1000,4.535533e+03,3.270658e+03,3.314083e+03,3.641727e+03,2.737142e+03,2.685882e+03
98.1200,4.655425e+03,3.356305e+03,3.400902e+03,3.737399e+03,2.808417e+03,2.755779e+03
98.1400,4.786991e+03,3.450330e+03,3.496212e+03,3.842413e+03,2.886680e+03,2.832530e+03
98.1600,4.931391e+03,3.553561e+03,3.600853e+03,3.957699e+03,2.972623e+03,2.916816e+03
98.1800,5.089952e+03,3.666952e+03,3.715790e+03,4.084317e+03,3.067041e+03,3.009414e+03
98.2000,5.264198e+03,3.791595e+03,3.842132e+03,4.223486e+03,3.170844e+03,3.111217e+03
98.2200,5.455885e+03,3.928747e+03,3.981152e+03,4.376611e+03,3.285081e+03,3.223256e+03
98.2400,5.667042e+03,4.079865e+03,4.134326e+03,4.545314e+03,3.410966e+03,3.346720e+03
98.2600,5.900024e+03,4.246636e+03,4.303366e+03,4.731480e+03,3.549906e+03,3.482991e+03
98.2800,6.157576e+03,4.431029e+03,4.490265e+03,4.937304e+03,3.703542e+03,3.633676e+03
98.3000,6.442909e+03,4.635345e+03,4.697357e+03,5.165355e+03,3.873795e+03,3.800660e+03
98.3200,6.759802e+03,4.862294e+03,4.927388e+03,5.418655e+03,4.062922e+03,3.986158e+03
98.3400,7.112718e+03,5.115076e+03,5.183602e+03,5.700775e+03,4.273594e+03,4.192790e+03
98.3600,7.506967e+03,5.397499e+03,5.469857e+03,6.015962e+03,4.508984e+03,4.423667e+03
98.3800,7.948897e+03,5.714113e+03,5.790766e+03,6.369296e+03,4.772889e+03,4.682513e+03
98.4000,8.446148e+03,6.070398e+03,6.151882e+03,6.766886e+03,5.069876e+03,4.973809e+03
98.4200,9.007980e+03,6.472992e+03,6.559934e+03,7.216142e+03,5.405482e+03,5.302987e+03
98.4400,9.645700e+03,6.930003e+03,7.023139e+03,7.726107e+03,5.786468e+03,5.676676e+03
98.4600,1.037323e+04,7.451411e+03,7.551612e+03,8.307917e+03,6.221157e+03,6.103042e+03
98.4800,1.120784e+04,8.049610e+03,8.157916e+03,8.975400e+03,6.719883e+03,6.592221e+03
98.5000,1.217123e+04,8.740140e+03,8.857799e+03,9.745890e+03,7.295606e+03,7.156925e+03
98.5200,1.329082e+04,9.542687e+03,9.671214e+03,1.064135e+04,7.964741e+03,7.813255e+03
98.5400,1.460182e+04,1.048248e+04,1.062373e+04,1.168993e+04,8.748326e+03,8.581848e+03
98.5600,1.614987e+04,1.159224e+04,1.174852e+04,1.292814e+04,9.673656e+03,9.489476e+03
98.5800,1.799501e+04,1.291504e+04,1.308923e+04,1.440403e+04,1.077664e+04,1.057136e+04
98.6000,2.021744e+04,1.450838e+04,1.470413e+04,1.618175e+04,1.210523e+04,1.187454e+04
98.6200,2.292613e+04,1.645038e+04,1.667242e+04,1.834845e+04,1.372458e+04,1.346292e+04
98.6400,2.627186e+04,1.884919e+04,1.910369e+04,2.102479e+04,1.572486e+04,1.542494e+04
98.6600,3.046805e+04,2.185780e+04,2.215302e+04,2.438147e+04,1.823367e+04,1.788578e+04
98.6800,3.582602e+04,2.569948e+04,2.604669e+04,2.866755e+04,2.143719e+04,2.102805e+04
98.7000,4.282942e+04,3.072102e+04,3.113618e+04,3.426996e+04,2.562461e+04,2.513540e+04
98.7200,5.235239e+04,3.754923e+04,3.805677e+04,4.188798e+04,3.131864e+04,3.072057e+04
98.7400,6.641708e+04,4.763408e+04,4.827808e+04,5.313930e+04,3.972845e+04,3.896959e+04
98.7600,9.053519e+04,6.492778e+04,6.580576e+04,7.243320e+04,5.414984e+04,5.311526e+04
98.7800,1.389788e+05,9.966413e+04,1.010121e+05,1.111871e+05,8.311696e+04,8.152861e+04
98.8000,2.413266e+05,1.730527e+05,1.753936e+05,1.930636e+05,1.443169e+05,1.415585e+05
98.8200,4.399884e+05,3.155036e+05,3.197718e+05,3.519897e+05,2.631090e+05,2.580797e+05
98.8400,7.633642e+05,5.473813e+05,5.547865e+05,6.106852e+05,4.564757e+05,4.477497e+05
98.8600,1.174701e+06,8.423315e+05,8.537272e+05,9.397479e+05,7.024397e+05,6.890116e+05
98.8800,1.517120e+06,1.087864e+06,1.102582e+06,1.213677e+06,9.071934e+05,8.898509e+05
98.9000,1.547076e+06,1.109344e+06,1.124352e+06,1.237642e+06,9.251057e+05,9.074208e+05
98.9200,1.237398e+06,8.872874e+05,8.992914e+05,9.899036e+05,7.399288e+05,7.257840e+05
98.9400,8.229494e+05,5.901054e+05,5.980887e+05,6.583512e+05,4.921034e+05,4.826962e+05
98.9600,4.814415e+05,3.452254e+05,3.498958e+05,3.851498e+05,2.878935e+05,2.823903e+05
98.9800,2.646963e+05,1.898071e+05,1.923747e+05,2.117567e+05,1.582873e+05,1.552617e+05
99.0000,1.505746e+05,1.079753e+05,1.094359e+05,1.204608e+05,9.004614e+04,8.832514e+04
99.0200,9.633065e+04,6.907911e+04,7.001344e+04,7.706625e+04,5.760973e+04,5.650881e+04
99.0400,6.982028e+04,5.006935e+04,5.074650e+04,5.585806e+04,4.175697e+04,4.095909e+04
99.0600,5.480533e+04,3.930240e+04,3.983390e+04,4.384602e+04,3.277803e+04,3.215178e+04
99.0800,4.485864e+04,3.216964e+04,3.260466e+04,3.588849e+04,2.682970e+04,2.631714e+04
99.1000,3.763708e+04,2.699094e+04,2.735591e+04,3.011101e+04,2.251088e+04,2.208087e+04
99.1200,3.216412e+04,2.306605e+04,2.337794e+04,2.573236e+04,1.923763e+04,1.887017e+04
99.1400,2.791772e+04,2.002065e+04,2.029136e+04,2.233493e+04,1.669779e+04,1.637886e+04
99.1600,2.456736e+04,1.761774e+04,1.785596e+04,1.965430e+04,1.469371e+04,1.441307e+04
99.1800,2.188823e+04,1.569610e+04,1.590835e+04,1.751063e+04,1.309097e+04,1.284095e+04
99.2000,1.972237e+04,1.414248e+04,1.433373e+04,1.577753e+04,1.179511e+04,1.156983e+04
99.2200,1.795634e+04,1.287551e+04,1.304965e+04,1.436427e+04,1.073829e+04,1.053318e+04
99.2400,1.650720e+04,1.183574e+04,1.199584e+04,1.320449e+04,9.870903e+03,9.682344e+03
99.2600,1.531341e+04,1.097903e+04,1.112756e+04,1.224895e+04,9.156153e+03,8.981225e+03
99.2800,1.432872e+04,1.027220e+04,1.041120e+04,1.146064e+04,8.566375e+03,8.402687e+03
99.3000,1.351804e+04,9.690091e+03,9.821250e+03,1.081151e+04,8.080580e+03,7.926140e+03
99.3200,1.285458e+04,9.213491e+03,9.338237e+03,1.028011e+04,7.682742e+03,7.535867e+03
99.3400,1.231786e+04,8.827702e+03,8.947267e+03,9.850040e+03,7.360602e+03,7.219841e+03
99.3600,1.189228e+04,8.521526e+03,8.636989e+03,9.508823e+03,7.104818e+03,6.968899e+03
99.3800,1.156610e+04,8.286542e+03,8.398871e+03,9.247064e+03,6.908363e+03,6.776148e+03
99.4000,1.133076e+04,8.116597e+03,8.226676e+03,9.057901e+03,6.766100e+03,6.636549e+03
99.4200,1.118036e+04,8.007448e+03,8.116103e+03,8.936608e+03,6.674485e+03,6.546623e+03
99.4400,1.111136e+04,7.956530e+03,8.064555e+03,8.880327e+03,6.631371e+03,6.504265e+03
99.4600,1.112235e+04,7.962822e+03,8.070997e+03,8.887930e+03,6.635899e+03,6.508631e+03
99.4800,1.121402e+04,8.026800e+03,8.135912e+03,8.959951e+03,6.688452e+03,6.560097e+03
99.5000,1.138922e+04,8.150462e+03,8.261328e+03,9.098635e+03,6.790685e+03,6.660283e+03
99.5200,1.165306e+04,8.337455e+03,8.450941e+03,9.308061e+03,6.945625e+03,6.812157e+03
99.5400,1.201330e+04,8.593286e+03,8.710334e+03,9.594388e+03,7.157842e+03,7.020200e+03
99.5600,1.248074e+04,8.925653e+03,9.047312e+03,9.966225e+03,7.433733e+03,7.290684e+03
99.5800,1.306994e+04,9.344933e+03,9.472397e+03,1.043517e+04,7.781922e+03,7.632065e+03
99.6000,1.380020e+04,9.864878e+03,9.999526e+03,1.101660e+04,8.213839e+03,8.055550e+03
99.6200,1.469691e+04,1.050359e+04,1.064705e+04,1.173075e+04,8.744530e+03,8.575894e+03
99.6400,1.579351e+04,1.128491e+04,1.143915e+04,1.260427e+04,9.393819e+03,9.212535e+03
99.6600,1.713430e+04,1.224043e+04,1.240783e+04,1.367246e+04,1.018797e+04,9.991222e+03
99.6800,1.877849e+04,1.341237e+04,1.359592e+04,1.498252e+04,1.116208e+04,1.094638e+04
99.7000,2.080623e+04,1.485789e+04,1.506134e+04,1.659833e+04,1.236368e+04,1.212461e+04
99.7200,2.332768e+04,1.665554e+04,1.688374e+04,1.860769e+04,1.385808e+04,1.358995e+04
99.7400,2.649699e+04,1.891527e+04,1.917457e+04,2.113347e+04,1.573668e+04,1.543203e+04
99.7600,3.053495e+04,2.179453e+04,2.209344e+04,2.435166e+04,1.813041e+04,1.777924e+04
99.7800,3.576989e+04,2.552747e+04,2.587774e+04,2.852395e+04,2.123395e+04,2.082246e+04
99.8000,4.273508e+04,3.049442e+04,3.091300e+04,3.407541e+04,2.536351e+04,2.487179e+04
99.8200,5.248424e+04,3.744686e+04,3.796107e+04,4.184594e+04,3.114394e+04,3.053990e+04
99.8400,6.767042e+04,4.827689e+04,4.894004e+04,5.395024e+04,4.014841e+04,3.936943e+04
99.8600,9.556540e+04,6.817059e+04,6.910732e+04,7.618450e+04,5.668891e+04,5.558861e+04
99.8800,1.537604e+05,1.096737e+05,1.111811e+05,1.225704e+05,9.119663e+04,8.942598e+04
99.9000,2.745800e+05,1.958393e+05,1.985317e+05,2.188732e+05,1.628392e+05,1.596769e+05
99.9200,4.958314e+05,3.536309e+05,3.584930e+05,3.952283e+05,2.940355e+05,2.883245e+05
99.9400,8.269131e+05,5.897511e+05,5.978602e+05,6.591272e+05,4.903584e+05,4.808338e+05
99.9600,1.198489e+06,8.547508e+05,8.665040e+05,9.553030e+05,7.106933e+05,6.968885e+05
99.9800,1.423671e+06,1.015346e+06,1.029307e+06,1.134792e+06,8.442206e+05,8.278219e+05
100.0000,1.317805e+06,9.398440e+05,9.527674e+05,1.050407e+06,7.814441e+05,7.662649e+05
100.0200,9.752305e+05,6.955267e+05,7.050904e+05,7.773473e+05,5.783053e+05,5.670722e+05
100.0400,6.138333e+05,4.377853e+05,4.438048e+05,4.892840e+05,3.640051e+05,3.569349e+05
100.0600,3.473669e+05,2.477467e+05,2.511530e+05,2.768883e+05,2.059966e+05,2.019957e+05
100.0800,1.910267e+05,1.362477e+05,1.381208e+05,1.522720e+05,1.132902e+05,1.110902e+05
100.1000,1.127850e+05,8.044711e+04,8.155283e+04,8.990683e+04,6.689438e+04,6.559564e+04
100.1200,7.579656e+04,5.406743e+04,5.481040e+04,6.042380e+04,4.496075e+04,4.408807e+04
100.1400,5.681529e+04,4.053009e+04,4.108693e+04,4.529397e+04,3.370495e+04,3.305090e+04
100.1600,4.530633e+04,3.232185e+04,3.276583e+04,3.612017e+04,2.688005e+04,2.635856e+04
100.1800,3.731899e+04,2.662517e+04,2.699082e+04,2.975340e+04,2.214340e+04,2.171391e+04
100.2000,3.137551e+04,2.238613e+04,2.269350e+04,2.501575e+04,1.861870e+04,1.825767e+04
100.2200,2.679923e+04,1.912215e+04,1.938465e+04,2.136788e+04,1.590473e+04,1.559641e+04
100.2400,2.319845e+04,1.655388e+04,1.678107e+04,1.849757e+04,1.376921e+04,1.350236e+04
100.2600,2.031602e+04,1.449792e+04,1.469685e+04,1.619983e+04,1.205965e+04,1.182599e+04
100.2800,1.797416e+04,1.282750e+04,1.300347e+04,1.433299e+04,1.067065e+04,1.046396e+04
100.3000,1.604659e+04,1.145254e+04,1.160961e+04,1.279636e+04,9.527315e+03,9.342823e+03
100.3200,1.444165e+04,1.030766e+04,1.044900e+04,1.151689e+04,8.575285e+03,8.409275e+03
100.3400,1.309157e+04,9.344557e+03,9.472664e+03,1.044058e+04,7.774391e+03,7.623926e+03
100.3600,1.194546e+04,8.526917e+03,8.643792e+03,9.526842e+03,7.094444e+03,6.957175e+03
100.3800,1.096449e+04,7.827051e+03,7.934312e+03,8.744734e+03,6.512420e+03,6.386446e+03
100.4000,1.011864e+04,7.223553e+03,7.322526e+03,8.070331e+03,6.010523e+03,5.894286e+03
100.4200,9.384429e+03,6.699673e+03,6.791452e+03,7.484914e+03,5.574824e+03,5.467039e+03
100.4400,8.743273e+03,6.242157e+03,6.327656e+03,6.973668e+03,5.194305e+03,5.093898e+03
100.4600,8.180314e+03,5.840410e+03,5.920395e+03,6.524751e+03,4.860154e+03,4.766226e+03
100.4800,7.683565e+03,5.485882e+03,5.561002e+03,6.128609e+03,4.565263e+03,4.477051e+03
100.5000,7.243267e+03,5.171613e+03,5.242422e+03,5.777463e+03,4.303845e+03,4.220700e+03
100.5200,6.851417e+03,4.891894e+03,4.958868e+03,5.464932e+03,4.071154e+03,3.992516e+03
100.5400,6.501399e+03,4.642007e+03,4.705555e+03,5.185743e+03,3.863266e+03,3.788654e+03
100.5600,6.187706e+03,4.418026e+03,4.478504e+03,4.935507e+03,3.676916e+03,3.605912e+03
100.5800,5.905730e+03,4.216662e+03,4.274382e+03,4.710551e+03,3.509371e+03,3.441609e+03
100.6000,5.651589e+03,4.035147e+03,4.090382e+03,4.507780e+03,3.358328e+03,3.293488e+03
100.6200,5.421994e+03,3.871135e+03,3.924126e+03,4.324572e+03,3.221837e+03,3.159636e+03
100.6400,5.214146e+03,3.722630e+03,3.773590e+03,4.158696e+03,3.098239e+03,3.038425e+03
100.6600,5.025654e+03,3.587926e+03,3.637045e+03,4.008246e+03,2.986114e+03,2.928465e+03
100.6800,4.854461e+03,3.465556e+03,3.513004e+03,3.871582e+03,2.884242e+03,2.828559e+03
100.7000,4.698796e+03,3.354257e+03,3.400185e+03,3.747293e+03,2.791574e+03,2.737678e+03
100.7200,4.557126e+03,3.252934e+03,3.297481e+03,3.634155e+03,2.707198e+03,2.654928e+03
100.7400,4.428118e+03,3.160638e+03,3.203928e+03,3.531107e+03,2.630327e+03,2.579536e+03
100.7600,4.310615e+03,3.076541e+03,3.118686e+03,3.437226e+03,2.560270e+03,2.510826e+03
100.7800,4.203602e+03,2.999921e+03,3.041025e+03,3.351702e+03,2.496428e+03,2.448210e+03
100.8000,4.106193e+03,2.930145e+03,2.970302e+03,3.273830e+03,2.438274e+03,2.391171e+03
100.8200,4.017611e+03,2.866659e+03,2.905956e+03,3.202989e+03,2.385347e+03,2.339257e+03
100.8400,3.937174e+03,2.808975e+03,2.847492e+03,3.138636e+03,2.337241e+03,2.292071e+03
100.8600,3.864280e+03,2.756664e+03,2.794474e+03,3.080290e+03,2.293600e+03,2.249262e+03
100.8800,3.798400e+03,2.709349e+03,2.746522e+03,3.027529e+03,2.254109e+03,2.210523e+03
100.9000,3.739069e+03,2.666696e+03,2.703297e+03,2.979984e+03,2.218493e+03,2.175582e+03
100.9200,3.685877e+03,2.628414e+03,2.664503e+03,2.937325e+03,2.186506e+03,2.144201e+03
100.9400,3.638464e+03,2.594245e+03,2.629878e+03,2.899267e+03,2.157935e+03,2.116168e+03
100.9600,3.596513e+03,2.563963e+03,2.599195e+03,2.865556e+03,2.132593e+03,2.091301e+03
100.9800,3.559749e+03,2.537370e+03,2.572251e+03,2.835971e+03,2.110313e+03,2.069436e+03
101.0000,3.527929e+03,2.514294e+03,2.548873e+03,2.810321e+03,2.090953e+03,2.050434e+03
101.0200,3.500847e+03,2.494585e+03,2.528910e+03,2.788438e+03,2.074388e+03,2.034172e+03
101.0400,3.478321e+03,2.478115e+03,2.512230e+03,2.770179e+03,2.060510e+03,2.020546e+03
101.0600,3.460202e+03,2.464775e+03,2.498724e+03,2.755423e+03,2.049231e+03,2.009465e+03
101.0800,3.446361e+03,2.454475e+03,2.488299e+03,2.744068e+03,2.040472e+03,2.000856e+03
101.1000,3.436697e+03,2.447138e+03,2.480880e+03,2.736032e+03,2.034171e+03,1.994658e+03
101.1200,3.431126e+03,2.442708e+03,2.476407e+03,2.731248e+03,2.030281e+03,1.990821e+03
101.1400,3.429590e+03,2.441139e+03,2.474836e+03,2.729668e+03,2.028763e+03,1.989311e+03
101.1600,3.432048e+03,2.442403e+03,2.476137e+03,2.731260e+03,2.029593e+03,1.990101e+03
101.1800,3.438480e+03,2.446483e+03,2.480294e+03,2.736006e+03,2.032757e+03,1.993180e+03
101.2000,3.448883e+03,2.453378e+03,2.487305e+03,2.743904e+03,2.038252e+03,1.998544e+03
101.2200,3.463276e+03,2.463098e+03,2.497181e+03,2.754967e+03,2.046088e+03,2.006202e+03
101.2400,3.481693e+03,2.475667e+03,2.509946e+03,2.769223e+03,2.056284e+03,2.016174e+03
101.2600,3.504190e+03,2.491125e+03,2.525640e+03,2.786714e+03,2.068871e+03,2.028489e+03
101.2800,3.530842e+03,2.509521e+03,2.544314e+03,2.807499e+03,2.083891e+03,2.043189e+03
101.3000,3.561742e+03,2.530922e+03,2.566035e+03,2.831651e+03,2.101398e+03,2.060325e+03
101.3200,3.597004e+03,2.555407e+03,2.590884e+03,2.859260e+03,2.121457e+03,2.079964e+03
101.3400,3.636765e+03,2.583072e+03,2.618958e+03,2.890433e+03,2.144148e+03,2.102181e+03
101.3600,3.681185e+03,2.614027e+03,2.650369e+03,2.925295e+03,2.169560e+03,2.127066e+03
101.3800,3.730445e+03,2.648403e+03,2.685247e+03,2.963992e+03,2.197801e+03,2.154723e+03
101.4000,3.784755e+03,2.686344e+03,2.723743e+03,3.006687e+03,2.228991e+03,2.185270e+03
101.4200,3.844351e+03,2.728018e+03,2.766023e+03,3.053567e+03,2.263267e+03,2.218841e+03
101.4400,3.909502e+03,2.773612e+03,2.812280e+03,3.104844e+03,2.300784e+03,2.255589e+03
101.4600,3.980507e+03,2.823337e+03,2.862726e+03,3.160754e+03,2.341716e+03,2.295683e+03
101.4800,4.057703e+03,2.877429e+03,2.917601e+03,3.221563e+03,2.386259e+03,2.339315e+03
101.5000,4.141465e+03,2.936154e+03,2.977175e+03,3.287568e+03,2.434629e+03,2.386699e+03
101.5200,4.232215e+03,2.999807e+03,3.041747e+03,3.359100e+03,2.487073e+03,2.438073e+03
101.5400,4.330421e+03,3.068717e+03,3.111651e+03,3.436531e+03,2.543861e+03,2.493706e+03
101.5600,4.436607e+03,3.143255e+03,3.187261e+03,3.520274e+03,2.605298e+03,2.553894e+03
101.5800,4.551358e+03,3.223830e+03,3.268996e+03,3.610791e+03,2.671724e+03,2.618970e+03
101.6000,4.675326e+03,3.310902e+03,3.357321e+03,3.708598e+03,2.743518e+03,2.689307e+03
101.6200,4.809243e+03,3.404987e+03,3.452757e+03,3.814272e+03,2.821105e+03,2.765321e+03
101.6400,4.953926e+03,3.506659e+03,3.555889e+03,3.928460e+03,2.904960e+03,2.847476e+03
101.6600,5.110293e+03,3.616565e+03,3.667371e+03,4.051886e+03,2.995616e+03,2.936296e+03
101.6800,5.279372e+03,3.735429e+03,3.787940e+03,4.185364e+03,3.093672e+03,3.032366e+03
101.7000,5.462323e+03,3.864066e+03,3.918422e+03,4.329809e+03,3.199801e+03,3.136347e+03
101.7200,5.660453e+03,4.003399e+03,4.059750e+03,4.486255e+03,3.314763e+03,3.248984e+03
101.7400,5.875239e+03,4.154465e+03,4.212980e+03,4.655868e+03,3.439417e+03,3.371118e+03
101.7600,6.108354e+03,4.318445e+03,4.379308e+03,4.839972e+03,3.574736e+03,3.503702e+03
101.7800,6.361701e+03,4.496678e+03,4.560091e+03,5.040070e+03,3.721826e+03,3.647821e+03
101.8000,6.637447e+03,4.690690e+03,4.756878e+03,5.257875e+03,3.881948e+03,3.804709e+03
101.8200,6.938072e+03,4.902226e+03,4.971440e+03,5.495346e+03,4.056543e+03,3.975778e+03
101.8400,7.266418e+03,5.133289e+03,5.205807e+03,5.754731e+03,4.247265e+03,4.162650e+03
101.8600,7.625759e+03,5.386186e+03,5.462319e+03,6.038617e+03,4.456016e+03,4.367189e+03
101.8800,8.019880e+03,5.663579e+03,5.743677e+03,6.349995e+03,4.684999e+03,4.591551e+03
101.9000,8.453173e+03,5.968564e+03,6.053020e+03,6.692335e+03,4.936767e+03,4.838240e+03
101.9200,8.930757e+03,6.304745e+03,6.394004e+03,7.069686e+03,5.214297e+03,5.110173e+03
101.9400,9.458628e+03,6.676346e+03,6.770912e+03,7.486786e+03,5.521078e+03,5.410766e+03
101.9600,1.004385e+04,7.088337e+03,7.188788e+03,7.949215e+03,5.861213e+03,5.744043e+03
101.9800,1.069476e+04,7.546602e+03,7.653597e+03,8.463573e+03,6.239560e+03,6.114763e+03
102.0000,1.142132e+04,8.058141e+03,8.172440e+03,9.037720e+03,6.661902e+03,6.528591e+03
102.0200,1.223542e+04,8.631341e+03,8.753823e+03,9.681065e+03,7.135162e+03,6.992312e+03
102.0400,1.315143e+04,9.276309e+03,9.407999e+03,1.040495e+04,7.667688e+03,7.514106e+03
102.0600,1.418675e+04,1.000532e+04,1.014741e+04,1.122315e+04,8.269613e+03,8.103900e+03
102.0800,1.536272e+04,1.083338e+04,1.098729e+04,1.215252e+04,8.953334e+03,8.773845e+03
102.1000,1.670562e+04,1.177901e+04,1.194642e+04,1.321383e+04,9.734146e+03,9.538924e+03
102.1200,1.824819e+04,1.286527e+04,1.304818e+04,1.443296e+04,1.063108e+04,1.041779e+04
102.1400,2.003156e+04,1.412112e+04,1.432196e+04,1.584243e+04,1.166807e+04,1.143389e+04
102.1600,2.210799e+04,1.558338e+04,1.580508e+04,1.748353e+04,1.287550e+04,1.261699e+04
102.1800,2.454465e+04,1.729934e+04,1.754553e+04,1.940935e+04,1.429243e+04,1.400538e+04
102.2000,2.742896e+04,1.933058e+04,1.960575e+04,2.168900e+04,1.596972e+04,1.564888e+04
102.2200,3.087634e+04,2.175839e+04,2.206819e+04,2.441371e+04,1.797448e+04,1.761327e+04
102.2400,3.504156e+04,2.469177e+04,2.504342e+04,2.770580e+04,2.039674e+04,1.998673e+04
102.2600,4.013577e+04,2.827943e+04,2.868227e+04,3.173217e+04,2.335929e+04,2.288961e+04
102.2800,4.645272e+04,3.272825e+04,3.319456e+04,3.672499e+04,2.703297e+04,2.648930e+04
102.3000,5.441063e+04,3.833279e+04,3.887905e+04,4.301483e+04,3.166102e+04,3.102414e+04
102.3200,6.462611e+04,4.552733e+04,4.617623e+04,5.108908e+04,3.760206e+04,3.684552e+04
102.3400,7.808207e+04,5.500410e+04,5.578819e+04,6.172460e+04,4.542772e+04,4.451358e+04
102.3600,9.665389e+04,6.808395e+04,6.905463e+04,7.640373e+04,5.622873e+04,5.509707e+04
102.3800,1.249277e+05,8.799687e+04,8.925161e+04,9.875138e+04,7.267237e+04,7.120954e+04
102.4000,1.754957e+05,1.236114e+05,1.253741e+05,1.387204e+05,1.020821e+05,1.000269e+05
102.4200,2.796753e+05,1.969842e+05,1.997936e+05,2.210643e+05,1.626719e+05,1.593965e+05
102.4400,4.977760e+05,3.505909e+05,3.555915e+05,3.934519e+05,2.895172e+05,2.836874e+05
102.4600,9.063588e+05,6.383528e+05,6.474583e+05,7.163974e+05,5.271455e+05,5.165301e+05
102.4800,1.537766e+06,1.083049e+06,1.098498e+06,1.215464e+06,8.943666e+05,8.763558e+05
102.5000,2.282412e+06,1.607498e+06,1.630428e+06,1.804036e+06,1.327447e+06,1.300714e+06
102.5200,2.800309e+06,1.972248e+06,2.000382e+06,2.213383e+06,1.628651e+06,1.595852e+06
102.5400,2.685855e+06,1.891639e+06,1.918623e+06,2.122919e+06,1.562085e+06,1.530627e+06
102.5600,2.042557e+06,1.438568e+06,1.459089e+06,1.614453e+06,1.187948e+06,1.164025e+06
102.5800,1.309895e+06,9.225594e+05,9.357191e+05,1.035353e+06,7.618373e+05,7.464955e+05
102.6000,7.482883e+05,5.270235e+05,5.345410e+05,5.914568e+05,4.352112e+05,4.264472e+05
102.6200,4.094456e+05,2.883786e+05,2.924919e+05,3.236339e+05,2.381428e+05,2.333475e+05
102.6400,2.369445e+05,1.668871e+05,1.692673e+05,1.872881e+05,1.378173e+05,1.350424e+05
102.6600,1.554531e+05,1.094930e+05,1.110545e+05,1.228767e+05,9.042225e+04,8.860183e+04
102.6800,1.144812e+05,8.063656e+04,8.178643e+04,9.049223e+04,6.659305e+04,6.525251e+04
102.7000,9.026274e+04,6.357939e+04,6.448595e+04,7.134965e+04,5.250745e+04,5.145057e+04
102.7200,7.373197e+04,5.193662e+04,5.267710e+04,5.828345e+04,4.289295e+04,4.202968e+04
102.7400,6.154343e+04,4.335204e+04,4.397008e+04,4.864937e+04,3.580384e+04,3.508332e+04
102.7600,5.221984e+04,3.678520e+04,3.730958e+04,4.127974e+04,3.038094e+04,2.976962e+04
102.7800,4.492939e+04,3.165028e+04,3.210142e+04,3.551710e+04,2.614048e+04,2.561454e+04
102.8000,3.913276e+04,2.756741e+04,2.796033e+04,3.093517e+04,2.276878e+04,2.231072e+04
102.8200,3.445949e+04,2.427570e+04,2.462167e+04,2.724112e+04,2.005038e+04,1.964706e+04
102.8400,3.064773e+04,2.159072e+04,2.189840e+04,2.422800e+04,1.783300e+04,1.747431e+04
102.8600,2.750858e+04,1.937942e+04,1.965558e+04,2.174649e+04,1.600676e+04,1.568483e+04
102.8800,2.490347e+04,1.754420e+04,1.779420e+04,1.968706e+04,1.449106e+04,1.419964e+04
102.9000,2.272929e+04,1.601244e+04,1.624061e+04,1.796820e+04,1.322594e+04,1.295997e+04
102.9200,2.090855e+04,1.472954e+04,1.493944e+04,1.652866e+04,1.216630e+04,1.192164e+04
102.9400,1.938260e+04,1.365421e+04,1.384879e+04,1.532208e+04,1.127803e+04,1.105124e+04
102.9600,1.810706e+04,1.275517e+04,1.293695e+04,1.431336e+04,1.053531e+04,1.032344e+04
102.9800,1.704861e+04,1.200894e+04,1.218011e+04,1.347618e+04,9.918741e+03,9.719251e+03
103.0000,1.618287e+04,1.139832e+04,1.156082e+04,1.279123e+04,9.414107e+03,9.224738e+03
103.0200,1.549294e+04,1.091140e+04,1.106699e+04,1.224515e+04,9.011567e+03,8.830258e+03
103.0400,1.496872e+04,1.054103e+04,1.069139e+04,1.182992e+04,8.705195e+03,8.530001e+03
103.0600,1.460659e+04,1.028463e+04,1.043138e+04,1.154267e+04,8.492850e+03,8.321868e+03
103.0800,1.440984e+04,1.014445e+04,1.028927e+04,1.138595e+04,8.376375e+03,8.207664e+03
103.1000,1.438968e+04,1.012834e+04,1.027300e+04,1.136857e+04,8.362204e+03,8.193689e+03
103.1200,1.456721e+04,1.025105e+04,1.039757e+04,1.150715e+04,8.462498e+03,8.291855e+03
103.1400,1.497680e+04,1.053668e+04,1.068738e+04,1.182874e+04,8.697082e+03,8.521581e+03
103.1600,1.567165e+04,1.102251e+04,1.118029e+04,1.237528e+04,9.096674e+03,8.912959e+03
103.1800,1.673369e+04,1.176598e+04,1.193455e+04,1.321132e+04,9.708584e+03,9.512335e+03
103.2000,1.829497e+04,1.285968e+04,1.304409e+04,1.444092e+04,1.060910e+04,1.039444e+04
103.2200,2.060208e+04,1.447655e+04,1.468436e+04,1.625844e+04,1.194068e+04,1.169883e+04
103.2400,2.424018e+04,1.702696e+04,1.727163e+04,1.912505e+04,1.404141e+04,1.375670e+04
103.2600,3.081598e+04,2.163771e+04,2.194899e+04,2.430711e+04,1.783965e+04,1.747748e+04
103.2800,4.445639e+04,3.120308e+04,3.165250e+04,3.505730e+04,2.571990e+04,2.519710e+04
103.3000,7.356557e+04,5.161706e+04,5.236127e+04,5.799945e+04,4.253809e+04,4.167250e+04
103.3200,1.298481e+05,9.108833e+04,9.240247e+04,1.023587e+05,7.505713e+04,7.352878e+04
103.3400,2.204577e+05,1.546339e+05,1.568655e+05,1.737734e+05,1.274104e+05,1.248151e+05
103.3600,3.336916e+05,2.340463e+05,2.374245e+05,2.630196e+05,1.928360e+05,1.889073e+05
103.3800,4.241669e+05,2.974977e+05,3.017921e+05,3.343285e+05,2.451117e+05,2.401177e+05
103.4000,4.256493e+05,2.985368e+05,3.028462e+05,3.354964e+05,2.459675e+05,2.409560e+05
103.4200,3.366276e+05,2.361035e+05,2.395115e+05,2.653323e+05,1.945300e+05,1.905667e+05
103.4400,2.228543e+05,1.563115e+05,1.585675e+05,1.756599e+05,1.287911e+05,1.261676e+05
103.4600,1.308670e+05,9.179853e+04,9.312310e+04,1.031585e+05,7.564027e+04,7.409984e+04
103.4800,7.320167e+04,5.135620e+04,5.209687e+04,5.770838e+04,4.232062e+04,4.145920e+04
103.5000,4.304911e+04,3.020916e+04,3.064452e+04,3.394288e+04,2.489789e+04,2.439151e+04
103.5200,2.868308e+04,2.013354e+04,2.042344e+04,2.261977e+04,1.659663e+04,1.625941e+04
103.5400,2.155401e+04,1.513336e+04,1.535109e+04,1.700058e+04,1.247692e+04,1.222363e+04
103.5600,1.742267e+04,1.223556e+04,1.241147e+04,1.374409e+04,1.008931e+04,9.884661e+03
103.5800,1.462795e+04,1.027518e+04,1.042280e+04,1.154111e+04,8.474029e+03,8.302280e+03
103.6000,1.256284e+04,8.826515e+03,8.953234e+03,9.913189e+03,7.280340e+03,7.132900e+03
103.6200,1.097047e+04,7.709399e+03,7.820004e+03,8.657872e+03,6.359816e+03,6.231119e+03
103.6400,9.711382e+03,6.826035e+03,6.923899e+03,7.665247e+03,5.631880e+03,5.518001e+03
103.6600,8.696528e+03,6.113971e+03,6.201568e+03,6.865130e+03,5.045080e+03,4.943145e+03
103.6800,7.865035e+03,5.530515e+03,5.609700e+03,6.209541e+03,4.564243e+03,4.472092e+03
103.7000,7.173919e+03,5.045519e+03,5.117715e+03,5.664601e+03,4.164530e+03,4.080510e+03
103.7200,6.592134e+03,4.637209e+03,4.703522e+03,5.205839e+03,3.828001e+03,3.750826e+03
103.7400,6.096815e+03,4.289550e+03,4.350855e+03,4.815234e+03,3.541446e+03,3.470097e+03
103.7600,5.670830e+03,3.990527e+03,4.047525e+03,4.479283e+03,3.294964e+03,3.228626e+03
103.7800,5.301142e+03,3.730993e+03,3.784255e+03,4.187709e+03,3.081021e+03,3.019030e+03
103.8000,4.977681e+03,3.503888e+03,3.553882e+03,3.932577e+03,2.893800e+03,2.835612e+03
103.8200,4.692577e+03,3.303691e+03,3.350804e+03,3.707681e+03,2.728750e+03,2.673914e+03
103.8400,4.439597e+03,3.126030e+03,3.170588e+03,3.508111e+03,2.582271e+03,2.530409e+03
103.8600,4.213758e+03,2.967411e+03,3.009688e+03,3.329936e+03,2.451482e+03,2.402275e+03
103.8800,4.011031e+03,2.825007e+03,2.865238e+03,3.169983e+03,2.334056e+03,2.287231e+03
103.9000,3.828131e+03,2.696515e+03,2.734899e+03,3.025662e+03,2.228094e+03,2.183418e+03
103.9200,3.662358e+03,2.580038e+03,2.616750e+03,2.894842e+03,2.132034e+03,2.089305e+03
103.9400,3.511469e+03,2.474007e+03,2.509196e+03,2.775759e+03,2.044582e+03,2.003625e+03
103.9600,3.373595e+03,2.377107e+03,2.410906e+03,2.666936e+03,1.964656e+03,1.925318e+03
103.9800,3.247162e+03,2.288236e+03,2.320760e+03,2.567135e+03,1.891346e+03,1.853493e+03
104.0000,3.130837e+03,2.206459e+03,2.237810e+03,2.475304e+03,1.823882e+03,1.787395e+03
104.0200,3.023487e+03,2.130980e+03,2.161249e+03,2.390550e+03,1.761610e+03,1.726382e+03
104.0400,2.924141e+03,2.061117e+03,2.090386e+03,2.312106e+03,1.703967e+03,1.669905e+03
104.0600,2.831962e+03,1.996285e+03,2.024625e+03,2.239315e+03,1.650469e+03,1.617489e+03
104.0800,2.746226e+03,1.935976e+03,1.963453e+03,2.171604e+03,1.600699e+03,1.568725e+03
104.1000,2.666305e+03,1.879747e+03,1.906420e+03,2.108479e+03,1.554293e+03,1.523256e+03
104.1200,2.591650e+03,1.827215e+03,1.853136e+03,2.049507e+03,1.510934e+03,1.480772e+03
104.1400,2.521779e+03,1.778040e+03,1.803259e+03,1.994307e+03,1.470342e+03,1.441000e+03
104.1600,2.456268e+03,1.731927e+03,1.756486e+03,1.942546e+03,1.432273e+03,1.403699e+03
104.1800,2.394742e+03,1.688611e+03,1.712551e+03,1.893928e+03,1.396511e+03,1.368657e+03
104.2000,2.336870e+03,1.647859e+03,1.671218e+03,1.848191e+03,1.362862e+03,1.335686e+03
104.2200,2.282357e+03,1.609465e+03,1.632276e+03,1.805103e+03,1.331156e+03,1.304619e+03
104.2400,2.230937e+03,1.573243e+03,1.595538e+03,1.764455e+03,1.301241e+03,1.275306e+03
104.2600,2.182375e+03,1.539027e+03,1.560835e+03,1.726061e+03,1.272980e+03,1.247613e+03
104.2800,2.136459e+03,1.506668e+03,1.528015e+03,1.689754e+03,1.246250e+03,1.221420e+03
104.3000,2.092998e+03,1.476033e+03,1.496945e+03,1.655383e+03,1.220940e+03,1.196619e+03
104.3200,2.051820e+03,1.447001e+03,1.467499e+03,1.622812e+03,1.196952e+03,1.173112e+03
104.3400,2.012769e+03,1.419462e+03,1.439569e+03,1.591919e+03,1.174194e+03,1.150811e+03
104.3600,1.975703e+03,1.393316e+03,1.413052e+03,1.562591e+03,1.152585e+03,1.129636e+03
104.3800,1.940494e+03,1.368474e+03,1.387857e+03,1.534729e+03,1.132051e+03,1.109513e+03
104.4000,1.907024e+03,1.344854e+03,1.363902e+03,1.508238e+03,1.112524e+03,1.090377e+03
104.4200,1.875188e+03,1.322379e+03,1.341109e+03,1.483035e+03,1.093941e+03,1.072166e+03
104.4400,1.844887e+03,1.300983e+03,1.319409e+03,1.459043e+03,1.076247e+03,1.054825e+03
104.4600,1.816032e+03,1.280601e+03,1.298739e+03,1.436191e+03,1.059390e+03,1.038304e+03
104.4800,1.788540e+03,1.261176e+03,1.279040e+03,1.414414e+03,1.043321e+03,1.022556e+03
104.5000,1.762336e+03,1.242656e+03,1.260258e+03,1.393653e+03,1.027997e+03,1.007538e+03
104.5200,1.737351e+03,1.224990e+03,1.242343e+03,1.373853e+03,1.013379e+03,9.932111e+02
104.5400,1.713521e+03,1.208135e+03,1.225251e+03,1.354964e+03,9.994281e+02,9.795380e+02
104.5600,1.690786e+03,1.192049e+03,1.208938e+03,1.336938e+03,9.861110e+02,9.664856e+02
104.5800,1.669091e+03,1.176693e+03,1.193366e+03,1.319733e+03,9.733958e+02,9.540228e+02
104.6000,1.648387e+03,1.162032e+03,1.178499e+03,1.303308e+03,9.612532e+02,9.421211e+02
104.6200,1.628627e+03,1.148033e+03,1.164304e+03,1.287628e+03,9.496562e+02,9.307538e+02
104.6400,1.609766e+03,1.134665e+03,1.150749e+03,1.272657e+03,9.385794e+02,9.198961e+02
104.6600,1.591765e+03,1.121900e+03,1.137805e+03,1.258363e+03,9.279996e+02,9.095254e+02
104.6800,1.574587e+03,1.109712e+03,1.125447e+03,1.244718e+03,9.178951e+02,8.996201e+02
104.7000,1.558196e+03,1.098077e+03,1.113650e+03,1.231694e+03,9.082456e+02,8.901607e+02
104.7200,1.542560e+03,1.086971e+03,1.102389e+03,1.219265e+03,8.990325e+02,8.811288e+02
104.7400,1.527650e+03,1.076373e+03,1.091644e+03,1.207407e+03,8.902382e+02,8.725071e+02
104.7600,1.513437e+03,1.066265e+03,1.081395e+03,1.196098e+03,8.818465e+02,8.642798e+02
104.7800,1.499894e+03,1.056626e+03,1.071624e+03,1.185319e+03,8.738422e+02,8.564320e+02
104.8000,1.486999e+03,1.047441e+03,1.062312e+03,1.175048e+03,8.662112e+02,8.489499e+02
104.8200,1.474728e+03,1.038694e+03,1.053444e+03,1.165270e+03,8.589404e+02,8.418207e+02
104.8400,1.463060e+03,1.030368e+03,1.045004e+03,1.155966e+03,8.520175e+02,8.350322e+02
104.8600,1.451975e+03,1.022452e+03,1.036979e+03,1.147122e+03,8.454311e+02,8.285733e+02
104.8800,1.441455e+03,1.014931e+03,1.029356e+03,1.138723e+03,8.391706e+02,8.224336e+02
104.9000,1.431484e+03,1.007794e+03,1.022122e+03,1.130756e+03,8.332260e+02,8.166034e+02
104.9200,1.422045e+03,1.001030e+03,1.015266e+03,1.123207e+03,8.275881e+02,8.110737e+02
104.9400,1.413124e+03,9.946282e+02,1.008777e+03,1.116066e+03,8.222484e+02,8.058360e+02
104.9600,1.404707e+03,9.885790e+02,1.002647e+03,1.109322e+03,8.171990e+02,8.008826e+02
104.9800,1.396782e+03,9.828736e+02,9.968650e+02,1.102965e+03,8.124324e+02,7.962063e+02
105.0000,1.389336e+03,9.775038e+02,9.914237e+02,1.096985e+03,8.079418e+02,7.918003e+02
105.0200,1.382360e+03,9.724620e+02,9.863152e+02,1.091373e+03,8.037209e+02,7.876585e+02
105.0400,1.375843e+03,9.677411e+02,9.815323e+02,1.086123e+03,7.997640e+02,7.837751e+02
105.0600,1.369776e+03,9.633346e+02,9.770684e+02,1.081227e+03,7.960656e+02,7.801451e+02
105.0800,1.364150e+03,9.592368e+02,9.729176e+02,1.076678e+03,7.926210e+02,7.767635e+02
105.1000,1.358959e+03,9.554422e+02,9.690745e+02,1.072471e+03,7.894255e+02,7.736260e+02
105.1200,1.354196e+03,9.519459e+02,9.655342e+02,1.068599e+03,7.864753e+02,7.707286e+02
105.1400,1.349854e+03,9.487437e+02,9.622922e+02,1.065058e+03,7.837667e+02,7.680678e+02
105.1600,1.345928e+03,9.458317e+02,9.593446e+02,1.061844e+03,7.812963e+02,7.656405e+02
105.1800,1.342413e+03,9.432063e+02,9.566878e+02,1.058953e+03,7.790615e+02,7.634437e+02
105.2000,1.339305e+03,9.408646e+02,9.543189e+02,1.056381e+03,7.770596e+02,7.614751e+02
105.2200,1.336601e+03,9.388041e+02,9.522354e+02,1.054126e+03,7.752886e+02,7.597325e+02
105.2400,1.334297e+03,9.370226e+02,9.504349e+02,1.052185e+03,7.737466e+02,7.582141e+02
105.2600,1.332392e+03,9.355184e+02,9.489159e+02,1.050556e+03,7.724322e+02,7.569187e+02
105.2800,1.330883e+03,9.342903e+02,9.476770e+02,1.049239e+03,7.713442e+02,7.558451e+02
105.3000,1.329770e+03,9.333374e+02,9.467174e+02,1.048232e+03,7.704821e+02,7.549925e+02
105.3200,1.329052e+03,9.326592e+02,9.460365e+02,1.047534e+03,7.698452e+02,7.543605e+02
105.3400,1.328729e+03,9.322557e+02,9.456344e+02,1.047146e+03,7.694336e+02,7.539490e+02
105.3600,1.328801e+03,9.321272e+02,9.455114e+02,1.047067e+03,7.692474e+02,7.537583e+02
105.3800,1.329271e+03,9.322745e+02,9.456682e+02,1.047300e+03,7.692873e+02,7.537889e+02
105.4000,1.330140e+03,9.326987e+02,9.461061e+02,1.047845e+03,7.695541e+02,7.540417e+02
105.4200,1.331410e+03,9.334015e+02,9.468268e+02,1.048704e+03,7.700492e+02,7.545179e+02
105.4400,1.333085e+03,9.343850e+02,9.478322e+02,1.049880e+03,7.707741e+02,7.552192e+02
105.4600,1.335167e+03,9.356514e+02,9.491249e+02,1.051375e+03,7.717308e+02,7.561474e+02
105.4800,1.337662e+03,9.372039e+02,9.507078e+02,1.053192e+03,7.729217e+02,7.573048e+02
105.5000,1.340575e+03,9.390456e+02,9.525843e+02,1.055336e+03,7.743494e+02,7.586941e+02
105.5200,1.343911e+03,9.411805e+02,9.547584e+02,1.057810e+03,7.760170e+02,7.603183e+02
105.5400,1.347676e+03,9.436129e+02,9.572343e+02,1.060621e+03,7.779280e+02,7.621807e+02
105.5600,1.351878e+03,9.463475e+02,9.600171e+02,1.063772e+03,7.800863e+02,7.642852e+02
105.5800,1.356524e+03,9.493897e+02,9.631120e+02,1.067271e+03,7.824962e+02,7.666360e+02
105.6000,1.361623e+03,9.527454e+02,9.665251e+02,1.071123e+03,7.851625e+02,7.692377e+02
105.6200,1.367185e+03,9.564209e+02,9.702629e+02,1.075337e+03,7.880903e+02,7.720954e+02
105.6400,1.373220e+03,9.604234e+02,9.743326e+02,1.079919e+03,7.912854e+02,7.752148e+02
105.6600,1.379739e+03,9.647604e+02,9.787418e+02,1.084880e+03,7.947540e+02,7.786018e+02
105.6800,1.386753e+03,9.694403e+02,9.834990e+02,1.090228e+03,7.985028e+02,7.822631e+02
105.7000,1.394278e+03,9.744721e+02,9.886134e+02,1.095973e+03,8.025390e+02,7.862058e+02
105.7200,1.402326e+03,9.798653e+02,9.940947e+02,1.102126e+03,8.068707e+02,7.904376e+02
105.7400,1.410912e+03,9.856306e+02,9.999537e+02,1.108700e+03,8.115063e+02,7.949668e+02
105.7600,1.420054e+03,9.917792e+02,1.006202e+03,1.115707e+03,8.164549e+02,7.998025e+02
105.7800,1.429769e+03,9.983233e+02,1.012851e+03,1.123160e+03,8.217265e+02,8.049542e+02
105.8000,1.440076e+03,1.005276e+03,1.019916e+03,1.131075e+03,8.273317e+02,8.104324e+02
105.8200,1.450996e+03,1.012651e+03,1.027409e+03,1.139468e+03,8.332820e+02,8.162484e+02
105.8400,1.462551e+03,1.020464e+03,1.035346e+03,1.148355e+03,8.395896e+02,8.224140e+02
105.8600,1.474764e+03,1.028731e+03,1.043745e+03,1.157756e+03,8.462677e+02,8.289423e+02
105.8800,1.487661e+03,1.037469e+03,1.052622e+03,1.167689e+03,8.533307e+02,8.358471e+02
105.9000,1.501269e+03,1.046698e+03,1.061996e+03,1.178176e+03,8.607936e+02,8.431434e+02
105.9200,1.515618e+03,1.056436e+03,1.071889e+03,1.189240e+03,8.686729e+02,8.508473e+02
105.9400,1.530738e+03,1.066707e+03,1.082321e+03,1.200905e+03,8.769863e+02,8.589758e+02
105.9600,1.546665e+03,1.077533e+03,1.093317e+03,1.213198e+03,8.857526e+02,8.675477e+02
105.9800,1.563434e+03,1.088939e+03,1.104903e+03,1.226147e+03,8.949923e+02,8.765828e+02
106.0000,1.581084e+03,1.100952e+03,1.117104e+03,1.239782e+03,9.047273e+02,8.861025e+02
106.0200,1.599659e+03,1.113602e+03,1.129951e+03,1.254136e+03,9.149812e+02,8.961301e+02
106.0400,1.619202e+03,1.126918e+03,1.143476e+03,1.269245e+03,9.257794e+02,9.066903e+02
106.0600,1.639764e+03,1.140936e+03,1.157713e+03,1.285147e+03,9.371494e+02,9.178101e+02
106.0800,1.661397e+03,1.155691e+03,1.172698e+03,1.301882e+03,9.491208e+02,9.295183e+02
106.1000,1.684158e+03,1.171223e+03,1.188471e+03,1.319496e+03,9.617256e+02,9.418463e+02
106.1200,1.708109e+03,1.187574e+03,1.205076e+03,1.338035e+03,9.749982e+02,9.548279e+02
106.1400,1.733317e+03,1.204789e+03,1.222559e+03,1.357553e+03,9.889761e+02,9.684997e+02
106.1600,1.759855e+03,1.222920e+03,1.240971e+03,1.378105e+03,1.003700e+03,9.829013e+02
106.1800,1.787799e+03,1.242018e+03,1.260366e+03,1.399753e+03,1.019213e+03,9.980757e+02
106.2000,1.817237e+03,1.262145e+03,1.280804e+03,1.422562e+03,1.035564e+03,1.014070e+03
106.2200,1.848260e+03,1.283361e+03,1.302349e+03,1.446604e+03,1.052805e+03,1.030934e+03
106.2400,1.880969e+03,1.305738e+03,1.325072e+03,1.471959e+03,1.070991e+03,1.048724e+03
106.2600,1.915474e+03,1.329351e+03,1.349049e+03,1.498711e+03,1.090185e+03,1.067499e+03
106.2800,1.951895e+03,1.354282e+03,1.374365e+03,1.526954e+03,1.110453e+03,1.087326e+03
106.3000,1.990364e+03,1.380622e+03,1.401111e+03,1.556791e+03,1.131870e+03,1.108277e+03
106.3200,2.031025e+03,1.408469e+03,1.429387e+03,1.588332e+03,1.154516e+03,1.130431e+03
106.3400,2.074034e+03,1.437931e+03,1.459304e+03,1.621700e+03,1.178479e+03,1.153873e+03
106.3600,2.119566e+03,1.469130e+03,1.490982e+03,1.657031e+03,1.203856e+03,1.178700e+03
106.3800,2.167812e+03,1.502194e+03,1.524556e+03,1.694474e+03,1.230756e+03,1.205016e+03
106.4000,2.218983e+03,1.537271e+03,1.560172e+03,1.734192e+03,1.259295e+03,1.232936e+03
106.4200,2.273312e+03,1.574520e+03,1.597993e+03,1.776367e+03,1.289605e+03,1.262590e+03
106.4400,2.331057e+03,1.614119e+03,1.638200e+03,1.821200e+03,1.321831e+03,1.294118e+03
106.4600,2.392507e+03,1.656266e+03,1.680994e+03,1.868914e+03,1.356134e+03,1.327678e+03
106.4800,2.457981e+03,1.701181e+03,1.726598e+03,1.919760e+03,1.392694e+03,1.363446e+03
106.5000,2.527836e+03,1.749109e+03,1.775262e+03,1.974013e+03,1.431709e+03,1.401618e+03
106.5200,2.602473e+03,1.800326e+03,1.827264e+03,2.031986e+03,1.473406e+03,1.442414e+03
106.5400,2.682339e+03,1.855140e+03,1.882919e+03,2.094029e+03,1.518036e+03,1.486079e+03
106.5600,2.767942e+03,1.913900e+03,1.942578e+03,2.160533e+03,1.565881e+03,1.532890e+03
106.5800,2.859851e+03,1.976997e+03,2.006642e+03,2.231943e+03,1.617263e+03,1.583162e+03
106.6000,2.958712e+03,2.044877e+03,2.075561e+03,2.308763e+03,1.672543e+03,1.637249e+03
106.6200,3.065262e+03,2.118045e+03,2.149848e+03,2.391563e+03,1.732133e+03,1.695554e+03
106.6400,3.180338e+03,2.197078e+03,2.230090e+03,2.480997e+03,1.796505e+03,1.758537e+03
106.6600,3.304900e+03,2.282635e+03,2.316956e+03,2.577810e+03,1.866196e+03,1.826725e+03
106.6800,3.440052e+03,2.375477e+03,2.411217e+03,2.682862e+03,1.941825e+03,1.900724e+03
106.7000,3.587067e+03,2.476479e+03,2.513763e+03,2.797144e+03,2.024106e+03,1.981232e+03
106.7200,3.747422e+03,2.586657e+03,2.625624e+03,2.921804e+03,2.113868e+03,2.069059e+03
106.7400,3.922838e+03,2.707195e+03,2.748004e+03,3.058181e+03,2.212075e+03,2.165151e+03
106.7600,4.115328e+03,2.839479e+03,2.882307e+03,3.207842e+03,2.319858e+03,2.270613e+03
106.7800,4.327263e+03,2.985138e+03,3.030191e+03,3.372631e+03,2.438545e+03,2.386745e+03
106.8000,4.561449e+03,3.146104e+03,3.193614e+03,3.554732e+03,2.569710e+03,2.515087e+03
106.8200,4.821226e+03,3.324675e+03,3.374909e+03,3.756743e+03,2.715227e+03,2.657472e+03
106.8400,5.110597e+03,3.523604e+03,3.576874e+03,3.981780e+03,2.877342e+03,2.816099e+03
106.8600,5.434394e+03,3.746216e+03,3.802881e+03,4.233601e+03,3.058763e+03,2.993618e+03
106.8800,5.798490e+03,3.996550e+03,4.057034e+03,4.516776e+03,3.262786e+03,3.193253e+03
106.9000,6.210082e+03,4.279560e+03,4.344359e+03,4.836905e+03,3.493448e+03,3.418955e+03
106.9200,6.678066e+03,4.601365e+03,4.671070e+03,5.200911e+03,3.755737e+03,3.675606e+03
106.9400,7.213542e+03,4.969601e+03,5.044919e+03,5.617429e+03,4.055881e+03,3.969298e+03
106.9600,7.830499e+03,5.393894e+03,5.475679e+03,6.097345e+03,4.401727e+03,4.307711e+03
106.9800,8.546769e+03,5.886512e+03,5.975804e+03,6.654533e+03,4.803276e+03,4.700631e+03
107.0000,9.385352e+03,6.463279e+03,6.561360e+03,7.306890e+03,5.273432e+03,5.160684e+03
107.0200,1.037632e+04,7.144885e+03,7.253350e+03,8.077815e+03,5.829060e+03,5.704375e+03
107.0400,1.155956e+04,7.958776e+03,8.079640e+03,8.998346e+03,6.492539e+03,6.353601e+03
107.0600,1.298887e+04,8.941960e+03,9.077800e+03,1.011034e+04,7.294041e+03,7.137888e+03
107.0800,1.473810e+04,1.014525e+04,1.029942e+04,1.147126e+04,8.274994e+03,8.097772e+03
107.1000,1.691075e+04,1.163985e+04,1.181678e+04,1.316164e+04,9.493455e+03,9.290067e+03
107.1200,1.965568e+04,1.352819e+04,1.373387e+04,1.529730e+04,1.103293e+04,1.079648e+04
107.1400,2.319680e+04,1.596432e+04,1.620710e+04,1.805248e+04,1.301901e+04,1.273992e+04
107.1600,2.790948e+04,1.920649e+04,1.949864e+04,2.171925e+04,1.566227e+04,1.532642e+04
107.1800,3.457749e+04,2.379397e+04,2.415597e+04,2.690747e+04,1.940237e+04,1.898622e+04
107.2000,4.524925e+04,3.113611e+04,3.160988e+04,3.521101e+04,2.538835e+04,2.484368e+04
107.2200,6.547426e+04,4.505108e+04,4.573670e+04,5.094799e+04,3.673321e+04,3.594499e+04
107.2400,1.080357e+05,7.433400e+04,7.546541e+04,8.406506e+04,6.060768e+04,5.930694e+04
107.2600,1.946301e+05,1.339125e+05,1.359509e+05,1.514443e+05,1.091824e+05,1.068389e+05
107.2800,3.470928e+05,2.388099e+05,2.424452e+05,2.700761e+05,1.947059e+05,1.905264e+05
107.3000,5.633379e+05,3.875909e+05,3.934911e+05,4.383373e+05,3.160081e+05,3.092246e+05
107.3200,7.856120e+05,5.405200e+05,5.487483e+05,6.112896e+05,4.406923e+05,4.312322e+05
107.3400,8.856503e+05,6.093482e+05,6.186243e+05,6.891297e+05,4.968083e+05,4.861435e+05
107.3600,7.768790e+05,5.345108e+05,5.426477e+05,6.044939e+05,4.357926e+05,4.264376e+05
107.3800,5.526458e+05,3.802330e+05,3.860213e+05,4.300166e+05,3.100085e+05,3.033538e+05
107.4000,3.388442e+05,2.331325e+05,2.366814e+05,2.636562e+05,1.900761e+05,1.859959e+05
107.4200,1.899234e+05,1.306713e+05,1.326604e+05,1.477798e+05,1.065384e+05,1.042515e+05
107.4400,1.061457e+05,7.302992e+04,7.414163e+04,8.259162e+04,5.954279e+04,5.826474e+04
107.4600,6.525209e+04,4.489372e+04,4.557713e+04,5.077171e+04,3.660291e+04,3.581728e+04
107.4800,4.588709e+04,3.156966e+04,3.205025e+04,3.570330e+04,2.573947e+04,2.518702e+04
107.5000,3.568971e+04,2.455309e+04,2.492689e+04,2.776825e+04,2.001856e+04,1.958889e+04
107.5200,2.935333e+04,2.019294e+04,2.050039e+04,2.283744e+04,1.646343e+04,1.611006e+04
107.5400,2.492651e+04,1.714657e+04,1.740767e+04,1.939244e+04,1.397942e+04,1.367935e+04
107.5600,2.165797e+04,1.489708e+04,1.512396e+04,1.684867e+04,1.214510e+04,1.188438e+04
107.5800,1.918440e+04,1.319450e+04,1.339549e+04,1.492343e+04,1.075666e+04,1.052570e+04
107.6000,1.728817e+04,1.188909e+04,1.207024e+04,1.344738e+04,9.692008e+03,9.483873e+03
107.6200,1.582495e+04,1.088154e+04,1.104739e+04,1.230822e+04,8.870184e+03,8.679654e+03
107.6400,1.469505e+04,1.010326e+04,1.025729e+04,1.142837e+04,8.235253e+03,8.058312e+03
107.6600,1.382814e+04,9.505856e+03,9.650835e+03,1.075310e+04,7.747760e+03,7.581240e+03
107.6800,1.317396e+04,9.054729e+03,9.192883e+03,1.024330e+04,7.379493e+03,7.220830e+03
107.7000,1.269630e+04,8.724963e+03,8.858144e+03,9.870772e+03,7.110132e+03,6.957200e+03
107.7200,1.236912e+04,8.498623e+03,8.628408e+03,9.615254e+03,6.925049e+03,6.776033e+03
107.7400,1.217390e+04,8.362962e+03,8.490737e+03,9.462330e+03,6.813847e+03,6.667157e+03
107.7600,1.209794e+04,8.309226e+03,8.436243e+03,9.402107e+03,6.769380e+03,6.623576e+03
107.7800,1.213319e+04,8.331852e+03,8.459280e+03,9.428300e+03,6.787106e+03,6.640846e+03
107.8000,1.227549e+04,8.427959e+03,8.556924e+03,9.537659e+03,6.864664e+03,6.716656e+03
107.8200,1.252415e+04,8.597046e+03,8.728666e+03,9.729627e+03,7.001634e+03,6.850594e+03
107.8400,1.288176e+04,8.840862e+03,8.976285e+03,1.000619e+04,7.199430e+03,7.044041e+03
107.8600,1.335422e+04,9.163425e+03,9.303862e+03,1.037192e+04,7.461310e+03,7.300184e+03
107.8800,1.395097e+04,9.571186e+03,9.717945e+03,1.083412e+04,7.792511e+03,7.624146e+03
107.9000,1.468546e+04,1.007334e+04,1.022788e+04,1.140321e+04,8.200511e+03,8.023240e+03
107.9200,1.557591e+04,1.068236e+04,1.084631e+04,1.209331e+04,8.695433e+03,8.507370e+03
107.9400,1.664636e+04,1.141469e+04,1.158996e+04,1.292307e+04,9.290658e+03,9.089625e+03
107.9600,1.792825e+04,1.229185e+04,1.248067e+04,1.391687e+04,1.000368e+04,9.787121e+03
107.9800,1.946262e+04,1.334193e+04,1.354697e+04,1.510651e+04,1.085734e+04,1.062219e+04
108.0000,2.130318e+04,1.460171e+04,1.482620e+04,1.653368e+04,1.188154e+04,1.162411e+04
108.0200,2.352085e+04,1.611975e+04,1.636766e+04,1.825336e+04,1.311576e+04,1.283148e+04
108.0400,2.621024e+04,1.796082e+04,1.823714e+04,2.033893e+04,1.461268e+04,1.429583e+04
108.0600,2.949928e+04,2.021252e+04,2.052357e+04,2.288962e+04,1.644352e+04,1.608685e+04
108.0800,3.356380e+04,2.299523e+04,2.334921e+04,2.604179e+04,1.870618e+04,1.830031e+04
108.1000,3.865007e+04,2.647759e+04,2.688529e+04,2.998646e+04,2.153779e+04,2.107034e+04
108.1200,4.511144e+04,3.090154e+04,3.137747e+04,3.499767e+04,2.513508e+04,2.458941e+04
108.1400,5.347567e+04,3.662845e+04,3.719270e+04,4.148476e+04,2.979192e+04,2.914500e+04
108.1600,6.461029e+04,4.425233e+04,4.493415e+04,5.012058e+04,3.599133e+04,3.520962e+04
108.1800,8.026731e+04,5.497285e+04,5.582000e+04,6.226401e+04,4.470885e+04,4.373762e+04
108.2000,1.049293e+05,7.185936e+04,7.296690e+04,8.139176e+04,5.844040e+04,5.717064e+04
108.2200,1.508409e+05,1.032961e+05,1.048884e+05,1.170008e+05,8.400382e+04,8.217831e+04
108.2400,2.470738e+05,1.691892e+05,1.717976e+05,1.916392e+05,1.375863e+05,1.345959e+05
108.2600,4.454328e+05,3.050109e+05,3.097137e+05,3.454870e+05,2.480329e+05,2.426415e+05
108.2800,8.032029e+05,5.499860e+05,5.584663e+05,6.229747e+05,4.472402e+05,4.375181e+05
108.3000,1.327514e+06,9.089961e+05,9.230123e+05,1.029632e+06,7.391779e+05,7.231092e+05
108.3200,1.896661e+06,1.298707e+06,1.318733e+06,1.471065e+06,1.056081e+06,1.033123e+06
108.3400,2.207658e+06,1.511656e+06,1.534965e+06,1.712275e+06,1.229245e+06,1.202522e+06
108.3600,1.999225e+06,1.368936e+06,1.390044e+06,1.550614e+06,1.113189e+06,1.088989e+06
108.3800,1.454745e+06,9.961140e+05,1.011474e+06,1.128312e+06,8.100196e+05,7.924108e+05
108.4000,9.043231e+05,6.192246e+05,6.287726e+05,7.014030e+05,5.035428e+05,4.925966e+05
108.4200,5.077652e+05,3.476900e+05,3.530510e+05,3.938310e+05,2.827378e+05,2.765918e+05
108.4400,2.789928e+05,1.910429e+05,1.939884e+05,2.163941e+05,1.553563e+05,1.519795e+05
108.4600,1.656335e+05,1.134225e+05,1.151711e+05,1.284721e+05,9.223725e+04,9.023263e+04
108.4800,1.119749e+05,7.668071e+04,7.786272e+04,8.685408e+04,6.235969e+04,6.100459e+04
108.5000,8.409150e+04,5.758802e+04,5.847563e+04,6.522751e+04,4.683393e+04,4.581634e+04
108.5200,6.694809e+04,4.584927e+04,4.655588e+04,5.193089e+04,3.728821e+04,3.647813e+04
108.5400,5.495558e+04,3.763750e+04,3.821748e+04,4.262933e+04,3.061053e+04,2.994561e+04
108.5600,4.600106e+04,3.150591e+04,3.199136e+04,3.568404e+04,2.562441e+04,2.506788e+04
108.5800,3.909490e+04,2.677691e+04,2.718944e+04,3.032747e+04,2.177883e+04,2.130590e+04
108.6000,3.365523e+04,2.305205e+04,2.340715e+04,2.610832e+04,1.874980e+04,1.834270e+04
108.6200,2.929757e+04,2.006808e+04,2.037717e+04,2.272838e+04,1.632324e+04,1.596889e+04
108.6400,2.575541e+04,1.764250e+04,1.791419e+04,1.998094e+04,1.435075e+04,1.403927e+04
108.6600,2.283902e+04,1.564540e+04,1.588631e+04,1.771886e+04,1.272669e+04,1.245051e+04
108.6800,2.041052e+04,1.398238e+04,1.419764e+04,1.583517e+04,1.137428e+04,1.112750e+04
108.7000,1.836784e+04,1.258354e+04,1.277724e+04,1.425075e+04,1.023671e+04,1.001465e+04
108.7200,1.663426e+04,1.139634e+04,1.157175e+04,1.290605e+04,9.271242e+03,9.070163e+03
108.7400,1.515121e+04,1.038069e+04,1.054044e+04,1.175566e+04,8.445264e+03,8.262133e+03
108.7600,1.387340e+04,9.505569e+03,9.651831e+03,1.076446e+04,7.733565e+03,7.565898e+03
108.7800,1.276542e+04,8.746739e+03,8.881307e+03,9.904983e+03,7.116428e+03,6.962170e+03
108.8000,1.179930e+04,8.085037e+03,8.209409e+03,9.155527e+03,6.578273e+03,6.435706e+03
108.8200,1.095273e+04,7.505191e+03,7.620629e+03,8.498791e+03,6.106678e+03,5.974355e+03
108.8400,1.020780e+04,6.994936e+03,7.102512e+03,7.920882e+03,5.691671e+03,5.568361e+03
108.8600,9.550053e+03,6.544369e+03,6.645005e+03,7.410587e+03,5.325198e+03,5.209847e+03
108.8800,8.967783e+03,6.145478e+03,6.239971e+03,6.958828e+03,5.000743e+03,4.892437e+03
108.9000,8.451540e+03,5.791787e+03,5.880835e+03,6.558273e+03,4.713040e+03,4.610979e+03
108.9200,7.993752e+03,5.478111e+03,5.562331e+03,6.203047e+03,4.457871e+03,4.361346e+03
108.9400,7.588487e+03,5.200383e+03,5.280330e+03,5.888546e+03,4.231927e+03,4.140304e+03
108.9600,7.231319e+03,4.955569e+03,5.031752e+03,5.611335e+03,4.032739e+03,3.945434e+03
108.9800,6.919325e+03,4.741661e+03,4.814556e+03,5.369140e+03,3.858671e+03,3.775138e+03
109.0000,6.651236e+03,4.557782e+03,4.627854e+03,5.160973e+03,3.709007e+03,3.628713e+03
109.0200,6.427907e+03,4.404504e+03,4.472228e+03,4.987485e+03,3.584206e+03,3.506609e+03
109.0400,6.253722e+03,4.284806e+03,4.350702e+03,4.852061e+03,3.486682e+03,3.411185e+03
109.0600,6.141559e+03,4.207464e+03,4.272189e+03,4.764656e+03,3.423548e+03,3.349399e+03
109.0800,6.129630e+03,4.198524e+03,4.263143e+03,4.754817e+03,3.415937e+03,3.341918e+03
109.1000,6.326044e+03,4.331699e+03,4.398425e+03,4.906156e+03,3.523648e+03,3.447227e+03
109.1200,6.984661e+03,4.780081e+03,4.853828e+03,5.415011e+03,3.887114e+03,3.802672e+03
109.1400,8.543023e+03,5.842016e+03,5.932347e+03,6.619789e+03,4.748386e+03,4.644984e+03
109.1600,1.145229e+04,7.825131e+03,7.946408e+03,8.869428e+03,6.357046e+03,6.218262e+03
109.1800,1.569379e+04,1.071669e+04,1.088308e+04,1.214948e+04,8.702763e+03,8.512400e+03
109.2000,2.013076e+04,1.374157e+04,1.395514e+04,1.558074e+04,1.115665e+04,1.091233e+04
109.2200,2.217097e+04,1.513218e+04,1.536746e+04,1.715829e+04,1.228465e+04,1.201551e+04
109.2400,1.994892e+04,1.361651e+04,1.382818e+04,1.543929e+04,1.105472e+04,1.081259e+04
109.2600,1.528106e+04,1.043313e+04,1.059518e+04,1.182864e+04,8.471747e+03,8.286362e+03
109.2800,1.077463e+04,7.359836e+03,7.473990e+03,8.342858e+03,5.978110e+03,5.847504e+03
109.3000,7.587901e+03,5.186428e+03,5.266715e+03,5.877785e+03,4.214573e+03,4.122703e+03
109.3200,5.750579e+03,3.933160e+03,3.993926e+03,4.456401e+03,3.197572e+03,3.128032e+03
109.3400,4.812635e+03,3.293169e+03,3.343973e+03,3.730635e+03,2.678140e+03,2.619996e+03
109.3600,4.332157e+03,2.965122e+03,3.010829e+03,3.358697e+03,2.411802e+03,2.359491e+03
109.3800,4.050170e+03,2.772433e+03,2.815153e+03,3.140288e+03,2.255286e+03,2.206396e+03
109.4000,3.854491e+03,2.638603e+03,2.679253e+03,2.988638e+03,2.146530e+03,2.100011e+03
109.4200,3.703586e+03,2.535312e+03,2.574368e+03,2.871624e+03,2.062553e+03,2.017862e+03
109.4400,3.581377e+03,2.451596e+03,2.489362e+03,2.776811e+03,1.994461e+03,1.951248e+03
109.4600,3.480031e+03,2.382112e+03,2.418811e+03,2.698139e+03,1.937919e+03,1.895931e+03
109.4800,3.394797e+03,2.323620e+03,2.359422e+03,2.631932e+03,1.890297e+03,1.849338e+03
109.5000,3.322474e+03,2.273935e+03,2.308977e+03,2.575714e+03,1.849822e+03,1.809736e+03
109.5200,3.260804e+03,2.231517e+03,2.265913e+03,2.527737e+03,1.815245e+03,1.775901e+03
109.5400,3.208153e+03,2.195252e+03,2.229098e+03,2.486738e+03,1.785660e+03,1.746950e+03
109.5600,3.163319e+03,2.164318e+03,2.197696e+03,2.451786e+03,1.760401e+03,1.722230e+03
109.5800,3.125399e+03,2.138099e+03,2.171083e+03,2.422182e+03,1.738969e+03,1.701251e+03
109.6000,3.093713e+03,2.116130e+03,2.148786e+03,2.397399e+03,1.720983e+03,1.683645e+03
109.6200,3.067739e+03,2.098055e+03,2.130445e+03,2.377033e+03,1.706157e+03,1.669127e+03
109.6400,3.047082e+03,2.083603e+03,2.115782e+03,2.360777e+03,1.694269e+03,1.657484e+03
109.6600,3.031441e+03,2.072568e+03,2.104591e+03,2.348398e+03,1.685152e+03,1.648550e+03
109.6800,3.020593e+03,2.064797e+03,2.096714e+03,2.339723e+03,1.678682e+03,1.642204e+03
109.7000,3.014377e+03,2.060179e+03,2.092039e+03,2.334627e+03,1.674767e+03,1.638358e+03
109.7200,3.012685e+03,2.058640e+03,2.090492e+03,2.333025e+03,1.673348e+03,1.636952e+03
109.7400,3.015455e+03,2.060136e+03,2.092028e+03,2.334869e+03,1.674388e+03,1.637951e+03
109.7600,3.022666e+03,2.064653e+03,2.096631e+03,2.340141e+03,1.677874e+03,1.641343e+03
109.7800,3.034334e+03,2.072199e+03,2.104312e+03,2.348853e+03,1.683815e+03,1.647134e+03
109.8000,3.050511e+03,2.082809e+03,2.115105e+03,2.361045e+03,1.692237e+03,1.655352e+03
109.8200,3.071284e+03,2.096540e+03,2.129068e+03,2.376782e+03,1.703186e+03,1.666040e+03
109.8400,3.096771e+03,2.113473e+03,2.146283e+03,2.396155e+03,1.716726e+03,1.679262e+03
109.8600,3.127127e+03,2.133711e+03,2.166855e+03,2.419282e+03,1.732941e+03,1.695100e+03
109.8800,3.162542e+03,2.157381e+03,2.190914e+03,2.446309e+03,1.751934e+03,1.713653e+03
109.9000,3.203243e+03,2.184638e+03,2.218616e+03,2.477410e+03,1.773828e+03,1.735044e+03
109.9200,3.249497e+03,2.215661e+03,2.250144e+03,2.512792e+03,1.798769e+03,1.759413e+03
109.9400,3.301617e+03,2.250660e+03,2.285711e+03,2.552692e+03,1.826927e+03,1.786927e+03
109.9600,3.359960e+03,2.289878e+03,2.325564e+03,2.597387e+03,1.858496e+03,1.817776e+03
109.9800,3.424937e+03,2.333593e+03,2.369984e+03,2.647192e+03,1.893701e+03,1.852181e+03
110.0000,3.497019e+03,2.382122e+03,2.419295e+03,2.702469e+03,1.932799e+03,1.890391e+03
110.0200,3.576742e+03,2.435827e+03,2.473865e+03,2.763630e+03,1.976082e+03,1.932692e+03
110.0400,3.664716e+03,2.495121e+03,2.534112e+03,2.831144e+03,2.023882e+03,1.979410e+03
110.0600,3.761635e+03,2.560474e+03,2.600513e+03,2.905545e+03,2.076580e+03,2.030916e+03
110.0800,3.868292e+03,2.632421e+03,2.673614e+03,2.987443e+03,2.134608e+03,2.087633e+03
110.1000,3.985590e+03,2.711572e+03,2.754033e+03,3.077532e+03,2.198459e+03,2.150043e+03
110.1200,4.114559e+03,2.798626e+03,2.842480e+03,3.176606e+03,2.268696e+03,2.218696e+03
110.1400,4.256379e+03,2.894379e+03,2.939766e+03,3.285570e+03,2.345963e+03,2.294222e+03
110.1600,4.412404e+03,2.999748e+03,3.046819e+03,3.405468e+03,2.431002e+03,2.377344e+03
110.1800,4.584190e+03,3.115785e+03,3.164711e+03,3.537496e+03,2.524660e+03,2.468894e+03
110.2000,4.773533e+03,3.243706e+03,3.294675e+03,3.683035e+03,2.627921e+03,2.569832e+03
110.2200,4.982513e+03,3.384917e+03,3.438139e+03,3.843686e+03,2.741921e+03,2.681267e+03
110.2400,5.213544e+03,3.541051e+03,3.596765e+03,4.021307e+03,2.867979e+03,2.804490e+03
110.2600,5.469446e+03,3.714015e+03,3.772489e+03,4.218065e+03,3.007635e+03,2.941007e+03
110.2800,5.753519e+03,3.906044e+03,3.967580e+03,4.436502e+03,3.162694e+03,3.092583e+03
110.3000,6.069652e+03,4.119768e+03,4.184711e+03,4.679609e+03,3.335282e+03,3.261294e+03
110.3200,6.422447e+03,4.358299e+03,4.427044e+03,4.950925e+03,3.527913e+03,3.449598e+03
110.3400,6.817379e+03,4.625342e+03,4.698343e+03,5.254664e+03,3.743579e+03,3.660422e+03
110.3600,7.261002e+03,4.925332e+03,5.003113e+03,5.595868e+03,3.985864e+03,3.897268e+03
110.3800,7.761214e+03,5.263613e+03,5.346783e+03,5.980614e+03,4.259084e+03,4.164356e+03
110.4000,8.327597e+03,5.646666e+03,5.735936e+03,6.416274e+03,4.568476e+03,4.466804e+03
110.4200,8.971862e+03,6.082415e+03,6.178625e+03,6.911859e+03,4.920441e+03,4.810871e+03
110.4400,9.708442e+03,6.580625e+03,6.684769e+03,7.478472e+03,5.322868e+03,5.204270e+03
110.4600,1.055528e+04,7.153437e+03,7.266701e+03,8.129921e+03,5.785566e+03,5.656587e+03
110.4800,1.153490e+04,7.816090e+03,7.939903e+03,8.883535e+03,6.320844e+03,6.179859e+03
110.5000,1.267588e+04,8.587911e+03,8.724011e+03,9.761293e+03,6.944318e+03,6.789349e+03
110.5200,1.401485e+04,9.493702e+03,9.644220e+03,1.079140e+04,7.676025e+03,7.504645e+03
110.5400,1.559946e+04,1.056568e+04,1.073326e+04,1.201050e+04,8.541993e+03,8.351193e+03
110.5600,1.749244e+04,1.184631e+04,1.203427e+04,1.346685e+04,9.576518e+03,9.362519e+03
110.5800,1.977772e+04,1.339235e+04,1.360492e+04,1.522505e+04,1.082547e+04,1.058347e+04
110.6000,2.256950e+04,1.528108e+04,1.552371e+04,1.737294e+04,1.235128e+04,1.207506e+04
110.6200,2.602614e+04,1.761966e+04,1.789949e+04,2.003238e+04,1.424050e+04,1.392192e+04
110.6400,3.037228e+04,2.056004e+04,2.088667e+04,2.337620e+04,1.661591e+04,1.624407e+04
110.6600,3.593683e+04,2.432479e+04,2.471132e+04,2.765747e+04,1.965730e+04,1.921727e+04
110.6800,4.323529e+04,2.926266e+04,2.972777e+04,3.327281e+04,2.364644e+04,2.311697e+04
110.7000,5.321743e+04,3.601626e+04,3.658883e+04,4.095297e+04,2.910246e+04,2.845067e+04
110.7200,6.812737e+04,4.610391e+04,4.683700e+04,5.242458e+04,3.725198e+04,3.641748e+04
110.7400,9.410792e+04,6.368172e+04,6.469450e+04,7.241390e+04,5.145262e+04,5.029976e+04
110.7600,1.468488e+05,9.936502e+04,1.009456e+05,1.129926e+05,8.028026e+04,7.848110e+04
110.7800,2.580318e+05,1.745892e+05,1.773666e+05,1.985366e+05,1.410520e+05,1.378904e+05
110.8000,4.711964e+05,3.188121e+05,3.238843e+05,3.625453e+05,2.575662e+05,2.517925e+05
110.8200,8.117954e+05,5.492545e+05,5.579934e+05,6.246018e+05,4.437351e+05,4.337877e+05
110.8400,1.233669e+06,8.346855e+05,8.479660e+05,9.491907e+05,6.743280e+05,6.592109e+05
110.8600,1.564529e+06,1.058539e+06,1.075381e+06,1.203754e+06,8.551738e+05,8.360023e+05
110.8800,1.559930e+06,1.055428e+06,1.072220e+06,1.200216e+06,8.526601e+05,8.335450e+05
110.9000,1.224050e+06,8.281772e+05,8.413541e+05,9.417896e+05,6.690699e+05,6.540707e+05
110.9200,8.026579e+05,5.430718e+05,5.517123e+05,6.175710e+05,4.387400e+05,4.289045e+05
110.9400,4.648430e+05,3.145127e+05,3.195165e+05,3.576564e+05,2.540925e+05,2.483966e+05
110.9600,2.544537e+05,1.721673e+05,1.749063e+05,1.957829e+05,1.390950e+05,1.359772e+05
110.9800,1.450776e+05,9.816548e+04,9.972699e+04,1.116289e+05,7.931064e+04,7.753317e+04
111.0000,9.322754e+04,6.308467e+04,6.408800e+04,7.173547e+04,5.096965e+04,4.982754e+04
111.0200,6.761559e+04,4.575603e+04,4.648365e+04,5.202958e+04,3.697021e+04,3.614195e+04
111.0400,5.285364e+04,3.576828e+04,3.633699e+04,4.067167e+04,2.890130e+04,2.825393e+04
111.0600,4.293925e+04,2.906030e+04,2.952228e+04,3.304347e+04,2.348204e+04,2.295616e+04
111.0800,3.567753e+04,2.414707e+04,2.453087e+04,2.745623e+04,1.951271e+04,1.907582e+04
111.1000,3.013448e+04,2.039665e+04,2.072079e+04,2.319134e+04,1.648279e+04,1.611382e+04
111.1200,2.580056e+04,1.746431e+04,1.774179e+04,1.985675e+04,1.411378e+04,1.379791e+04
111.1400,2.234988e+04,1.512955e+04,1.536988e+04,1.720173e+04,1.222754e+04,1.195396e+04
111.1600,1.955967e+04,1.324165e+04,1.345195e+04,1.505487e+04,1.070231e+04,1.046291e+04
111.1800,1.727277e+04,1.169428e+04,1.187996e+04,1.329525e+04,9.452178e+03,9.240808e+03
111.2000,1.537578e+04,1.041072e+04,1.057599e+04,1.183564e+04,8.415181e+03,8.227054e+03
111.2200,1.378536e+04,9.334578e+03,9.482723e+03,1.061190e+04,7.545747e+03,7.377107e+03
111.2400,1.243915e+04,8.423664e+03,8.557320e+03,9.576051e+03,6.809799e+03,6.657654e+03
111.2600,1.128981e+04,7.645949e+03,7.767233e+03,8.691677e+03,6.181459e+03,6.043396e+03
111.2800,1.030088e+04,6.976767e+03,7.087408e+03,7.930727e+03,5.640801e+03,5.514855e+03
111.3000,9.443952e+03,6.396890e+03,6.498308e+03,7.271332e+03,5.172290e+03,5.056843e+03
111.3200,8.696594e+03,5.891149e+03,5.984524e+03,6.696245e+03,4.763673e+03,4.657382e+03
111.3400,8.040946e+03,5.447458e+03,5.533777e+03,6.191719e+03,4.405183e+03,4.306926e+03
111.3600,7.462629e+03,5.056087e+03,5.136183e+03,5.746692e+03,4.088963e+03,3.997790e+03
111.3800,6.949971e+03,4.709141e+03,4.783720e+03,5.352183e+03,3.808632e+03,3.723740e+03
111.4000,6.493419e+03,4.400154e+03,4.469821e+03,5.000842e+03,3.558968e+03,3.479669e+03
111.4200,6.085091e+03,4.123796e+03,4.189069e+03,4.686605e+03,3.335664e+03,3.261367e+03
111.4400,5.718444e+03,3.875638e+03,3.936967e+03,4.404437e+03,3.135142e+03,3.065336e+03
111.4600,5.388005e+03,3.651978e+03,3.709752e+03,4.150128e+03,2.954412e+03,2.888653e+03
111.4800,5.089171e+03,3.449702e+03,3.504261e+03,3.920136e+03,2.790957e+03,2.728858e+03
111.5000,4.818050e+03,3.266175e+03,3.317818e+03,3.711466e+03,2.642650e+03,2.583872e+03
111.5200,4.571329e+03,3.099158e+03,3.148147e+03,3.521570e+03,2.507679e+03,2.451923e+03
111.5400,4.346178e+03,2.946734e+03,2.993301e+03,3.348269e+03,2.384499e+03,2.331500e+03
111.5600,4.140166e+03,2.807259e+03,2.851611e+03,3.189694e+03,2.271780e+03,2.221304e+03
111.5800,3.951195e+03,2.679314e+03,2.721634e+03,3.044231e+03,2.168376e+03,2.120214e+03
111.6000,3.777448e+03,2.561669e+03,2.602121e+03,2.910481e+03,2.073293e+03,2.027259e+03
111.6200,3.617346e+03,2.453257e+03,2.491987e+03,2.787229e+03,1.985669e+03,1.941594e+03
111.6400,3.469508e+03,2.353142e+03,2.390283e+03,2.673414e+03,1.904748e+03,1.862483e+03
111.6600,3.332727e+03,2.260507e+03,2.296178e+03,2.568106e+03,1.829870e+03,1.789280e+03
111.6800,3.205940e+03,2.174635e+03,2.208943e+03,2.470486e+03,1.760455e+03,1.721417e+03
111.7000,3.088210e+03,2.094889e+03,2.127933e+03,2.379835e+03,1.695990e+03,1.658393e+03
111.7200,2.978707e+03,2.020711e+03,2.052578e+03,2.295514e+03,1.636023e+03,1.599766e+03
111.7400,2.876698e+03,1.951602e+03,1.982373e+03,2.216959e+03,1.580150e+03,1.545142e+03
111.7600,2.781527e+03,1.887119e+03,1.916868e+03,2.143664e+03,1.528016e+03,1.494171e+03
111.7800,2.692610e+03,1.826868e+03,1.855662e+03,2.075182e+03,1.479300e+03,1.446543e+03
111.8000,2.609427e+03,1.770496e+03,1.798397e+03,2.011111e+03,1.433717e+03,1.401979e+03
111.8200,2.531510e+03,1.717687e+03,1.744751e+03,1.951091e+03,1.391013e+03,1.360227e+03
111.8400,2.458438e+03,1.668155e+03,1.694435e+03,1.894799e+03,1.350956e+03,1.321065e+03
111.8600,2.389833e+03,1.621646e+03,1.647190e+03,1.841944e+03,1.313341e+03,1.284288e+03
111.8800,2.325354e+03,1.577928e+03,1.602780e+03,1.792263e+03,1.277981e+03,1.249716e+03
111.9000,2.264692e+03,1.536791e+03,1.560993e+03,1.745518e+03,1.244706e+03,1.217184e+03
111.9200,2.207568e+03,1.498048e+03,1.521637e+03,1.701495e+03,1.213365e+03,1.186541e+03
111.9400,2.153727e+03,1.461527e+03,1.484538e+03,1.659999e+03,1.183818e+03,1.157652e+03
111.9600,2.102939e+03,1.427070e+03,1.449537e+03,1.620851e+03,1.155940e+03,1.130394e+03
111.9800,2.054995e+03,1.394537e+03,1.416490e+03,1.583890e+03,1.129615e+03,1.104655e+03
112.0000,2.009702e+03,1.363797e+03,1.385265e+03,1.548969e+03,1.104739e+03,1.080332e+03
112.0200,1.966886e+03,1.334732e+03,1.355742e+03,1.515952e+03,1.081215e+03,1.057332e+03
112.0400,1.926385e+03,1.307234e+03,1.327810e+03,1.484718e+03,1.058958e+03,1.035569e+03
112.0600,1.888055e+03,1.281204e+03,1.301370e+03,1.455153e+03,1.037885e+03,1.014964e+03
112.0800,1.851760e+03,1.256549e+03,1.276327e+03,1.427153e+03,1.017924e+03,9.954462e+02
112.1000,1.817376e+03,1.233188e+03,1.252598e+03,1.400623e+03,9.990077e+02,9.769491e+02
112.1200,1.784790e+03,1.211042e+03,1.230104e+03,1.375476e+03,9.810728e+02,9.594118e+02
112.1400,1.753897e+03,1.190041e+03,1.208773e+03,1.351631e+03,9.640626e+02,9.427783e+02
112.1600,1.724600e+03,1.170119e+03,1.188538e+03,1.329014e+03,9.479243e+02,9.269972e+02
112.1800,1.696811e+03,1.151217e+03,1.169339e+03,1.307556e+03,9.326091e+02,9.120207e+02
112.2000,1.670448e+03,1.133279e+03,1.151120e+03,1.287195e+03,9.180720e+02,8.978049e+02
112.2200,1.645433e+03,1.116252e+03,1.133826e+03,1.267871e+03,9.042715e+02,8.843091e+02
112.2400,1.621698e+03,1.100090e+03,1.117412e+03,1.249530e+03,8.911692e+02,8.714957e+02
112.2600,1.599177e+03,1.084749e+03,1.101830e+03,1.232123e+03,8.787292e+02,8.593299e+02
112.2800,1.577809e+03,1.070187e+03,1.087041e+03,1.215603e+03,8.669187e+02,8.477793e+02
112.3000,1.557539e+03,1.056367e+03,1.073005e+03,1.199926e+03,8.557070e+02,8.368141e+02
112.3200,1.538314e+03,1.043253e+03,1.059687e+03,1.185054e+03,8.450658e+02,8.264065e+02
112.3400,1.520087e+03,1.030814e+03,1.047054e+03,1.170948e+03,8.349685e+02,8.165307e+02
112.3600,1.502813e+03,1.019017e+03,1.035075e+03,1.157574e+03,8.253908e+02,8.071627e+02
112.3800,1.486450e+03,1.007837e+03,1.023721e+03,1.144901e+03,8.163099e+02,7.982804e+02
112.4000,1.470960e+03,9.972458e+02,1.012966e+03,1.132898e+03,8.077047e+02,7.898630e+02
112.4200,1.456307e+03,9.872198e+02,1.002785e+03,1.121538e+03,7.995555e+02,7.818914e+02
112.4400,1.442458e+03,9.777363e+02,9.931553e+02,1.110796e+03,7.918441e+02,7.743477e+02
112.4600,1.429381e+03,9.687744e+02,9.840555e+02,1.100648e+03,7.845536e+02,7.672153e+02
112.4800,1.417049e+03,9.603147e+02,9.754659e+02,1.091071e+03,7.776681e+02,7.604790e+02
112.5000,1.405434e+03,9.523390e+02,9.673681e+02,1.082044e+03,7.711732e+02,7.541243e+02
112.5200,1.394511e+03,9.448307e+02,9.597452e+02,1.073550e+03,7.650552e+02,7.481380e+02
112.5400,1.384259e+03,9.377741e+02,9.525813e+02,1.065571e+03,7.593016e+02,7.425080e+02
112.5600,1.374655e+03,9.311551e+02,9.458619e+02,1.058089e+03,7.539008e+02,7.372226e+02
112.5800,1.365681e+03,9.249601e+02,9.395734e+02,1.051090e+03,7.488420e+02,7.322716e+02
112.6000,1.357317e+03,9.191771e+02,9.337035e+02,1.044560e+03,7.441152e+02,7.276451e+02
112.6200,1.349549e+03,9.137947e+02,9.282406e+02,1.038486e+03,7.397113e+02,7.233342e+02
112.6400,1.342359e+03,9.088025e+02,9.231742e+02,1.032857e+03,7.356220e+02,7.193307e+02
112.6600,1.335735e+03,9.041911e+02,9.184947e+02,1.027662e+03,7.318395e+02,7.156271e+02
112.6800,1.329664e+03,8.999517e+02,9.141933e+02,1.022890e+03,7.283567e+02,7.122164e+02
112.7000,1.324134e+03,8.960766e+02,9.102619e+02,1.018533e+03,7.251674e+02,7.090925e+02
112.7200,1.319135e+03,8.925585e+02,9.066934e+02,1.014583e+03,7.222657e+02,7.062496e+02
112.7400,1.314657e+03,8.893911e+02,9.034813e+02,1.011032e+03,7.196464e+02,7.036827e+02
112.7600,1.310692e+03,8.865688e+02,9.006198e+02,1.007875e+03,7.173049e+02,7.013874e+02
112.7800,1.307233e+03,8.840866e+02,8.981039e+02,1.005105e+03,7.152371e+02,6.993595e+02
112.8000,1.304274e+03,8.819401e+02,8.959291e+02,1.002718e+03,7.134396e+02,6.975957e+02
112.8200,1.301810e+03,8.801256e+02,8.940918e+02,1.000710e+03,7.119093e+02,6.960930e+02
112.8400,1.299835e+03,8.786402e+02,8.925889e+02,9.990763e+02,7.106437e+02,6.948490e+02
112.8600,1.298347e+03,8.774814e+02,8.914178e+02,9.978152e+02,7.096408e+02,6.938617e+02
112.8800,1.297343e+03,8.766473e+02,8.905769e+02,9.969245e+02,7.088992e+02,6.931296e+02
112.9000,1.296822e+03,8.761369e+02,8.900647e+02,9.964028e+02,7.084177e+02,6.926518e+02
112.9200,1.296782e+03,8.759494e+02,8.898808e+02,9.962496e+02,7.081958e+02,6.924276e+02
112.9400,1.297225e+03,8.760849e+02,8.900252e+02,9.964647e+02,7.082336e+02,6.924571e+02
112.9600,1.298150e+03,8.765440e+02,8.904984e+02,9.970490e+02,7.085313e+02,6.927406e+02
112.9800,1.299560e+03,8.773279e+02,8.913017e+02,9.980039e+02,7.090900e+02,6.932790e+02
113.0000,1.301458e+03,8.784383e+02,8.924369e+02,9.993315e+02,7.099111e+02,6.940738e+02
113.0200,1.303848e+03,8.798778e+02,8.939066e+02,1.001035e+03,7.109964e+02,6.951267e+02
113.0400,1.306734e+03,8.816494e+02,8.957137e+02,1.003117e+03,7.123483e+02,6.964401e+02
113.0600,1.310123e+03,8.837568e+02,8.978622e+02,1.005582e+03,7.139698e+02,6.980169e+02
113.0800,1.314020e+03,8.862044e+02,9.003564e+02,1.008436e+03,7.158644e+02,6.998603e+02
113.1000,1.318434e+03,8.889972e+02,9.032016e+02,1.011684e+03,7.180359e+02,7.019745e+02
113.1200,1.323373e+03,8.921409e+02,9.064034e+02,1.015333e+03,7.204891e+02,7.043637e+02
113.1400,1.328848e+03,8.956421e+02,9.099686e+02,1.019390e+03,7.232291e+02,7.070330e+02
113.1600,1.334868e+03,8.995081e+02,9.139045e+02,1.023864e+03,7.262615e+02,7.099881e+02
113.1800,1.341448e+03,9.037467e+02,9.182193e+02,1.028763e+03,7.295928e+02,7.132351e+02
113.2000,1.348599e+03,9.083670e+02,9.229220e+02,1.034099e+03,7.332302e+02,7.167810e+02
113.2200,1.356337e+03,9.133786e+02,9.280224e+02,1.039881e+03,7.371812e+02,7.206333e+02
113.2400,1.364677e+03,9.187921e+02,9.335315e+02,1.046123e+03,7.414544e+02,7.248004e+02
113.2600,1.373638e+03,9.246193e+02,9.394610e+02,1.052837e+03,7.460591e+02,7.292912e+02
113.2800,1.383239e+03,9.308727e+02,9.458237e+02,1.060039e+03,7.510053e+02,7.341156e+02
113.3000,1.393500e+03,9.375660e+02,9.526337e+02,1.067743e+03,7.563040e+02,7.392842e+02
113.3200,1.404443e+03,9.447142e+02,9.599061e+02,1.075967e+03,7.619671e+02,7.448088e+02
113.3400,1.416094e+03,9.523333e+02,9.676572e+02,1.084729e+03,7.680074e+02,7.507018e+02
113.3600,1.428478e+03,9.604408e+02,9.759047e+02,1.094050e+03,7.744389e+02,7.569768e+02
113.3800,1.441624e+03,9.690555e+02,9.846679e+02,1.103951e+03,7.812765e+02,7.636485e+02
113.4000,1.455562e+03,9.781976e+02,9.939672e+02,1.114455e+03,7.885365e+02,7.707327e+02
113.4200,1.470326e+03,9.878893e+02,1.003825e+03,1.125586e+03,7.962364e+02,7.782466e+02
113.4400,1.485952e+03,9.981540e+02,1.014266e+03,1.137374e+03,8.043952e+02,7.862087e+02
113.4600,1.502477e+03,1.009017e+03,1.025315e+03,1.149845e+03,8.130333e+02,7.946387e+02
113.4800,1.519943e+03,1.020507e+03,1.037001e+03,1.163033e+03,8.221726e+02,8.035584e+02
113.5000,1.538396e+03,1.032653e+03,1.049354e+03,1.176972e+03,8.318370e+02,8.129909e+02
113.5200,1.557884e+03,1.045487e+03,1.062406e+03,1.191697e+03,8.420523e+02,8.229612e+02
113.5400,1.578459e+03,1.059044e+03,1.076194e+03,1.207249e+03,8.528460e+02,8.334966e+02
113.5600,1.600178e+03,1.073361e+03,1.090754e+03,1.223671e+03,8.642482e+02,8.446262e+02
113.5800,1.623101e+03,1.088479e+03,1.106129e+03,1.241009e+03,8.762913e+02,8.563817e+02
113.6000,1.647295e+03,1.104442e+03,1.122362e+03,1.259313e+03,8.890104e+02,8.687973e+02
113.6200,1.672832e+03,1.121297e+03,1.139503e+03,1.278638e+03,9.024434e+02,8.819102e+02
113.6400,1.699789e+03,1.139097e+03,1.157603e+03,1.299042e+03,9.166316e+02,8.957604e+02
113.6600,1.728250e+03,1.157895e+03,1.176720e+03,1.320590e+03,9.316194e+02,9.103916e+02
113.6800,1.758306e+03,1.177754e+03,1.196914e+03,1.343350e+03,9.474553e+02,9.258511e+02
113.7000,1.790057e+03,1.198739e+03,1.218253e+03,1.367399e+03,9.641920e+02,9.421902e+02
113.7200,1.823610e+03,1.220921e+03,1.240809e+03,1.392818e+03,9.818867e+02,9.594648e+02
113.7400,1.859083e+03,1.244379e+03,1.264663e+03,1.419696e+03,1.000602e+03,9.777359e+02
113.7600,1.896604e+03,1.269198e+03,1.289899e+03,1.448130e+03,1.020405e+03,9.970698e+02
113.7800,1.936313e+03,1.295470e+03,1.316613e+03,1.478228e+03,1.041371e+03,1.017539e+03
113.8000,1.978362e+03,1.323297e+03,1.344909e+03,1.510104e+03,1.063581e+03,1.039223e+03
113.8200,2.022920e+03,1.352790e+03,1.374897e+03,1.543886e+03,1.087123e+03,1.062208e+03
113.8400,2.070169e+03,1.384071e+03,1.406704e+03,1.579714e+03,1.112095e+03,1.086589e+03
113.8600,2.120311e+03,1.417273e+03,1.440464e+03,1.617740e+03,1.138604e+03,1.112471e+03
113.8800,2.173567e+03,1.452545e+03,1.476328e+03,1.658133e+03,1.166768e+03,1.139969e+03
113.9000,2.230183e+03,1.490047e+03,1.514460e+03,1.701079e+03,1.196716e+03,1.169210e+03
113.9200,2.290427e+03,1.529960e+03,1.555042e+03,1.746782e+03,1.228592e+03,1.200333e+03
113.9400,2.354598e+03,1.572481e+03,1.598275e+03,1.795470e+03,1.262553e+03,1.233493e+03
113.9600,2.423027e+03,1.617829e+03,1.644384e+03,1.847392e+03,1.298776e+03,1.268861e+03
113.9800,2.496080e+03,1.666249e+03,1.693615e+03,1.902829e+03,1.337456e+03,1.306628e+03
114.0000,2.574167e+03,1.718011e+03,1.746245e+03,1.962091e+03,1.378808e+03,1.347006e+03
114.0200,2.657742e+03,1.773419e+03,1.802581e+03,2.025523e+03,1.423076e+03,1.390230e+03
114.0400,2.747316e+03,1.832811e+03,1.862967e+03,2.093513e+03,1.470530e+03,1.436566e+03
114.0600,2.843459e+03,1.896566e+03,1.927789e+03,2.166496e+03,1.521473e+03,1.486309e+03
114.0800,2.946815e+03,1.965110e+03,1.997480e+03,2.244958e+03,1.576247e+03,1.539792e+03
114.1000,3.058106e+03,2.038925e+03,2.072529e+03,2.329451e+03,1.635235e+03,1.597391e+03
114.1200,3.178150e+03,2.118552e+03,2.153489e+03,2.420594e+03,1.698872e+03,1.659529e+03
114.1400,3.307874e+03,2.204609e+03,2.240984e+03,2.519093e+03,1.767650e+03,1.726689e+03
114.1600,3.448334e+03,2.297794e+03,2.335727e+03,2.625749e+03,1.842129e+03,1.799415e+03
114.1800,3.600731e+03,2.398908e+03,2.438531e+03,2.741477e+03,1.922948e+03,1.878333e+03
114.2000,3.766445e+03,2.508864e+03,2.550325e+03,2.867322e+03,2.010839e+03,1.964156e+03
114.2200,3.947059e+03,2.628716e+03,2.672179e+03,3.004489e+03,2.106644e+03,2.057707e+03
114.2400,4.144401e+03,2.759677e+03,2.805328e+03,3.154367e+03,2.211332e+03,2.159934e+03
114.2600,4.360588e+03,2.903153e+03,2.951201e+03,3.318565e+03,2.326029e+03,2.271934e+03
114.2800,4.598088e+03,3.060782e+03,3.111462e+03,3.498956e+03,2.452043e+03,2.394986e+03
114.3000,4.859782e+03,3.234479e+03,3.288059e+03,3.697731e+03,2.590907e+03,2.530585e+03
114.3200,5.149059e+03,3.426493e+03,3.483279e+03,3.917465e+03,2.744420e+03,2.680490e+03
114.3400,5.469923e+03,3.639484e+03,3.699826e+03,4.161201e+03,2.914707e+03,2.846776e+03
114.3600,5.827133e+03,3.876611e+03,3.940912e+03,4.432552e+03,3.104297e+03,3.031911e+03
114.3800,6.226376e+03,4.141653e+03,4.210377e+03,4.735843e+03,3.316209e+03,3.238844e+03
114.4000,6.674498e+03,4.439154e+03,4.512843e+03,5.076273e+03,3.554080e+03,3.471126e+03
114.4200,7.179792e+03,4.774623e+03,4.853911e+03,5.460146e+03,3.822313e+03,3.733058e+03
114.4400,7.752387e+03,5.154786e+03,5.240417e+03,5.895156e+03,4.126288e+03,4.029892e+03
114.4600,8.404748e+03,5.587921e+03,5.680778e+03,6.390776e+03,4.472624e+03,4.368094e+03
114.4800,9.152355e+03,6.084307e+03,6.185447e+03,6.958767e+03,4.869543e+03,4.755691e+03
114.5000,1.001462e+04,6.656834e+03,6.767525e+03,7.613877e+03,5.327351e+03,5.202747e+03
114.5200,1.101611e+04,7.321829e+03,7.443614e+03,8.374787e+03,5.859105e+03,5.722014e+03
114.5400,1.218836e+04,8.100212e+03,8.234981e+03,9.265433e+03,6.481536e+03,6.329829e+03
114.5600,1.357221e+04,9.019126e+03,9.169223e+03,1.031687e+04,7.216349e+03,7.047388e+03
114.5800,1.522144e+04,1.011427e+04,1.028264e+04,1.156995e+04,8.092095e+03,7.902571e+03
114.6000,1.720784e+04,1.143333e+04,1.162369e+04,1.307923e+04,9.146903e+03,8.932613e+03
114.6200,1.962891e+04,1.304105e+04,1.325823e+04,1.491879e+04,1.043256e+04,1.018808e+04
114.6400,2.261960e+04,1.502705e+04,1.527736e+04,1.719117e+04,1.202072e+04,1.173896e+04
114.6600,2.637081e+04,1.751811e+04,1.780996e+04,2.004142e+04,1.401278e+04,1.368425e+04
114.6800,3.116090e+04,2.069909e+04,2.104399e+04,2.368107e+04,1.655656e+04,1.616831e+04
114.7000,3.742175e+04,2.485678e+04,2.527101e+04,2.843825e+04,1.988142e+04,1.941512e+04
114.7200,4.593155e+04,3.050799e+04,3.101647e+04,3.490429e+04,2.440065e+04,2.382825e+04
114.7400,5.848430e+04,3.884409e+04,3.949159e+04,4.444233e+04,3.106700e+04,3.033810e+04
114.7600,7.996567e+04,5.310964e+04,5.399504e+04,6.076473e+04,4.247512e+04,4.147841e+04
114.7800,1.230536e+05,8.172401e+04,8.308659e+04,9.350475e+04,6.535799e+04,6.382410e+04
114.8000,2.141328e+05,1.422091e+05,1.445803e+05,1.627106e+05,1.137279e+05,1.110585e+05
114.8200,3.912881e+05,2.598567e+05,2.641899e+05,2.973207e+05,2.078107e+05,2.029327e+05
114.8400,6.805343e+05,4.519433e+05,4.594797e+05,5.171023e+05,3.614224e+05,3.529383e+05
114.8600,1.050027e+06,6.973208e+05,7.089492e+05,7.978584e+05,5.576508e+05,5.445602e+05
114.8800,1.360440e+06,9.034641e+05,9.185302e+05,1.033723e+06,7.225036e+05,7.055431e+05
114.9000,1.392399e+06,9.246883e+05,9.401083e+05,1.058008e+06,7.394766e+05,7.221176e+05
114.9200,1.116899e+06,7.417302e+05,7.540992e+05,8.486708e+05,5.931649e+05,5.792406e+05
114.9400,7.440201e+05,4.941033e+05,5.023428e+05,5.653411e+05,3.951375e+05,3.858619e+05
114.9600,4.353322e+05,2.891054e+05,2.939264e+05,3.307867e+05,2.312006e+05,2.257734e+05
114.9800,2.387821e+05,1.585775e+05,1.612218e+05,1.814394e+05,1.268173e+05,1.238406e+05
115.0000,1.350457e+05,8.968666e+04,9.118207e+04,1.026159e+05,7.172521e+04,7.004179e+04
115.0200,8.568057e+04,5.690348e+04,5.785221e+04,6.510609e+04,4.550845e+04,4.444046e+04
115.0400,6.156170e+04,4.088617e+04,4.156779e+04,4.677945e+04,3.269935e+04,3.193205e+04
115.0600,4.790982e+04,3.181993e+04,3.235037e+04,3.640608e+04,2.544902e+04,2.485192e+04
115.0800,3.886032e+04,2.581010e+04,2.624032e+04,2.952979e+04,2.064290e+04,2.015862e+04
115.1000,3.227554e+04,2.143707e+04,2.179437e+04,2.452630e+04,1.714574e+04,1.674355e+04
115.1200,2.726721e+04,1.811094e+04,1.841278e+04,2.072066e+04,1.448578e+04,1.414603e+04
115.1400,2.336178e+04,1.551726e+04,1.577584e+04,1.775306e+04,1.241156e+04,1.212050e+04
115.1600,2.025971e+04,1.345707e+04,1.368130e+04,1.539588e+04,1.076397e+04,1.051158e+04
115.1800,1.775711e+04,1.179499e+04,1.199151e+04,1.349420e+04,9.434748e+03,9.213557e+03
115.2000,1.571055e+04,1.043575e+04,1.060961e+04,1.193904e+04,8.347713e+03,8.152036e+03
115.2200,1.401675e+04,9.310781e+03,9.465889e+03,1.065192e+04,7.448020e+03,7.273457e+03
115.2400,1.259991e+04,8.369745e+03,8.509165e+03,9.575255e+03,6.695417e+03,6.538516e+03
115.2600,1.140347e+04,7.575065e+03,7.701237e+03,8.666046e+03,6.059855e+03,5.917868e+03
115.2800,1.038451e+04,6.898249e+03,7.013140e+03,7.891696e+03,5.518548e+03,5.389262e+03
115.3000,9.510042e+03,6.317390e+03,6.422601e+03,7.227138e+03,5.053978e+03,4.935592e+03
115.3200,8.754387e+03,5.815430e+03,5.912275e+03,6.652856e+03,4.652502e+03,4.543535e+03
115.3400,8.097305e+03,5.378932e+03,5.468503e+03,6.153474e+03,4.303374e+03,4.202597e+03
115.3600,7.522689e+03,4.997196e+03,5.080407e+03,5.716751e+03,3.998040e+03,3.904424e+03
115.3800,7.017590e+03,4.661623e+03,4.739244e+03,5.332848e+03,3.729622e+03,3.642301e+03
115.4000,6.571506e+03,4.365241e+03,4.437925e+03,4.993786e+03,3.492543e+03,3.410781e+03
115.4200,6.175850e+03,4.102344e+03,4.170650e+03,4.693039e+03,3.282242e+03,3.205410e+03
115.4400,5.823545e+03,3.868236e+03,3.932644e+03,4.425232e+03,3.094962e+03,3.022520e+03
115.4600,5.508722e+03,3.659016e+03,3.719941e+03,4.185902e+03,2.927584e+03,2.859065e+03
115.4800,5.226477e+03,3.471429e+03,3.529232e+03,3.971325e+03,2.777505e+03,2.712502e+03
115.5000,4.972689e+03,3.302738e+03,3.357734e+03,3.778370e+03,2.642536e+03,2.580695e+03
115.5200,4.743878e+03,3.150630e+03,3.203096e+03,3.604390e+03,2.520829e+03,2.461837e+03
115.5400,4.537084e+03,3.013143e+03,3.063322e+03,3.447139e+03,2.410811e+03,2.354395e+03
115.5600,4.349784e+03,2.888598e+03,2.936707e+03,3.304697e+03,2.311142e+03,2.257059e+03
115.5800,4.179811e+03,2.775557e+03,2.821787e+03,3.175419e+03,2.220672e+03,2.168705e+03
115.6000,4.025300e+03,2.672781e+03,2.717304e+03,3.057887e+03,2.138410e+03,2.088366e+03
115.6200,3.884637e+03,2.579198e+03,2.622168e+03,2.950875e+03,2.063498e+03,2.015206e+03
115.6400,3.756421e+03,2.493879e+03,2.535433e+03,2.853319e+03,1.995194e+03,1.948496e+03
115.6600,3.639432e+03,2.416012e+03,2.456275e+03,2.764292e+03,1.932847e+03,1.887606e+03
115.6800,3.532603e+03,2.344890e+03,2.383974e+03,2.682982e+03,1.875892e+03,1.831980e+03
115.7000,3.435000e+03,2.279890e+03,2.317897e+03,2.608679e+03,1.823833e+03,1.781134e+03
115.7200,3.345800e+03,2.220467e+03,2.257491e+03,2.540758e+03,1.776231e+03,1.734642e+03
115.7400,3.264278e+03,2.166139e+03,2.202265e+03,2.478669e+03,1.732703e+03,1.692127e+03
115.7600,3.189793e+03,2.116481e+03,2.151787e+03,2.421924e+03,1.692907e+03,1.653257e+03
115.7800,3.121780e+03,2.071117e+03,2.105674e+03,2.370092e+03,1.656543e+03,1.617737e+03
115.8000,3.059734e+03,2.029711e+03,2.063586e+03,2.322792e+03,1.623343e+03,1.585307e+03
115.8200,3.003208e+03,1.991966e+03,2.025221e+03,2.279683e+03,1.593069e+03,1.555735e+03
115.8400,2.951804e+03,1.957619e+03,1.990309e+03,2.240463e+03,1.565511e+03,1.528814e+03
115.8600,2.905169e+03,1.926434e+03,1.958612e+03,2.204862e+03,1.540478e+03,1.504359e+03
115.8800,2.862984e+03,1.898199e+03,1.929916e+03,2.172640e+03,1.517803e+03,1.482206e+03
115.9000,2.824969e+03,1.872729e+03,1.904030e+03,2.143581e+03,1.497336e+03,1.462210e+03
115.9200,2.790872e+03,1.849854e+03,1.880784e+03,2.117495e+03,1.478943e+03,1.444238e+03
115.9400,2.760467e+03,1.829426e+03,1.860025e+03,2.094211e+03,1.462505e+03,1.428175e+03
115.9600,2.733554e+03,1.811312e+03,1.841618e+03,2.073575e+03,1.447914e+03,1.413916e+03
115.9800,2.709955e+03,1.795392e+03,1.825443e+03,2.055453e+03,1.435075e+03,1.401367e+03
116.0000,2.689510e+03,1.781561e+03,1.811392e+03,2.039724e+03,1.423904e+03,1.390447e+03
116.0200,2.672081e+03,1.769726e+03,1.799370e+03,2.026279e+03,1.414326e+03,1.381082e+03
116.0400,2.657541e+03,1.759803e+03,1.789292e+03,2.015026e+03,1.406274e+03,1.373207e+03
116.0600,2.645782e+03,1.751719e+03,1.781085e+03,2.005880e+03,1.399690e+03,1.366766e+03
116.0800,2.636709e+03,1.745412e+03,1.774684e+03,1.998769e+03,1.394524e+03,1.361708e+03
116.1000,2.630239e+03,1.740825e+03,1.770033e+03,1.993630e+03,1.390730e+03,1.357990e+03
116.1200,2.626301e+03,1.737912e+03,1.767083e+03,1.990409e+03,1.388272e+03,1.355576e+03
116.1400,2.624837e+03,1.736633e+03,1.765796e+03,1.989061e+03,1.387116e+03,1.354433e+03
116.1600,2.625797e+03,1.736956e+03,1.766136e+03,1.989548e+03,1.387237e+03,1.354537e+03
116.1800,2.629143e+03,1.738853e+03,1.768079e+03,1.991841e+03,1.388613e+03,1.355867e+03
116.2000,2.634846e+03,1.742306e+03,1.771602e+03,1.995917e+03,1.391229e+03,1.358406e+03
116.2200,2.642885e+03,1.747300e+03,1.776694e+03,2.001760e+03,1.395073e+03,1.362145e+03
116.2400,2.653250e+03,1.753827e+03,1.783345e+03,2.009363e+03,1.400139e+03,1.367076e+03
116.2600,2.665939e+03,1.761887e+03,1.791554e+03,2.018722e+03,1.406425e+03,1.373198e+03
116.2800,2.680958e+03,1.771482e+03,1.801324e+03,2.029843e+03,1.413934e+03,1.380513e+03
116.3000,2.698322e+03,1.782622e+03,1.812666e+03,2.042735e+03,1.422673e+03,1.389029e+03
116.3200,2.718054e+03,1.795321e+03,1.825594e+03,2.057418e+03,1.432653e+03,1.398758e+03
116.3400,2.740188e+03,1.809601e+03,1.840129e+03,2.073914e+03,1.443892e+03,1.409714e+03
116.3600,2.764764e+03,1.825489e+03,1.856300e+03,2.092255e+03,1.456410e+03,1.421918e+03
116.3800,2.791833e+03,1.843017e+03,1.874138e+03,2.112478e+03,1.470232e+03,1.435396e+03
116.4000,2.821454e+03,1.862223e+03,1.893684e+03,2.134628e+03,1.485390e+03,1.450177e+03
116.4200,2.853698e+03,1.883154e+03,1.914983e+03,2.158758e+03,1.501920e+03,1.466297e+03
116.4400,2.888645e+03,1.905861e+03,1.938090e+03,2.184926e+03,1.519862e+03,1.483796e+03
116.4600,2.926384e+03,1.930404e+03,1.963063e+03,2.213203e+03,1.539264e+03,1.502719e+03
116.4800,2.967019e+03,1.956849e+03,1.989971e+03,2.243663e+03,1.560178e+03,1.523118e+03
116.5000,3.010664e+03,1.985272e+03,2.018891e+03,2.276395e+03,1.582664e+03,1.545051e+03
116.5200,3.057448e+03,2.015756e+03,2.049907e+03,2.311493e+03,1.606789e+03,1.568583e+03
116.5400,3.107512e+03,2.048394e+03,2.083114e+03,2.349066e+03,1.632626e+03,1.593786e+03
116.5600,3.161015e+03,2.083289e+03,2.118618e+03,2.389231e+03,1.660257e+03,1.620740e+03
116.5800,3.218130e+03,2.120556e+03,2.156533e+03,2.432119e+03,1.689772e+03,1.649533e+03
116.6000,3.279052e+03,2.160321e+03,2.196990e+03,2.477877e+03,1.721273e+03,1.680263e+03
116.6200,3.343992e+03,2.202724e+03,2.240129e+03,2.526665e+03,1.754868e+03,1.713038e+03
116.6400,3.413187e+03,2.247918e+03,2.286107e+03,2.578659e+03,1.790682e+03,1.747976e+03
116.6600,3.486896e+03,2.296073e+03,2.335098e+03,2.634056e+03,1.828848e+03,1.785211e+03
116.6800,3.565406e+03,2.347379e+03,2.387293e+03,2.693070e+03,1.869517e+03,1.824888e+03
116.7000,3.649035e+03,2.402042e+03,2.442903e+03,2.755942e+03,1.912853e+03,1.867167e+03
116.7200,3.738133e+03,2.460292e+03,2.502162e+03,2.822936e+03,1.959038e+03,1.912227e+03
116.7400,3.833088e+03,2.522384e+03,2.565329e+03,2.894343e+03,2.008274e+03,1.960264e+03
116.7600,3.934332e+03,2.588600e+03,2.632692e+03,2.970488e+03,2.060786e+03,2.011498e+03
116.7800,4.042343e+03,2.659254e+03,2.704568e+03,3.051733e+03,2.116823e+03,2.066172e+03
116.8000,4.157653e+03,2.734695e+03,2.781313e+03,3.138476e+03,2.176662e+03,2.124554e+03
116.8200,4.280856e+03,2.815311e+03,2.863322e+03,3.231166e+03,2.240610e+03,2.186948e+03
116.8400,4.412614e+03,2.901537e+03,2.951038e+03,3.330302e+03,2.309014e+03,2.253689e+03
116.8600,4.553669e+03,2.993858e+03,3.044955e+03,3.436441e+03,2.382260e+03,2.325155e+03
116.8800,4.704853e+03,3.092822e+03,3.145627e+03,3.550212e+03,2.460779e+03,2.401767e+03
116.9000,4.867103e+03,3.199041e+03,3.253680e+03,3.672319e+03,2.545061e+03,2.484002e+03
116.9200,5.041475e+03,3.313209e+03,3.369818e+03,3.803559e+03,2.635655e+03,2.572396e+03
116.9400,5.229167e+03,3.436109e+03,3.494839e+03,3.944833e+03,2.733184e+03,2.667557e+03
116.9600,5.431536e+03,3.568632e+03,3.629649e+03,4.097165e+03,2.838355e+03,2.770176e+03
116.9800,5.650130e+03,3.711793e+03,3.775279e+03,4.261719e+03,2.951973e+03,2.881037e+03
117.0000,5.886718e+03,3.866752e+03,3.932910e+03,4.439828e+03,3.074961e+03,3.001041e+03
117.0200,6.143332e+03,4.034841e+03,4.103897e+03,4.633024e+03,3.208375e+03,3.131220e+03
117.0400,6.422313e+03,4.217595e+03,4.289801e+03,4.843071e+03,3.353436e+03,3.272762e+03
117.0600,6.726374e+03,4.416792e+03,4.492431e+03,5.072010e+03,3.511554e+03,3.427047e+03
117.0800,7.058667e+03,4.634500e+03,4.713891e+03,5.322220e+03,3.684373e+03,3.595676e+03
117.1000,7.422883e+03,4.873138e+03,4.956641e+03,5.596477e+03,3.873813e+03,3.780525e+03
117.1200,7.823356e+03,5.135549e+03,5.223573e+03,5.898050e+03,4.082132e+03,3.983795e+03
117.1400,8.265212e+03,5.425094e+03,5.518105e+03,6.230799e+03,4.312000e+03,4.208093e+03
117.1600,8.754550e+03,5.745771e+03,5.844304e+03,6.599319e+03,4.566591e+03,4.456515e+03
117.1800,9.298670e+03,6.102368e+03,6.207042e+03,7.009111e+03,4.849708e+03,4.732774e+03
117.2000,9.906379e+03,6.500660e+03,6.612192e+03,7.466809e+03,5.165938e+03,5.041344e+03
117.2200,1.058838e+04,6.947664e+03,7.066891e+03,7.980477e+03,5.520853e+03,5.387664e+03
117.2400,1.135778e+04,7.451979e+03,7.579887e+03,8.559993e+03,5.921283e+03,5.778396e+03
117.2600,1.223079e+04,8.024234e+03,8.161992e+03,9.217571e+03,6.375670e+03,6.221781e+03
117.2800,1.322766e+04,8.677702e+03,8.826706e+03,9.968458e+03,6.894554e+03,6.728102e+03
117.3000,1.437390e+04,9.429123e+03,9.591058e+03,1.083189e+04,7.491232e+03,7.310336e+03
117.3200,1.570211e+04,1.029987e+04,1.047678e+04,1.183242e+04,8.182674e+03,7.985040e+03
117.3400,1.725438e+04,1.131754e+04,1.151197e+04,1.300176e+04,8.990811e+03,8.773618e+03
117.3600,1.908591e+04,1.251834e+04,1.273342e+04,1.438150e+04,9.944385e+03,9.704113e+03
117.3800,2.127011e+04,1.395041e+04,1.419013e+04,1.602696e+04,1.108164e+04,1.081384e+04
117.4000,2.390635e+04,1.567892e+04,1.594837e+04,1.801302e+04,1.245433e+04,1.215332e+04
117.4200,2.713169e+04,1.779375e+04,1.809958e+04,2.044292e+04,1.413384e+04,1.379219e+04
117.4400,3.113932e+04,2.042160e+04,2.077262e+04,2.346225e+04,1.622080e+04,1.582866e+04
117.4600,3.620972e+04,2.374641e+04,2.415460e+04,2.728232e+04,1.886131e+04,1.840529e+04
117.4800,4.277446e+04,2.805120e+04,2.853342e+04,3.222833e+04,2.228016e+04,2.174142e+04
117.5000,5.159824e+04,3.383749e+04,3.441920e+04,3.887645e+04,2.687565e+04,2.622575e+04
117.5200,6.440919e+04,4.223860e+04,4.296477e+04,4.852879e+04,3.354795e+04,3.273665e+04
117.5400,8.588549e+04,5.632258e+04,5.729089e+04,6.471024e+04,4.473380e+04,4.365194e+04
117.5600,1.282908e+05,8.413215e+04,8.557857e+04,9.666117e+04,6.682110e+04,6.520503e+04
117.5800,2.176916e+05,1.427623e+05,1.452166e+05,1.640222e+05,1.133874e+05,1.106451e+05
117.6000,3.930171e+05,2.577434e+05,2.621745e+05,2.961255e+05,2.047102e+05,1.997591e+05
117.6200,6.835033e+05,4.482491e+05,4.559553e+05,5.149996e+05,3.560178e+05,3.474073e+05
117.6400,1.062612e+06,6.968750e+05,7.088554e+05,8.006487e+05,5.534870e+05,5.401006e+05
117.6600,1.396022e+06,9.155311e+05,9.312706e+05,1.051865e+06,7.271529e+05,7.095662e+05
117.6800,1.456582e+06,9.552462e+05,9.716684e+05,1.097495e+06,7.586959e+05,7.403463e+05
117.7000,1.190084e+06,7.804708e+05,7.938885e+05,8.966941e+05,6.198811e+05,6.048888e+05
117.7200,8.059389e+05,5.285394e+05,5.376261e+05,6.072480e+05,4.197856e+05,4.096326e+05
117.7400,4.801670e+05,3.148904e+05,3.203042e+05,3.617850e+05,2.500955e+05,2.440464e+05
117.7600,2.696518e+05,1.768288e+05,1.798693e+05,2.031653e+05,1.404402e+05,1.370432e+05
117.7800,1.577984e+05,1.034713e+05,1.052507e+05,1.188848e+05,8.217570e+04,8.018770e+04
117.8000,1.050619e+05,6.888366e+04,7.006853e+04,7.914752e+04,5.470378e+04,5.338011e+04
117.8200,8.026439e+04,5.261862e+04,5.352398e+04,6.046135e+04,4.178436e+04,4.077305e+04
117.8400,6.722537e+04,4.406471e+04,4.482312e+04,5.063468e+04,3.498930e+04,3.414221e+04
117.8600,5.946827e+04,3.897435e+04,3.964538e+04,4.478748e+04,3.094497e+04,3.019556e+04
117.8800,5.467731e+04,3.582873e+04,3.644583e+04,4.117482e+04,2.844502e+04,2.775591e+04
117.9000,5.195986e+04,3.404232e+04,3.462889e+04,3.912400e+04,2.702434e+04,2.636939e+04
117.9200,5.091126e+04,3.334957e+04,3.392443e+04,3.833000e+04,2.647193e+04,2.583012e+04
117.9400,5.135261e+04,3.363292e+04,3.421291e+04,3.865785e+04,2.669435e+04,2.604688e+04
117.9600,5.325983e+04,3.487630e+04,3.547796e+04,4.008918e+04,2.767868e+04,2.700707e+04
117.9800,5.675036e+04,3.715627e+04,3.779750e+04,4.271213e+04,2.948555e+04,2.876983e+04
118.0000,6.210226e+04,4.065457e+04,4.135642e+04,4.673574e+04,3.225905e+04,3.147573e+04
118.0200,6.981803e+04,4.569984e+04,4.648904e+04,5.253792e+04,3.625978e+04,3.537904e+04
118.0400,8.081521e+04,5.289226e+04,5.380592e+04,6.080883e+04,4.196377e+04,4.094419e+04
118.0600,9.709220e+04,6.353917e+04,6.463701e+04,7.305169e+04,5.040795e+04,4.918289e+04
118.0800,1.239592e+05,8.111462e+04,8.251643e+04,9.326110e+04,6.434790e+04,6.278370e+04
118.1000,1.758574e+05,1.150664e+05,1.170554e+05,1.323004e+05,9.127752e+04,8.905825e+04
118.1200,2.860246e+05,1.871397e+05,1.903749e+05,2.151728e+05,1.484449e+05,1.448351e+05
118.1400,5.107149e+05,3.341376e+05,3.399146e+05,3.841955e+05,2.650420e+05,2.585961e+05
118.1600,9.061907e+05,5.928688e+05,6.031196e+05,6.816922e+05,4.702651e+05,4.588276e+05
118.1800,1.466207e+06,9.592474e+05,9.758333e+05,1.102965e+06,7.608734e+05,7.423675e+05
118.2000,2.039872e+06,1.334556e+06,1.357631e+06,1.534505e+06,1.058565e+06,1.032818e+06
118.2200,2.294420e+06,1.501088e+06,1.527043e+06,1.725989e+06,1.190656e+06,1.161697e+06
118.2400,2.009113e+06,1.314429e+06,1.337157e+06,1.511364e+06,1.042599e+06,1.017241e+06
118.2600,1.428349e+06,9.344742e+05,9.506319e+05,1.074482e+06,7.412212e+05,7.231930e+05
118.2800,8.766363e+05,5.735256e+05,5.834422e+05,6.594538e+05,4.549188e+05,4.438542e+05
118.3000,4.933519e+05,3.227675e+05,3.283484e+05,3.711260e+05,2.560186e+05,2.497918e+05
118.3200,2.783997e+05,1.821374e+05,1.852867e+05,2.094263e+05,1.444711e+05,1.409573e+05
118.3400,1.740729e+05,1.138817e+05,1.158508e+05,1.309447e+05,9.033028e+04,8.813327e+04
118.3600,1.253561e+05,8.200732e+04,8.342543e+04,9.429556e+04,6.504680e+04,6.346466e+04
118.3800,1.005545e+05,6.577865e+04,6.691627e+04,7.563642e+04,5.217317e+04,5.090402e+04
118.4000,8.617675e+04,5.636897e+04,5.734402e+04,6.481817e+04,4.470805e+04,4.362033e+04
118.4200,7.740625e+04,5.062692e+04,5.150285e+04,5.821735e+04,4.015171e+04,3.917463e+04
118.4400,7.261502e+04,4.748705e+04,4.830891e+04,5.460905e+04,3.765889e+04,3.674220e+04
118.4600,7.143969e+04,4.671095e+04,4.751968e+04,5.371937e+04,3.704020e+04,3.613823e+04
118.4800,7.470761e+04,4.883825e+04,4.968420e+04,5.616944e+04,3.872294e+04,3.777957e+04
118.5000,8.586449e+04,5.611873e+04,5.709133e+04,6.454780e+04,4.448967e+04,4.340520e+04
118.5200,1.142490e+05,7.465070e+04,7.594531e+04,8.587076e+04,5.917264e+04,5.772933e+04
118.5400,1.784802e+05,1.165931e+05,1.186162e+05,1.341274e+05,9.240663e+04,9.015141e+04
118.5600,3.029923e+05,1.979026e+05,2.013378e+05,2.276760e+05,1.568357e+05,1.530067e+05
118.5800,4.995211e+05,3.262430e+05,3.319070e+05,3.753341e+05,2.585329e+05,2.522198e+05
118.6000,7.361672e+05,4.807825e+05,4.891302e+05,5.531344e+05,3.809907e+05,3.716864e+05
118.6200,9.080702e+05,5.930418e+05,6.033390e+05,6.822907e+05,4.699452e+05,4.584682e+05
118.6400,8.819321e+05,5.759705e+05,5.859713e+05,6.626506e+05,4.564170e+05,4.452703e+05
118.6600,6.801924e+05,4.442227e+05,4.519357e+05,5.110740e+05,3.520179e+05,3.434211e+05
118.6800,4.433085e+05,2.895241e+05,2.945509e+05,3.330922e+05,2.294325e+05,2.238297e+05
118.7000,2.588141e+05,1.690387e+05,1.719732e+05,1.944729e+05,1.339580e+05,1.306871e+05
118.7200,1.460178e+05,9.537595e+04,9.703134e+04,1.097235e+05,7.558629e+04,7.374112e+04
118.7400,8.787334e+04,5.740365e+04,5.839968e+04,6.603634e+04,4.549618e+04,4.438591e+04
118.7600,6.007179e+04,3.924691e+04,3.992768e+04,4.514716e+04,3.110817e+04,3.034928e+04
118.7800,4.592111e+04,3.000494e+04,3.052526e+04,3.451450e+04,2.378436e+04,2.320432e+04
118.8000,3.744148e+04,2.446653e+04,2.489070e+04,2.814280e+04,1.939532e+04,1.892245e+04
118.8200,3.156246e+04,2.062651e+04,2.098403e+04,2.372508e+04,1.635213e+04,1.595356e+04
118.8400,2.715175e+04,1.774542e+04,1.805294e+04,2.041062e+04,1.406883e+04,1.372600e+04
118.8600,2.371328e+04,1.549930e+04,1.576784e+04,1.782667e+04,1.228871e+04,1.198933e+04
118.8800,2.096910e+04,1.370663e+04,1.394406e+04,1.576440e+04,1.086793e+04,1.060322e+04
118.9000,1.873878e+04,1.224957e+04,1.246172e+04,1.408824e+04,9.713102e+03,9.476576e+03
118.9200,1.689782e+04,1.104682e+04,1.123810e+04,1.270466e+04,8.759804e+03,8.546540e+03
118.9400,1.535765e+04,1.004052e+04,1.021436e+04,1.154709e+04,7.962198e+03,7.768393e+03
118.9600,1.405383e+04,9.188609e+03,9.347667e+03,1.056713e+04,7.286932e+03,7.109600e+03
118.9800,1.293857e+04,8.459852e+03,8.606273e+03,9.728851e+03,6.709269e+03,6.546027e+03
119.0000,1.197578e+04,7.830691e+03,7.966203e+03,9.005151e+03,6.210535e+03,6.059456e+03
119.0200,1.113782e+04,7.283062e+03,7.409080e+03,8.375247e+03,5.776416e+03,5.635923e+03
119.0400,1.040316e+04,6.802917e+03,6.920613e+03,7.822978e+03,5.395780e+03,5.264567e+03
119.0600,9.754877e+03,6.379191e+03,6.489544e+03,7.335615e+03,5.059858e+03,4.936833e+03
119.0800,9.179463e+03,6.003067e+03,6.106903e+03,6.903013e+03,4.761662e+03,4.645905e+03
119.1000,8.666044e+03,5.667442e+03,5.765464e+03,6.517000e+03,4.495563e+03,4.386290e+03
119.1200,8.205775e+03,5.366537e+03,5.459347e+03,6.170929e+03,4.256981e+03,4.153521e+03
119.1400,7.791395e+03,5.095610e+03,5.183728e+03,5.859345e+03,4.042158e+03,3.943931e+03
119.1600,7.416896e+03,4.850736e+03,4.934614e+03,5.577731e+03,3.847984e+03,3.754485e+03
119.1800,7.077266e+03,4.628641e+03,4.708675e+03,5.322321e+03,3.671863e+03,3.582653e+03
119.2000,6.768298e+03,4.426576e+03,4.503113e+03,5.089954e+03,3.511618e+03,3.426308e+03
119.2200,6.486433e+03,4.242218e+03,4.315565e+03,4.877957e+03,3.365406e+03,3.283655e+03
119.2400,6.228649e+03,4.073590e+03,4.144021e+03,4.684056e+03,3.231662e+03,3.153165e+03
119.2600,5.992360e+03,3.919004e+03,3.986762e+03,4.506308e+03,3.109046e+03,3.033531e+03
119.2800,5.775342e+03,3.777008e+03,3.842311e+03,4.343043e+03,2.996408e+03,2.923632e+03
119.3000,5.575678e+03,3.646347e+03,3.709393e+03,4.192819e+03,2.892755e+03,2.822498e+03
119.3200,5.391703e+03,3.525936e+03,3.586901e+03,4.054385e+03,2.797223e+03,2.729289e+03
119.3400,5.221971e+03,3.414827e+03,3.473874e+03,3.926654e+03,2.709065e+03,2.643272e+03
119.3600,5.065215e+03,3.312195e+03,3.369470e+03,3.808674e+03,2.627624e+03,2.563808e+03
119.3800,4.920328e+03,3.217314e+03,3.272952e+03,3.699611e+03,2.552325e+03,2.490337e+03
119.4000,4.786334e+03,3.129547e+03,3.183672e+03,3.598734e+03,2.482665e+03,2.422366e+03
119.4200,4.662376e+03,3.048334e+03,3.101060e+03,3.505397e+03,2.418197e+03,2.359461e+03
119.4400,4.547694e+03,2.973179e+03,3.024610e+03,3.419029e+03,2.358530e+03,2.301240e+03
119.4600,4.441620e+03,2.903644e+03,2.953879e+03,3.339128e+03,2.303316e+03,2.247362e+03
119.4800,4.343559e+03,2.839340e+03,2.888469e+03,3.265246e+03,2.252246e+03,2.197528e+03
119.5000,4.252986e+03,2.779924e+03,2.828033e+03,3.196989e+03,2.205049e+03,2.151472e+03
119.5200,4.169434e+03,2.725091e+03,2.772259e+03,3.134005e+03,2.161482e+03,2.108957e+03
119.5400,4.092491e+03,2.674571e+03,2.720872e+03,3.075984e+03,2.121332e+03,2.069775e+03
119.5600,4.021792e+03,2.628125e+03,2.673631e+03,3.022651e+03,2.084408e+03,2.033740e+03
119.5800,3.957013e+03,2.585541e+03,2.630319e+03,2.973764e+03,2.050543e+03,2.000690e+03
119.6000,3.897871e+03,2.546634e+03,2.590748e+03,2.929108e+03,2.019589e+03,1.970480e+03
119.6200,3.844119e+03,2.511241e+03,2.554752e+03,2.888498e+03,1.991418e+03,1.942984e+03
119.6400,3.795539e+03,2.479220e+03,2.522187e+03,2.851770e+03,1.965917e+03,1.918092e+03
119.6600,3.751947e+03,2.450450e+03,2.492930e+03,2.818783e+03,1.942988e+03,1.895710e+03
119.6800,3.713183e+03,2.424826e+03,2.466873e+03,2.789420e+03,1.922550e+03,1.875757e+03
119.7000,3.679116e+03,2.402261e+03,2.443930e+03,2.763579e+03,1.904533e+03,1.858166e+03
119.7200,3.649639e+03,2.382686e+03,2.424028e+03,2.741180e+03,1.888881e+03,1.842881e+03
119.7400,3.624669e+03,2.366044e+03,2.407111e+03,2.722160e+03,1.875549e+03,1.829861e+03
119.7600,3.604145e+03,2.352296e+03,2.393139e+03,2.706474e+03,1.864507e+03,1.819072e+03
119.7800,3.588031e+03,2.341417e+03,2.382085e+03,2.694092e+03,1.855732e+03,1.810496e+03
119.8000,3.576311e+03,2.333395e+03,2.373939e+03,2.685001e+03,1.849217e+03,1.804124e+03
119.8200,3.568992e+03,2.328235e+03,2.368705e+03,2.679208e+03,1.844964e+03,1.799958e+03
119.8400,3.566104e+03,2.325954e+03,2.366401e+03,2.676734e+03,1.842987e+03,1.798011e+03
119.8600,3.567701e+03,2.326587e+03,2.367061e+03,2.677616e+03,1.843311e+03,1.798309e+03
119.8800,3.573859e+03,2.330182e+03,2.370736e+03,2.681913e+03,1.845976e+03,1.800890e+03
119.9000,3.584680e+03,2.336804e+03,2.377492e+03,2.689700e+03,1.851032e+03,1.805803e+03
119.9200,3.600294e+03,2.346537e+03,2.387412e+03,2.701073e+03,1.858545e+03,1.813111e+03
119.9400,3.620857e+03,2.359480e+03,2.400600e+03,2.716148e+03,1.868592e+03,1.822892e+03
119.9600,3.646556e+03,2.375755e+03,2.417178e+03,2.735064e+03,1.881270e+03,1.835237e+03
119.9800,3.677612e+03,2.395503e+03,2.437291e+03,2.757985e+03,1.896689e+03,1.850256e+03
120.0000,3.714281e+03,2.418889e+03,2.461106e+03,2.785103e+03,1.914979e+03,1.868075e+03
120.0200,3.756859e+03,2.446105e+03,2.488819e+03,2.816638e+03,1.936291e+03,1.888840e+03
120.0400,3.805686e+03,2.477369e+03,2.520651e+03,2.852842e+03,1.960798e+03,1.912720e+03
120.0600,3.861150e+03,2.512932e+03,2.556859e+03,2.894007e+03,1.988696e+03,1.939907e+03
120.0800,3.923695e+03,2.553081e+03,2.597734e+03,2.940462e+03,2.020211e+03,1.970621e+03
120.1000,3.993827e+03,2.598142e+03,2.643607e+03,2.992583e+03,2.055600e+03,2.005113e+03
120.1200,4.072121e+03,2.648486e+03,2.694858e+03,3.050801e+03,2.095155e+03,2.043668e+03
120.1400,4.159230e+03,2.704536e+03,2.751916e+03,3.115604e+03,2.139210e+03,2.086610e+03
120.1600,4.255901e+03,2.766774e+03,2.815271e+03,3.187546e+03,2.188145e+03,2.134309e+03
120.1800,4.362984e+03,2.835749e+03,2.885483e+03,3.267263e+03,2.242391e+03,2.187187e+03
120.2000,4.481448e+03,2.912088e+03,2.963189e+03,3.355479e+03,2.302442e+03,2.245726e+03
120.2200,4.612404e+03,2.996508e+03,3.049120e+03,3.453020e+03,2.368864e+03,2.310477e+03
120.2400,4.757124e+03,3.089830e+03,3.144112e+03,3.560836e+03,2.442304e+03,2.382070e+03
120.2600,4.917069e+03,3.193000e+03,3.249126e+03,3.680019e+03,2.523506e+03,2.461232e+03
120.2800,5.093925e+03,3.307108e+03,3.365271e+03,3.811824e+03,2.613329e+03,2.548800e+03
120.3000,5.289639e+03,3.433411e+03,3.493830e+03,3.957707e+03,2.712766e+03,2.645741e+03
120.3200,5.506475e+03,3.573372e+03,3.636289e+03,4.119354e+03,2.822967e+03,2.753177e+03
120.3400,5.747065e+03,3.728694e+03,3.794382e+03,4.298731e+03,2.945274e+03,2.872417e+03
120.3600,6.014493e+03,3.901370e+03,3.970136e+03,4.498138e+03,3.081258e+03,3.004993e+03
120.3800,6.312381e+03,4.093740e+03,4.165935e+03,4.720280e+03,3.232764e+03,3.152702e+03
120.4000,6.645008e+03,4.308571e+03,4.384595e+03,4.968348e+03,3.401972e+03,3.317671e+03
120.4200,7.017458e+03,4.549149e+03,4.629459e+03,5.246135e+03,3.591470e+03,3.502423e+03
120.4400,7.435799e+03,4.819397e+03,4.904520e+03,5.558171e+03,3.804350e+03,3.709972e+03
120.4600,7.907328e+03,5.124030e+03,5.214579e+03,5.909900e+03,4.044329e+03,3.943943e+03
120.4800,8.440871e+03,5.468757e+03,5.565443e+03,6.307909e+03,4.315903e+03,4.208720e+03
120.5000,9.047187e+03,5.860530e+03,5.964190e+03,6.760226e+03,4.624553e+03,4.509645e+03
120.5200,9.739493e+03,6.307893e+03,6.419517e+03,7.276714e+03,4.977011e+03,4.853283e+03
120.5400,1.053416e+04,6.821432e+03,6.942195e+03,7.869591e+03,5.381617e+03,5.247767e+03
120.5600,1.145167e+04,7.414382e+03,7.545697e+03,8.554136e+03,5.848803e+03,5.703265e+03
120.5800,1.251788e+04,8.103463e+03,8.247039e+03,9.349651e+03,6.391743e+03,6.232624e+03
120.6000,1.376583e+04,8.910029e+03,9.067954e+03,1.028078e+04,7.027266e+03,6.852251e+03
120.6200,1.523821e+04,9.861686e+03,1.003654e+04,1.137941e+04,7.777125e+03,7.583356e+03
120.6400,1.699099e+04,1.099460e+04,1.118961e+04,1.268727e+04,8.669821e+03,8.453727e+03
120.6600,1.909854e+04,1.235686e+04,1.257611e+04,1.425988e+04,9.743250e+03,9.500313e+03
120.6800,2.166140e+04,1.401346e+04,1.426217e+04,1.617225e+04,1.104862e+04,1.077304e+04
120.7000,2.481792e+04,1.605383e+04,1.633882e+04,1.852764e+04,1.265641e+04,1.234063e+04
120.7200,2.876252e+04,1.860364e+04,1.893399e+04,2.147111e+04,1.466566e+04,1.429964e+04
120.7400,3.377577e+04,2.184429e+04,2.223227e+04,2.521206e+04,1.721931e+04,1.678944e+04
120.7600,4.028282e+04,2.605060e+04,2.651339e+04,3.006774e+04,2.053392e+04,2.002118e+04
120.7800,4.900864e+04,3.169122e+04,3.225433e+04,3.657913e+04,2.497881e+04,2.435494e+04
120.8000,6.150722e+04,3.977073e+04,4.047752e+04,4.590589e+04,3.134560e+04,3.056255e+04
120.8200,8.189736e+04,5.295171e+04,5.389291e+04,6.112162e+04,4.173248e+04,4.068975e+04
120.8400,1.212436e+05,7.838679e+04,7.978031e+04,9.048304e+04,6.177589e+04,6.023206e+04
120.8600,2.044168e+05,1.321536e+05,1.345033e+05,1.525496e+05,1.041454e+05,1.015423e+05
120.8800,3.720139e+05,2.404959e+05,2.447723e+05,2.776163e+05,1.895218e+05,1.847843e+05
120.9000,6.617062e+05,4.277662e+05,4.353728e+05,4.937947e+05,3.370953e+05,3.286684e+05
120.9200,1.062216e+06,6.866742e+05,6.988850e+05,7.926691e+05,5.411212e+05,5.275935e+05
120.9400,1.455572e+06,9.409574e+05,9.576902e+05,1.086205e+06,7.415026e+05,7.229654e+05
120.9600,1.601233e+06,1.035119e+06,1.053527e+06,1.194902e+06,8.157045e+05,7.953121e+05
120.9800,1.370701e+06,8.860926e+05,9.018498e+05,1.022871e+06,6.982677e+05,6.808113e+05
121.0000,9.568572e+05,6.185647e+05,6.295644e+05,7.140461e+05,4.874490e+05,4.752632e+05
121.0200,5.778695e+05,3.735695e+05,3.802124e+05,4.312322e+05,2.943867e+05,2.870274e+05
121.0400,3.201954e+05,2.069970e+05,2.106777e+05,2.389468e+05,1.631234e+05,1.590457e+05
121.0600,1.776952e+05,1.148782e+05,1.169207e+05,1.326080e+05,9.053138e+04,8.826858e+04
121.0800,1.086290e+05,7.023051e+04,7.147906e+04,8.106834e+04,5.534783e+04,5.396463e+04
121.1000,7.562843e+04,4.889729e+04,4.976646e+04,5.644205e+04,3.853667e+04,3.757374e+04
121.1200,5.783646e+04,3.739561e+04,3.806026e+04,4.316497e+04,2.947300e+04,2.873667e+04
121.1400,4.649740e+04,3.006540e+04,3.059969e+04,3.470327e+04,2.369655e+04,2.310463e+04
121.1600,3.840798e+04,2.483589e+04,2.527719e+04,2.866655e+04,1.957551e+04,1.908661e+04
121.1800,3.231255e+04,2.089539e+04,2.126662e+04,2.411783e+04,1.647025e+04,1.605897e+04
121.2000,2.758675e+04,1.784029e+04,1.815720e+04,2.059118e+04,1.406270e+04,1.371160e+04
121.2200,2.384972e+04,1.542437e+04,1.569832e+04,1.780238e+04,1.215884e+04,1.185533e+04
121.2400,2.084602e+04,1.348251e+04,1.372194e+04,1.556081e+04,1.062855e+04,1.036330e+04
121.2600,1.839732e+04,1.189943e+04,1.211071e+04,1.373340e+04,9.380980e+03,9.146913e+03
121.2800,1.637600e+04,1.059262e+04,1.078067e+04,1.222492e+04,8.351128e+03,8.142801e+03
121.3000,1.468889e+04,9.501868e+03,9.670520e+03,1.096584e+04,7.491530e+03,7.304688e+03
121.3200,1.326678e+04,8.582415e+03,8.734722e+03,9.904508e+03,6.766921e+03,6.598188e+03
121.3400,1.205738e+04,7.800475e+03,7.938882e+03,9.001914e+03,6.150676e+03,5.997343e+03
121.3600,1.102068e+04,7.130168e+03,7.256660e+03,8.228186e+03,5.622400e+03,5.482268e+03
121.3800,1.012560e+04,6.551414e+03,6.667619e+03,7.560142e+03,5.166269e+03,5.037535e+03
121.4000,9.347750e+03,6.048444e+03,6.155711e+03,6.979583e+03,4.769859e+03,4.651029e+03
121.4200,8.667778e+03,5.608744e+03,5.708197e+03,6.472060e+03,4.423305e+03,4.313133e+03
121.4400,8.070161e+03,5.222281e+03,5.314867e+03,6.025992e+03,4.118704e+03,4.016141e+03
121.4600,7.542342e+03,4.880938e+03,4.967459e+03,5.632009e+03,3.849657e+03,3.753814e+03
121.4800,7.074082e+03,4.578094e+03,4.659236e+03,5.282470e+03,3.610949e+03,3.521068e+03
121.5000,6.656961e+03,4.308308e+03,4.384658e+03,4.971092e+03,3.398291e+03,3.313720e+03
121.5200,6.284008e+03,4.067073e+03,4.139138e+03,4.692672e+03,3.208130e+03,3.128307e+03
121.5400,5.949413e+03,3.850633e+03,3.918855e+03,4.442875e+03,3.037508e+03,2.961944e+03
121.5600,5.648305e+03,3.655839e+03,3.720603e+03,4.218066e+03,2.883943e+03,2.812212e+03
121.5800,5.376577e+03,3.480035e+03,3.541679e+03,4.015180e+03,2.745342e+03,2.677069e+03
121.6000,5.130745e+03,3.320969e+03,3.379791e+03,3.831617e+03,2.619931e+03,2.554787e+03
121.6200,4.907843e+03,3.176725e+03,3.232987e+03,3.665163e+03,2.506198e+03,2.443890e+03
121.6400,4.705332e+03,3.045660e+03,3.099598e+03,3.513924e+03,2.402849e+03,2.343119e+03
121.6600,4.521031e+03,2.926364e+03,2.978187e+03,3.376273e+03,2.308775e+03,2.251389e+03
121.6800,4.353060e+03,2.817622e+03,2.867518e+03,3.250805e+03,2.223015e+03,2.167766e+03
121.7000,4.199790e+03,2.718381e+03,2.766518e+03,3.136305e+03,2.144741e+03,2.091442e+03
121.7200,4.059808e+03,2.627726e+03,2.674258e+03,3.031719e+03,2.073232e+03,2.021714e+03
121.7400,3.931884e+03,2.544864e+03,2.589929e+03,2.936128e+03,2.007863e+03,1.957971e+03
121.7600,3.814946e+03,2.469099e+03,2.512825e+03,2.848733e+03,1.948085e+03,1.899680e+03
121.7800,3.708057e+03,2.399827e+03,2.442327e+03,2.768834e+03,1.893422e+03,1.846375e+03
121.8000,3.610395e+03,2.336516e+03,2.377898e+03,2.695817e+03,1.843454e+03,1.797649e+03
121.8200,3.521242e+03,2.278701e+03,2.319062e+03,2.629147e+03,1.797816e+03,1.753143e+03
121.8400,3.439969e+03,2.225975e+03,2.265406e+03,2.568353e+03,1.756186e+03,1.712546e+03
121.8600,3.366025e+03,2.177982e+03,2.216567e+03,2.513024e+03,1.718283e+03,1.675582e+03
121.8800,3.298927e+03,2.134409e+03,2.172228e+03,2.462801e+03,1.683862e+03,1.642013e+03
121.9000,3.238258e+03,2.094986e+03,2.132113e+03,2.417370e+03,1.652708e+03,1.611629e+03
121.9200,3.183651e+03,2.059476e+03,2.095980e+03,2.376458e+03,1.624636e+03,1.584249e+03
121.9400,3.134793e+03,2.027676e+03,2.063623e+03,2.339831e+03,1.599483e+03,1.559716e+03
121.9600,3.091415e+03,1.999412e+03,2.034865e+03,2.307288e+03,1.577114e+03,1.537896e+03
121.9800,3.053291e+03,1.974536e+03,2.009556e+03,2.278660e+03,1.557412e+03,1.518676e+03
122.0000,3.020234e+03,1.952926e+03,1.987572e+03,2.253806e+03,1.540281e+03,1.501962e+03
122.0200,2.992093e+03,1.934486e+03,1.968814e+03,2.232613e+03,1.525642e+03,1.487679e+03
122.0400,2.968751e+03,1.919139e+03,1.953205e+03,2.214995e+03,1.513438e+03,1.475768e+03
122.0600,2.950128e+03,1.906831e+03,1.940689e+03,2.200889e+03,1.503624e+03,1.466187e+03
122.0800,2.936173e+03,1.897530e+03,1.931235e+03,2.190259e+03,1.496174e+03,1.458911e+03
122.1000,2.926872e+03,1.891225e+03,1.924829e+03,2.183091e+03,1.491080e+03,1.453932e+03
122.1200,2.922240e+03,1.887925e+03,1.921483e+03,2.179398e+03,1.488348e+03,1.451255e+03
122.1400,2.922329e+03,1.887662e+03,1.921229e+03,2.179216e+03,1.488003e+03,1.450904e+03
122.1600,2.927224e+03,1.890490e+03,1.924120e+03,2.182607e+03,1.490087e+03,1.452921e+03
122.1800,2.937047e+03,1.896486e+03,1.930238e+03,2.189663e+03,1.494661e+03,1.457365e+03
122.2000,2.951960e+03,1.905754e+03,1.939685e+03,2.200503e+03,1.501804e+03,1.464313e+03
122.2200,2.972168e+03,1.918423e+03,1.952597e+03,2.215278e+03,1.511620e+03,1.473865e+03
122.2400,2.997923e+03,1.934656e+03,1.969135e+03,2.234174e+03,1.524232e+03,1.486144e+03
122.2600,3.029527e+03,1.954644e+03,1.989496e+03,2.257415e+03,1.539794e+03,1.501298e+03
122.2800,3.067341e+03,1.978618e+03,2.013917e+03,2.285268e+03,1.558486e+03,1.519501e+03
122.3000,3.111790e+03,2.006852e+03,2.042673e+03,2.318050e+03,1.580520e+03,1.540962e+03
122.3200,3.163374e+03,2.039664e+03,2.076090e+03,2.356130e+03,1.606148e+03,1.565926e+03
122.3400,3.222679e+03,2.077429e+03,2.114550e+03,2.399941e+03,1.635662e+03,1.594677e+03
122.3600,3.290387e+03,2.120584e+03,2.158498e+03,2.449990e+03,1.669406e+03,1.627550e+03
122.3800,3.367296e+03,2.169639e+03,2.208452e+03,2.506869e+03,1.707780e+03,1.664935e+03
122.4000,3.454335e+03,2.225190e+03,2.265021e+03,2.571266e+03,1.751250e+03,1.707287e+03
122.4200,3.552593e+03,2.287935e+03,2.328913e+03,2.643989e+03,1.800363e+03,1.755137e+03
122.4400,3.663345e+03,2.358689e+03,2.400960e+03,2.725984e+03,1.855759e+03,1.809111e+03
122.4600,3.788090e+03,2.438412e+03,2.482138e+03,2.818362e+03,1.918191e+03,1.869942e+03
122.4800,3.928594e+03,2.528237e+03,2.573601e+03,2.922432e+03,1.988545e+03,1.938493e+03
122.5000,4.086947e+03,2.629500e+03,2.676711e+03,3.039745e+03,2.067872e+03,2.015788e+03
122.5200,4.265636e+03,2.743797e+03,2.793090e+03,3.172146e+03,2.157420e+03,2.103043e+03
122.5400,4.467630e+03,2.873028e+03,2.924674e+03,3.321836e+03,2.258681e+03,2.201714e+03
122.5600,4.696500e+03,3.019481e+03,3.073793e+03,3.491464e+03,2.373449e+03,2.313546e+03
122.5800,4.956562e+03,3.185922e+03,3.243262e+03,3.684232e+03,2.503892e+03,2.440654e+03
122.6000,5.253072e+03,3.375717e+03,3.436510e+03,3.904038e+03,2.652651e+03,2.585610e+03
122.6200,5.592476e+03,3.592996e+03,3.657740e+03,4.155663e+03,2.822963e+03,2.751570e+03
122.6400,5.982746e+03,3.842866e+03,3.912152e+03,4.445020e+03,3.018832e+03,2.942436e+03
122.6600,6.433825e+03,4.131697e+03,4.206233e+03,4.779485e+03,3.245256e+03,3.163077e+03
122.6800,6.958243e+03,4.467517e+03,4.548155e+03,5.168351e+03,3.508528e+03,3.419626e+03
122.7000,7.571951e+03,4.860544e+03,4.948324e+03,5.623450e+03,3.816661e+03,3.719892e+03
122.7200,8.295499e+03,5.323946e+03,5.420143e+03,6.160026e+03,4.179981e+03,4.073937e+03
122.7400,9.155707e+03,5.874903e+03,5.981108e+03,6.797971e+03,4.611960e+03,4.494891e+03
122.7600,1.018807e+04,6.536159e+03,6.654373e+03,7.563617e+03,5.130433e+03,5.000132e+03
122.7800,1.144034e+04,7.338299e+03,7.471080e+03,8.492376e+03,5.759385e+03,5.613033e+03
122.8000,1.297784e+04,8.323182e+03,8.473848e+03,9.632710e+03,6.531639e+03,6.365582e+03
122.8200,1.489179e+04,9.549246e+03,9.722174e+03,1.105228e+04,7.493021e+03,7.302435e+03
122.8400,1.731265e+04,1.110007e+04,1.130116e+04,1.284785e+04,8.709072e+03,8.487461e+03
122.8600,2.043441e+04,1.309994e+04,1.333733e+04,1.516331e+04,1.027725e+04,1.001563e+04
122.8800,2.457280e+04,1.575114e+04,1.603667e+04,1.823287e+04,1.235619e+04,1.204153e+04
122.9000,3.035484e+04,1.945537e+04,1.980814e+04,2.252161e+04,1.526088e+04,1.487212e+04
122.9200,3.936527e+04,2.522793e+04,2.568549e+04,2.920502e+04,1.978749e+04,1.928326e+04
122.9400,5.594435e+04,3.584948e+04,3.649986e+04,4.150250e+04,2.811655e+04,2.739985e+04
122.9600,9.054322e+04,5.801574e+04,5.906849e+04,6.716621e+04,4.549862e+04,4.433854e+04
122.9800,1.622209e+05,1.039372e+05,1.058236e+05,1.203333e+05,8.150887e+04,7.943023e+04
123.0000,2.929669e+05,1.877019e+05,1.911088e+05,2.173144e+05,1.471946e+05,1.434404e+05
123.0200,4.875926e+05,3.123922e+05,3.180625e+05,3.616785e+05,2.449731e+05,2.387248e+05
123.0400,7.042429e+05,4.511930e+05,4.593829e+05,5.223794e+05,3.538166e+05,3.447919e+05
123.0600,8.323739e+05,5.332823e+05,5.429624e+05,6.174209e+05,4.181886e+05,4.075218e+05
123.0800,7.662583e+05,4.909240e+05,4.998352e+05,5.683793e+05,3.849724e+05,3.751529e+05
123.1000,5.646594e+05,3.617659e+05,3.683325e+05,4.188426e+05,2.836903e+05,2.764543e+05
123.1200,3.543111e+05,2.270024e+05,2.311227e+05,2.628161e+05,1.780126e+05,1.734723e+05
123.1400,2.001274e+05,1.282217e+05,1.305489e+05,1.484497e+05,1.005516e+05,9.798716e+04
123.1600,1.100562e+05,7.051584e+04,7.179555e+04,8.163907e+04,5.530029e+04,5.389012e+04
123.1800,6.510052e+04,4.171402e+04,4.247091e+04,4.829293e+04,3.271468e+04,3.188063e+04
123.2000,4.384895e+04,2.809870e+04,2.860845e+04,3.252942e+04,2.203789e+04,2.147618e+04
123.2200,3.291450e+04,2.109322e+04,2.147581e+04,2.441866e+04,1.654435e+04,1.612276e+04
123.2400,2.626469e+04,1.683278e+04,1.713803e+04,1.948605e+04,1.320338e+04,1.286701e+04
123.2600,2.164262e+04,1.387144e+04,1.412295e+04,1.605752e+04,1.088113e+04,1.060399e+04
123.2800,1.820198e+04,1.166701e+04,1.187851e+04,1.350532e+04,9.152431e+03,8.919383e+03
123.3000,1.555307e+04,9.969825e+03,1.015051e+04,1.154039e+04,7.821493e+03,7.622390e+03
123.3200,1.346943e+04,8.634779e+03,8.791239e+03,9.994750e+03,6.774537e+03,6.602134e+03
123.3400,1.180211e+04,7.566461e+03,7.703534e+03,8.757918e+03,5.936741e+03,5.785703e+03
123.3600,1.044811e+04,6.698874e+03,6.820203e+03,7.753489e+03,5.256352e+03,5.122665e+03
123.3800,9.334189e+03,5.985103e+03,6.093480e+03,6.927144e+03,4.696582e+03,4.577168e+03
123.4000,8.407199e+03,5.391090e+03,5.488689e+03,6.239454e+03,4.230722e+03,4.123186e+03
123.4200,7.627835e+03,4.891656e+03,4.980194e+03,5.661265e+03,3.839029e+03,3.741479e+03
123.4400,6.966556e+03,4.467875e+03,4.548726e+03,5.170666e+03,3.506660e+03,3.417583e+03
123.4600,6.400829e+03,4.105312e+03,4.179586e+03,4.750943e+03,3.222297e+03,3.140467e+03
123.4800,5.913233e+03,3.792804e+03,3.861410e+03,4.389173e+03,2.977185e+03,2.901603e+03
123.5000,5.490135e+03,3.521618e+03,3.585307e+03,4.075245e+03,2.764477e+03,2.694315e+03
123.5200,5.120745e+03,3.284841e+03,3.344236e+03,3.801156e+03,2.578751e+03,2.513322e+03
123.5400,4.796438e+03,3.076947e+03,3.132573e+03,3.560506e+03,2.415675e+03,2.354399e+03
123.5600,4.510253e+03,2.893475e+03,2.945776e+03,3.348133e+03,2.271749e+03,2.214140e+03
123.5800,4.256523e+03,2.730797e+03,2.780150e+03,3.159833e+03,2.144129e+03,2.089770e+03
123.6000,4.030599e+03,2.585933e+03,2.632661e+03,2.992159e+03,2.030478e+03,1.979012e+03
123.6200,3.828639e+03,2.456421e+03,2.500803e+03,2.842259e+03,1.928866e+03,1.879987e+03
123.6400,3.647444e+03,2.340212e+03,2.382490e+03,2.707762e+03,1.837686e+03,1.791126e+03
123.6600,3.484335e+03,2.235590e+03,2.275974e+03,2.586680e+03,1.755591e+03,1.711120e+03
123.6800,3.337056e+03,2.141109e+03,2.179783e+03,2.477339e+03,1.681448e+03,1.638863e+03
123.7000,3.203693e+03,2.055543e+03,2.092669e+03,2.378320e+03,1.614297e+03,1.573419e+03
123.7200,3.082618e+03,1.977849e+03,2.013570e+03,2.288414e+03,1.553317e+03,1.513989e+03
123.7400,2.972436e+03,1.907133e+03,1.941575e+03,2.206589e+03,1.497810e+03,1.459892e+03
123.7600,2.871950e+03,1.842628e+03,1.875905e+03,2.131955e+03,1.447172e+03,1.410541e+03
123.7800,2.780123e+03,1.783670e+03,1.815882e+03,2.063743e+03,1.400885e+03,1.365428e+03
123.8000,2.696059e+03,1.729685e+03,1.760922e+03,2.001289e+03,1.358496e+03,1.324115e+03
123.8200,2.618976e+03,1.680171e+03,1.710515e+03,1.944012e+03,1.319614e+03,1.286219e+03
123.8400,2.548193e+03,1.634693e+03,1.664217e+03,1.891408e+03,1.283895e+03,1.251406e+03
123.8600,2.483112e+03,1.592867e+03,1.621636e+03,1.843032e+03,1.251040e+03,1.219383e+03
123.8800,2.423207e+03,1.554356e+03,1.582432e+03,1.798495e+03,1.220784e+03,1.189893e+03
123.9000,2.368016e+03,1.518863e+03,1.546300e+03,1.757453e+03,1.192895e+03,1.162709e+03
123.9200,2.317127e+03,1.486127e+03,1.512975e+03,1.719603e+03,1.167167e+03,1.137631e+03
123.9400,2.270179e+03,1.455914e+03,1.482219e+03,1.684674e+03,1.143416e+03,1.114481e+03
123.9600,2.226849e+03,1.428017e+03,1.453822e+03,1.652428e+03,1.121482e+03,1.093100e+03
123.9800,2.186849e+03,1.402253e+03,1.427595e+03,1.622651e+03,1.101220e+03,1.073348e+03
124.0000,2.149923e+03,1.378456e+03,1.403373e+03,1.595153e+03,1.082500e+03,1.055099e+03
124.0200,2.115842e+03,1.356481e+03,1.381005e+03,1.569764e+03,1.065207e+03,1.038242e+03
124.0400,2.084401e+03,1.336196e+03,1.360357e+03,1.546332e+03,1.049240e+03,1.022675e+03
124.0600,2.055415e+03,1.317483e+03,1.341310e+03,1.524721e+03,1.034504e+03,1.008309e+03
124.0800,2.028720e+03,1.300235e+03,1.323755e+03,1.504807e+03,1.020916e+03,9.950616e+02
124.1000,2.004166e+03,1.284358e+03,1.307595e+03,1.486480e+03,1.008403e+03,9.828611e+02
124.1200,1.981621e+03,1.269765e+03,1.292744e+03,1.469642e+03,9.968969e+02,9.716418e+02
124.1400,1.960964e+03,1.256381e+03,1.279124e+03,1.454203e+03,9.863372e+02,9.613448e+02
124.1600,1.942088e+03,1.244136e+03,1.266662e+03,1.440084e+03,9.766697e+02,9.519172e+02
124.1800,1.924895e+03,1.232967e+03,1.255297e+03,1.427211e+03,9.678455e+02,9.433113e+02
124.2000,1.909299e+03,1.222819e+03,1.244971e+03,1.415521e+03,9.598208e+02,9.354843e+02
124.2200,1.895220e+03,1.213641e+03,1.235633e+03,1.404955e+03,9.525562e+02,9.283980e+02
124.2400,1.882590e+03,1.205389e+03,1.227237e+03,1.395462e+03,9.460165e+02,9.220181e+02
124.2600,1.871347e+03,1.198022e+03,1.219744e+03,1.386996e+03,9.401705e+02,9.163139e+02
124.2800,1.861435e+03,1.191506e+03,1.213117e+03,1.379515e+03,9.349903e+02,9.112586e+02
124.3000,1.852805e+03,1.185810e+03,1.207324e+03,1.372983e+03,9.304515e+02,9.068281e+02
124.3200,1.845417e+03,1.180906e+03,1.202337e+03,1.367370e+03,9.265328e+02,9.030019e+02
124.3400,1.839233e+03,1.176771e+03,1.198134e+03,1.362648e+03,9.232160e+02,8.997620e+02
124.3600,1.834224e+03,1.173385e+03,1.194694e+03,1.358796e+03,9.204856e+02,8.970935e+02
124.3800,1.830365e+03,1.170732e+03,1.192001e+03,1.355793e+03,9.183290e+02,8.949839e+02
124.4000,1.827636e+03,1.168801e+03,1.190042e+03,1.353627e+03,9.167363e+02,8.934238e+02
124.4200,1.826025e+03,1.167582e+03,1.188809e+03,1.352286e+03,9.157005e+02,8.924062e+02
124.4400,1.825522e+03,1.167069e+03,1.188295e+03,1.351765e+03,9.152173e+02,8.919269e+02
124.4600,1.826126e+03,1.167262e+03,1.188498e+03,1.352062e+03,9.152853e+02,8.919845e+02
124.4800,1.827840e+03,1.168161e+03,1.189423e+03,1.353179e+03,9.159061e+02,8.925807e+02
124.5000,1.830675e+03,1.169774e+03,1.191073e+03,1.355124e+03,9.170845e+02,8.937201e+02
124.5200,1.834649e+03,1.172112e+03,1.193462e+03,1.357909e+03,9.188288e+02,8.954108e+02
124.5400,1.839785e+03,1.175189e+03,1.196604e+03,1.361553e+03,9.211512e+02,8.976645e+02
124.5600,1.846117e+03,1.179028e+03,1.200521e+03,1.366080e+03,9.240680e+02,9.004973e+02
124.5800,1.853689e+03,1.183654e+03,1.205241e+03,1.371522e+03,9.276003e+02,9.039296e+02
124.6000,1.862555e+03,1.189103e+03,1.210798e+03,1.377918e+03,9.317747e+02,9.079873e+02
124.6200,1.872781e+03,1.195416e+03,1.217235e+03,1.385318e+03,9.366241e+02,9.127026e+02
124.6400,1.884449e+03,1.202646e+03,1.224607e+03,1.393782e+03,9.421889e+02,9.181146e+02
124.6600,1.897659e+03,1.210856e+03,1.232975e+03,1.403383e+03,9.485183e+02,9.242714e+02
124.6800,1.912532e+03,1.220121e+03,1.242420e+03,1.414211e+03,9.556721e+02,9.312311e+02
124.7000,1.929215e+03,1.230536e+03,1.253035e+03,1.426372e+03,9.637226e+02,9.390643e+02
124.7200,1.947885e+03,1.242213e+03,1.264935e+03,1.440000e+03,9.727583e+02,9.478569e+02
124.7400,1.968761e+03,1.255290e+03,1.278262e+03,1.455253e+03,9.828865e+02,9.577138e+02
124.7600,1.992109e+03,1.269936e+03,1.293187e+03,1.472329e+03,9.942391e+02,9.687631e+02
124.7800,2.018256e+03,1.286360e+03,1.309922e+03,1.491469e+03,1.006978e+03,9.811630e+02
124.8000,2.047610e+03,1.304819e+03,1.328730e+03,1.512972e+03,1.021306e+03,9.951095e+02
124.8200,2.080678e+03,1.325635e+03,1.349940e+03,1.537213e+03,1.037472e+03,1.010848e+03
124.8400,2.118101e+03,1.349216e+03,1.373965e+03,1.564664e+03,1.055796e+03,1.028687e+03
124.8600,2.160697e+03,1.376081e+03,1.401335e+03,1.595929e+03,1.076682e+03,1.049021e+03
124.8800,2.209519e+03,1.406897e+03,1.432730e+03,1.631783e+03,1.100651e+03,1.072358e+03
124.9000,2.265943e+03,1.442540e+03,1.469040e+03,1.673242e+03,1.128385e+03,1.099363e+03
124.9200,2.331791e+03,1.484165e+03,1.511443e+03,1.721648e+03,1.160787e+03,1.130914e+03
124.9400,2.409519e+03,1.533330e+03,1.561527e+03,1.778811e+03,1.199073e+03,1.168196e+03
124.9600,2.502488e+03,1.592172e+03,1.621467e+03,1.847210e+03,1.244909e+03,1.212831e+03
124.9800,2.615402e+03,1.663676e+03,1.694303e+03,1.930314e+03,1.300625e+03,1.267089e+03
125.0000,2.755008e+03,1.752126e+03,1.784399e+03,2.033096e+03,1.369564e+03,1.334225e+03
125.0200,2.931400e+03,1.863931e+03,1.898283e+03,2.162998e+03,1.456726e+03,1.419111e+03
125.0400,3.161285e+03,2.009699e+03,2.046758e+03,2.332340e+03,1.570390e+03,1.529809e+03
125.0600,3.478837e+03,2.211128e+03,2.251927e+03,2.566316e+03,1.727487e+03,1.682811e+03
125.0800,3.972248e+03,2.524214e+03,2.570820e+03,2.929950e+03,1.971714e+03,1.920675e+03
125.1000,4.881691e+03,3.101454e+03,3.158760e+03,3.600323e+03,2.422068e+03,2.359303e+03
125.1200,6.770650e+03,4.300627e+03,4.380152e+03,4.992888e+03,3.357737e+03,3.270621e+03
125.1400,1.062414e+04,6.747159e+03,6.872008e+03,7.833897e+03,5.266765e+03,5.129975e+03
125.1600,1.749258e+04,1.110800e+04,1.131363e+04,1.289782e+04,8.669598e+03,8.444271e+03
125.1800,2.741968e+04,1.741092e+04,1.773330e+04,2.021688e+04,1.358790e+04,1.323461e+04
125.2000,3.796879e+04,2.410877e+04,2.455522e+04,2.799455e+04,1.881438e+04,1.832511e+04
125.2200,4.334840e+04,2.752429e+04,2.803400e+04,3.196075e+04,2.147953e+04,2.092091e+04
125.2400,3.900146e+04,2.476401e+04,2.522260e+04,2.875558e+04,1.932549e+04,1.882290e+04
125.2600,2.874030e+04,1.824854e+04,1.858647e+04,2.118988e+04,1.424114e+04,1.387081e+04
125.2800,1.861700e+04,1.182059e+04,1.203948e+04,1.372580e+04,9.225078e+03,8.985241e+03
125.3000,1.143191e+04,7.258237e+03,7.392626e+03,8.428055e+03,5.664806e+03,5.517580e+03
125.3200,7.342153e+03,4.661234e+03,4.747532e+03,5.412493e+03,3.638166e+03,3.543655e+03
125.3400,5.344135e+03,3.392358e+03,3.455164e+03,3.939163e+03,2.647910e+03,2.579149e+03
125.3600,4.415527e+03,2.802490e+03,2.854381e+03,3.254302e+03,2.187505e+03,2.130711e+03
125.3800,3.946589e+03,2.504479e+03,2.550862e+03,2.908351e+03,1.954845e+03,1.904092e+03
125.4000,3.670613e+03,2.328983e+03,2.372126e+03,2.704666e+03,1.817784e+03,1.770586e+03
125.4200,3.488950e+03,2.213363e+03,2.254376e+03,2.570512e+03,1.727445e+03,1.682585e+03
125.4400,3.364072e+03,2.133792e+03,2.173342e+03,2.478221e+03,1.665233e+03,1.621979e+03
125.4600,3.278194e+03,2.078976e+03,2.117523e+03,2.414678e+03,1.622335e+03,1.580184e+03
125.4800,3.220793e+03,2.042234e+03,2.080113e+03,2.372126e+03,1.593539e+03,1.552124e+03
125.5000,3.184918e+03,2.019152e+03,2.056616e+03,2.345439e+03,1.575398e+03,1.534442e+03
125.5200,3.165768e+03,2.006682e+03,2.043928e+03,2.331078e+03,1.565535e+03,1.524821e+03
125.5400,3.159949e+03,2.002667e+03,2.039852e+03,2.326538e+03,1.562266e+03,1.521623e+03
125.5600,3.165017e+03,2.005556e+03,2.042807e+03,2.330018e+03,1.564380e+03,1.523668e+03
125.5800,3.179190e+03,2.014216e+03,2.051642e+03,2.340204e+03,1.570994e+03,1.530095e+03
125.6000,3.201154e+03,2.027814e+03,2.065505e+03,2.356126e+03,1.581456e+03,1.540269e+03
125.6200,3.229935e+03,2.045729e+03,2.083767e+03,2.377066e+03,1.595283e+03,1.553721e+03
125.6400,3.264809e+03,2.067502e+03,2.105958e+03,2.402490e+03,1.612115e+03,1.570099e+03
125.6600,3.305241e+03,2.092791e+03,2.131732e+03,2.432003e+03,1.631687e+03,1.589145e+03
125.6800,3.350838e+03,2.121348e+03,2.160834e+03,2.465314e+03,1.653803e+03,1.610669e+03
125.7000,3.401321e+03,2.152994e+03,2.193083e+03,2.502217e+03,1.678325e+03,1.634534e+03
125.7200,3.456499e+03,2.187607e+03,2.228354e+03,2.542571e+03,1.705155e+03,1.660648e+03
125.7400,3.516253e+03,2.225111e+03,2.266571e+03,2.586287e+03,1.734236e+03,1.688953e+03
125.7600,3.580526e+03,2.265469e+03,2.307695e+03,2.633323e+03,1.765536e+03,1.719419e+03
125.7800,3.649309e+03,2.308674e+03,2.351719e+03,2.683672e+03,1.799052e+03,1.752042e+03
125.8000,3.722639e+03,2.354749e+03,2.398667e+03,2.737359e+03,1.834799e+03,1.786838e+03
125.8200,3.800593e+03,2.403740e+03,2.448587e+03,2.794441e+03,1.872815e+03,1.823843e+03
125.8400,3.883281e+03,2.455718e+03,2.501549e+03,2.854998e+03,1.913153e+03,1.863108e+03
125.8600,3.970848e+03,2.510774e+03,2.557647e+03,2.919137e+03,1.955884e+03,1.904704e+03
125.8800,4.063474e+03,2.569019e+03,2.616994e+03,2.986987e+03,2.001094e+03,1.948712e+03
125.9000,4.161365e+03,2.630584e+03,2.679724e+03,3.058703e+03,2.048885e+03,1.995234e+03
125.9200,4.264765e+03,2.695622e+03,2.745991e+03,3.134459e+03,2.099375e+03,2.044384e+03
125.9400,4.373945e+03,2.764303e+03,2.815971e+03,3.214457e+03,2.152697e+03,2.096290e+03
125.9600,4.489213e+03,2.836821e+03,2.889860e+03,3.298921e+03,2.209001e+03,2.151100e+03
125.9800,4.610912e+03,2.913392e+03,2.967878e+03,3.388103e+03,2.268454e+03,2.208976e+03
126.0000,4.739419e+03,2.994254e+03,3.050267e+03,3.482279e+03,2.331243e+03,2.270099e+03
126.0200,4.875157e+03,3.079671e+03,3.137298e+03,3.581760e+03,2.397571e+03,2.334669e+03
126.0400,5.018587e+03,3.169936e+03,3.229268e+03,3.686882e+03,2.467667e+03,2.402905e+03
126.0600,5.170220e+03,3.265370e+03,3.326504e+03,3.798023e+03,2.541779e+03,2.475052e+03
126.0800,5.330620e+03,3.366326e+03,3.429367e+03,3.915592e+03,2.620182e+03,2.551377e+03
126.1000,5.500404e+03,3.473196e+03,3.538254e+03,4.040046e+03,2.703181e+03,2.632175e+03
126.1200,5.680256e+03,3.586408e+03,3.653604e+03,4.171884e+03,2.791107e+03,2.717771e+03
126.1400,5.870928e+03,3.706437e+03,3.775899e+03,4.311657e+03,2.884331e+03,2.808524e+03
126.1600,6.073251e+03,3.833806e+03,3.905671e+03,4.459976e+03,2.983258e+03,2.904829e+03
126.1800,6.288141e+03,3.969092e+03,4.043511e+03,4.617512e+03,3.088336e+03,3.007123e+03
126.2000,6.516613e+03,4.112936e+03,4.190068e+03,4.785010e+03,3.200063e+03,3.115890e+03
126.2200,6.759793e+03,4.266044e+03,4.346066e+03,4.963295e+03,3.318989e+03,3.231666e+03
126.2400,7.018929e+03,4.429204e+03,4.512304e+03,5.153281e+03,3.445726e+03,3.355044e+03
126.2600,7.295409e+03,4.603290e+03,4.689675e+03,5.355989e+03,3.580951e+03,3.486688e+03
126.2800,7.590781e+03,4.789277e+03,4.879171e+03,5.572552e+03,3.725424e+03,3.627334e+03
126.3000,7.906773e+03,4.988254e+03,5.081901e+03,5.804238e+03,3.879990e+03,3.777806e+03
126.3200,8.245322e+03,5.201441e+03,5.299109e+03,6.052467e+03,4.045596e+03,3.939026e+03
126.3400,8.608598e+03,5.430205e+03,5.532188e+03,6.318831e+03,4.223305e+03,4.112029e+03
126.3600,8.999047e+03,5.676086e+03,5.782706e+03,6.605124e+03,4.414315e+03,4.297980e+03
126.3800,9.419427e+03,5.940822e+03,6.052435e+03,6.913368e+03,4.619974e+03,4.498194e+03
126.4000,9.872861e+03,6.226380e+03,6.343378e+03,7.245854e+03,4.841811e+03,4.714157e+03
126.4200,1.036289e+04,6.534993e+03,6.657812e+03,7.605182e+03,5.081562e+03,4.947560e+03
126.4400,1.089357e+04,6.869207e+03,6.998327e+03,7.994313e+03,5.341203e+03,5.200327e+03
126.4600,1.146949e+04,7.231928e+03,7.367888e+03,8.416635e+03,5.622994e+03,5.474658e+03
126.4800,1.209597e+04,7.626496e+03,7.769896e+03,8.876033e+03,5.929529e+03,5.773077e+03
126.5000,1.277911e+04,8.056754e+03,8.208266e+03,9.376983e+03,6.263795e+03,6.098494e+03
126.5200,1.352596e+04,8.527151e+03,8.687532e+03,9.924663e+03,6.629248e+03,6.454273e+03
126.5400,1.434474e+04,9.042854e+03,9.212958e+03,1.052509e+04,7.029903e+03,6.844322e+03
126.5600,1.524501e+04,9.609898e+03,9.790693e+03,1.118529e+04,7.470449e+03,7.273206e+03
126.5800,1.623803e+04,1.023536e+04,1.042795e+04,1.191350e+04,7.956385e+03,7.746280e+03
126.6000,1.733703e+04,1.092760e+04,1.113323e+04,1.271946e+04,8.494203e+03,8.269862e+03
126.6200,1.855777e+04,1.169652e+04,1.191665e+04,1.361468e+04,9.091600e+03,8.851448e+03
126.6400,1.991901e+04,1.255395e+04,1.279024e+04,1.461296e+04,9.757770e+03,9.499986e+03
126.6600,2.144332e+04,1.351411e+04,1.376850e+04,1.573083e+04,1.050376e+04,1.022623e+04
126.6800,2.315803e+04,1.459420e+04,1.486896e+04,1.698834e+04,1.134294e+04,1.104320e+04
126.7000,2.509645e+04,1.581523e+04,1.611300e+04,1.840992e+04,1.229162e+04,1.196677e+04
126.7200,2.729956e+04,1.720301e+04,1.752694e+04,2.002564e+04,1.336986e+04,1.301648e+04
126.7400,2.981825e+04,1.878959e+04,1.914342e+04,2.187280e+04,1.460257e+04,1.421657e+04
126.7600,3.271629e+04,2.061514e+04,2.100338e+04,2.399818e+04,1.602096e+04,1.559742e+04
126.7800,3.607449e+04,2.273058e+04,2.315869e+04,2.646105e+04,1.766459e+04,1.719756e+04
126.8000,3.999647e+04,2.520119e+04,2.567587e+04,2.933742e+04,1.958419e+04,1.906635e+04
126.8200,4.461688e+04,2.811179e+04,2.864132e+04,3.272602e+04,2.184565e+04,2.126797e+04
126.8400,5.011317e+04,3.157417e+04,3.216896e+04,3.675702e+04,2.453585e+04,2.388699e+04
126.8600,5.672302e+04,3.573808e+04,3.641134e+04,4.160473e+04,2.777113e+04,2.703666e+04
126.8800,6.477051e+04,4.080767e+04,4.157647e+04,4.750685e+04,3.171013e+04,3.087143e+04
126.9000,7.470655e+04,4.706702e+04,4.795378e+04,5.479409e+04,3.657358e+04,3.560619e+04
126.9200,8.717452e+04,5.492145e+04,5.595624e+04,6.393834e+04,4.267642e+04,4.154754e+04
126.9400,1.031317e+05,6.497407e+04,6.619830e+04,7.564171e+04,5.048727e+04,4.915172e+04
126.9600,1.241514e+05,7.821600e+04,7.968977e+04,9.105806e+04,6.077623e+04,5.916844e+04
126.9800,1.534223e+05,9.665624e+04,9.847750e+04,1.125263e+05,7.510435e+04,7.311746e+04
127.0000,1.991082e+05,1.254380e+05,1.278016e+05,1.460340e+05,9.746802e+04,9.488942e+04
127.0200,2.833391e+05,1.785034e+05,1.818670e+05,2.078125e+05,1.387005e+05,1.350310e+05
127.0400,4.579125e+05,2.884856e+05,2.939216e+05,3.358529e+05,2.241586e+05,2.182282e+05
127.0600,8.132522e+05,5.123528e+05,5.220071e+05,5.964768e+05,3.981078e+05,3.875753e+05
127.0800,1.445698e+06,9.108003e+05,9.279624e+05,1.060345e+06,7.077098e+05,6.889862e+05
127.1000,2.359282e+06,1.486368e+06,1.514375e+06,1.730414e+06,1.154938e+06,1.124382e+06
127.1200,3.330908e+06,2.098502e+06,2.138044e+06,2.443055e+06,1.630579e+06,1.587440e+06
127.1400,3.831053e+06,2.413596e+06,2.459075e+06,2.809884e+06,1.875411e+06,1.825794e+06
127.1600,3.446623e+06,2.171392e+06,2.212307e+06,2.527916e+06,1.687210e+06,1.642572e+06
127.1800,2.535620e+06,1.597434e+06,1.627535e+06,1.859727e+06,1.241226e+06,1.208386e+06
127.2000,1.670681e+06,1.052483e+06,1.072318e+06,1.225313e+06,8.177754e+05,7.961373e+05
127.2200,1.145397e+06,7.214900e+05,7.350898e+05,8.399971e+05,5.605618e+05,5.457262e+05
127.2400,1.024579e+06,6.452644e+05,6.574324e+05,7.512977e+05,5.012869e+05,4.880147e+05
127.2600,1.243303e+06,7.828929e+05,7.976612e+05,9.115884e+05,6.081549e+05,5.920478e+05
127.2800,1.648083e+06,1.037702e+06,1.057280e+06,1.208313e+06,8.060587e+05,7.847068e+05
127.3000,1.974045e+06,1.242905e+06,1.266356e+06,1.447268e+06,9.654394e+05,9.398640e+05
127.3200,1.916191e+06,1.206468e+06,1.229232e+06,1.404844e+06,9.371326e+05,9.123066e+05
127.3400,1.492112e+06,9.394630e+05,9.571890e+05,1.093935e+06,7.297359e+05,7.104043e+05
127.3600,9.874853e+05,6.217482e+05,6.334791e+05,7.239767e+05,4.829520e+05,4.701584e+05
127.3800,5.894341e+05,3.711337e+05,3.781357e+05,4.321521e+05,2.882880e+05,2.806516e+05
127.4000,3.422163e+05,2.154836e+05,2.195486e+05,2.509077e+05,1.673869e+05,1.629535e+05
127.4200,2.120180e+05,1.335087e+05,1.360270e+05,1.554538e+05,1.037126e+05,1.009660e+05
127.4400,1.478968e+05,9.313598e+04,9.489253e+04,1.084430e+05,7.235243e+04,7.043662e+04
127.4600,1.140902e+05,7.184947e+04,7.320443e+04,8.365692e+04,5.581747e+04,5.433964e+04
127.4800,9.319703e+04,5.869349e+04,5.980027e+04,6.833821e+04,4.559795e+04,4.439080e+04
127.5000,7.840169e+04,4.937694e+04,5.030798e+04,5.749020e+04,3.836077e+04,3.734530e+04
127.5200,6.713944e+04,4.228501e+04,4.308227e+04,4.923254e+04,3.285164e+04,3.198207e+04
127.5400,5.826228e+04,3.669488e+04,3.738671e+04,4.272359e+04,2.850909e+04,2.775452e+04
127.5600,5.111494e+04,3.219399e+04,3.280092e+04,3.748294e+04,2.501265e+04,2.435067e+04
127.5800,4.526545e+04,2.851032e+04,2.904778e+04,3.319385e+04,2.215103e+04,2.156483e+04
127.6000,4.041147e+04,2.545352e+04,2.593332e+04,2.963467e+04,1.977636e+04,1.925304e+04
127.6200,3.633496e+04,2.288629e+04,2.331768e+04,2.664554e+04,1.778200e+04,1.731149e+04
127.6400,3.287521e+04,2.070743e+04,2.109774e+04,2.410863e+04,1.608934e+04,1.566364e+04
127.6600,2.991154e+04,1.884097e+04,1.919608e+04,2.193546e+04,1.463934e+04,1.425204e+04
127.6800,2.735180e+04,1.722887e+04,1.755357e+04,2.005845e+04,1.338695e+04,1.303280e+04
127.7000,2.512459e+04,1.582616e+04,1.612442e+04,1.842526e+04,1.229721e+04,1.197192e+04
127.7200,2.317382e+04,1.459754e+04,1.487263e+04,1.699476e+04,1.134271e+04,1.104268e+04
127.7400,2.145492e+04,1.351494e+04,1.376961e+04,1.573428e+04,1.050164e+04,1.022388e+04
127.7600,1.993207e+04,1.255579e+04,1.279239e+04,1.461756e+04,9.756477e+03,9.498443e+03
127.7800,1.857621e+04,1.170181e+04,1.192230e+04,1.362327e+04,9.093008e+03,8.852537e+03
127.8000,1.736354e+04,1.093800e+04,1.114409e+04,1.273399e+04,8.499591e+03,8.274827e+03
127.8200,1.627442e+04,1.025199e+04,1.044515e+04,1.193529e+04,7.966612e+03,7.755956e+03
127.8400,1.529249e+04,9.633491e+03,9.814992e+03,1.121519e+04,7.486076e+03,7.288139e+03
127.8600,1.440406e+04,9.073873e+03,9.244824e+03,1.056365e+04,7.051282e+03,6.864852e+03
127.8800,1.359759e+04,8.565864e+03,8.727240e+03,9.972199e+03,6.656582e+03,6.480598e+03
127.9000,1.286328e+04,8.103297e+03,8.255955e+03,9.433661e+03,6.297182e+03,6.130709e+03
127.9200,1.219276e+04,7.680909e+03,7.825606e+03,8.941905e+03,5.968996e+03,5.811207e+03
127.9400,1.157888e+04,7.294187e+03,7.431596e+03,8.491677e+03,5.668517e+03,5.518679e+03
127.9600,1.101547e+04,6.939243e+03,7.069964e+03,8.078450e+03,5.392725e+03,5.250184e+03
127.9800,1.049717e+04,6.612713e+03,6.737280e+03,7.698305e+03,5.139005e+03,5.003177e+03
128.0000,1.001934e+04,6.311669e+03,6.430565e+03,7.347837e+03,4.905085e+03,4.775445e+03
128.0200,9.577931e+03,6.033560e+03,6.147215e+03,7.024071e+03,4.688981e+03,4.565057e+03
128.0400,9.169387e+03,5.776147e+03,5.884954e+03,6.724404e+03,4.488955e+03,4.370323e+03
128.0600,8.790586e+03,5.537465e+03,5.641776e+03,6.446546e+03,4.303480e+03,4.189753e+03
128.0800,8.438774e+03,5.315779e+03,5.415914e+03,6.188477e+03,4.131208e+03,4.022037e+03
128.1000,8.111513e+03,5.109553e+03,5.205804e+03,5.948409e+03,3.970946e+03,3.866013e+03
128.1200,7.806639e+03,4.917426e+03,5.010059e+03,5.724758e+03,3.821636e+03,3.720650e+03
128.1400,7.522228e+03,4.738184e+03,4.827442e+03,5.516109e+03,3.682335e+03,3.585033e+03
128.1600,7.256560e+03,4.570745e+03,4.656850e+03,5.321203e+03,3.552204e+03,3.458341e+03
128.1800,7.008099e+03,4.414140e+03,4.497298e+03,5.138913e+03,3.430489e+03,3.339843e+03
128.2000,6.775464e+03,4.267502e+03,4.347900e+03,4.968228e+03,3.316515e+03,3.228882e+03
128.2200,6.557416e+03,4.130048e+03,4.207859e+03,4.808237e+03,3.209677e+03,3.124866e+03
128.2400,6.352838e+03,4.001077e+03,4.076461e+03,4.658122e+03,3.109427e+03,3.027265e+03
128.2600,6.160722e+03,3.879951e+03,3.953057e+03,4.517144e+03,3.015272e+03,2.935597e+03
128.2800,5.980155e+03,3.766098e+03,3.837062e+03,4.384633e+03,2.926765e+03,2.849427e+03
128.3000,5.810311e+03,3.658995e+03,3.727946e+03,4.259983e+03,2.843502e+03,2.768363e+03
128.3200,5.650439e+03,3.558171e+03,3.625226e+03,4.142645e+03,2.765117e+03,2.692047e+03
128.3400,5.499857e+03,3.463196e+03,3.528466e+03,4.032117e+03,2.691274e+03,2.620153e+03
128.3600,5.357943e+03,3.373678e+03,3.437265e+03,3.927943e+03,2.621669e+03,2.552385e+03
128.3800,5.224131e+03,3.289260e+03,3.351261e+03,3.829708e+03,2.556026e+03,2.488473e+03
128.4000,5.097902e+03,3.209615e+03,3.270121e+03,3.737033e+03,2.494090e+03,2.428171e+03
128.4200,4.978783e+03,3.134446e+03,3.193541e+03,3.649569e+03,2.435630e+03,2.371252e+03
128.4400,4.866341e+03,3.063480e+03,3.121242e+03,3.566999e+03,2.380434e+03,2.317511e+03
128.4600,4.760178e+03,2.996465e+03,3.052970e+03,3.489031e+03,2.328307e+03,2.266757e+03
128.4800,4.659929e+03,2.933173e+03,2.988490e+03,3.415398e+03,2.279071e+03,2.218818e+03
128.5000,4.565260e+03,2.873391e+03,2.927588e+03,3.345854e+03,2.232561e+03,2.173532e+03
128.5200,4.475862e+03,2.816927e+03,2.870066e+03,3.280174e+03,2.188627e+03,2.130754e+03
128.5400,4.391453e+03,2.763602e+03,2.815742e+03,3.218149e+03,2.147130e+03,2.090349e+03
128.5600,4.311773e+03,2.713252e+03,2.764449e+03,3.159590e+03,2.107943e+03,2.052192e+03
128.5800,4.236581e+03,2.665725e+03,2.716033e+03,3.104319e+03,2.070948e+03,2.016169e+03
128.6000,4.165657e+03,2.620883e+03,2.670353e+03,3.052175e+03,2.036037e+03,1.982175e+03
128.6200,4.098798e+03,2.578597e+03,2.627277e+03,3.003009e+03,2.003111e+03,1.950113e+03
128.6400,4.035817e+03,2.538749e+03,2.586686e+03,2.956683e+03,1.972078e+03,1.919893e+03
128.6600,3.976541e+03,2.501232e+03,2.548468e+03,2.913072e+03,1.942853e+03,1.891434e+03
128.6800,3.920811e+03,2.465944e+03,2.512523e+03,2.872058e+03,1.915358e+03,1.864659e+03
128.7000,3.868483e+03,2.432794e+03,2.478756e+03,2.833535e+03,1.889523e+03,1.839499e+03
128.7200,3.819423e+03,2.401698e+03,2.447082e+03,2.797405e+03,1.865282e+03,1.815891e+03
128.7400,3.773508e+03,2.372578e+03,2.417421e+03,2.763578e+03,1.842574e+03,1.793776e+03
128.7600,3.730626e+03,2.345364e+03,2.389702e+03,2.731971e+03,1.821344e+03,1.773099e+03
128.7800,3.690674e+03,2.319991e+03,2.363859e+03,2.702509e+03,1.801543e+03,1.753812e+03
128.8000,3.653561e+03,2.296399e+03,2.339831e+03,2.675124e+03,1.783123e+03,1.735871e+03
128.8200,3.619200e+03,2.274536e+03,2.317565e+03,2.649754e+03,1.766045e+03,1.719235e+03
128.8400,3.587516e+03,2.254354e+03,2.297012e+03,2.626343e+03,1.750269e+03,1.703867e+03
128.8600,3.558442e+03,2.235809e+03,2.278127e+03,2.604840e+03,1.735763e+03,1.689735e+03
128.8800,3.531916e+03,2.218863e+03,2.260871e+03,2.585201e+03,1.722497e+03,1.676810e+03
128.9000,3.507885e+03,2.203482e+03,2.245210e+03,2.567386e+03,1.710444e+03,1.665065e+03
128.9200,3.486303e+03,2.189636e+03,2.231114e+03,2.551363e+03,1.699581e+03,1.654479e+03
128.9400,3.467130e+03,2.177301e+03,2.218557e+03,2.537100e+03,1.689889e+03,1.645032e+03
128.9600,3.450334e+03,2.166456e+03,2.207518e+03,2.524575e+03,1.681351e+03,1.636708e+03
128.9800,3.435889e+03,2.157083e+03,2.197980e+03,2.513767e+03,1.673953e+03,1.629495e+03
129.0000,3.423774e+03,2.149171e+03,2.189929e+03,2.504662e+03,1.667687e+03,1.623382e+03
129.0200,3.413977e+03,2.142709e+03,2.183358e+03,2.497250e+03,1.662544e+03,1.618363e+03
129.0400,3.406491e+03,2.137694e+03,2.178260e+03,2.491526e+03,1.658522e+03,1.614434e+03
129.0600,3.401315e+03,2.134125e+03,2.174637e+03,2.487488e+03,1.655618e+03,1.611594e+03
129.0800,3.398456e+03,2.132005e+03,2.172490e+03,2.485142e+03,1.653837e+03,1.609846e+03
129.1000,3.397926e+03,2.131342e+03,2.171828e+03,2.484495e+03,1.653183e+03,1.609195e+03
129.1200,3.399746e+03,2.132148e+03,2.172663e+03,2.485564e+03,1.653666e+03,1.609650e+03
129.1400,3.403943e+03,2.134439e+03,2.175011e+03,2.488365e+03,1.655298e+03,1.611223e+03
129.1600,3.410549e+03,2.138236e+03,2.178895e+03,2.492925e+03,1.658094e+03,1.613930e+03
129.1800,3.419609e+03,2.143565e+03,2.184340e+03,2.499274e+03,1.662076e+03,1.617790e+03
129.2000,3.431170e+03,2.150456e+03,2.191377e+03,2.507447e+03,1.667266e+03,1.622825e+03
129.2200,3.445293e+03,2.158946e+03,2.200044e+03,2.517486e+03,1.673691e+03,1.629063e+03
129.2400,3.462043e+03,2.169076e+03,2.210382e+03,2.529441e+03,1.681385e+03,1.636535e+03
129.2600,3.481498e+03,2.180894e+03,2.222441e+03,2.543366e+03,1.690383e+03,1.645276e+03
129.2800,3.503746e+03,2.194453e+03,2.236274e+03,2.559326e+03,1.700726e+03,1.655326e+03
129.3000,3.528883e+03,2.209815e+03,2.251944e+03,2.577391e+03,1.712463e+03,1.666731e+03
129.3200,3.557021e+03,2.227047e+03,2.269521e+03,2.597641e+03,1.725644e+03,1.679542e+03
129.3400,3.588282e+03,2.246225e+03,2.289082e+03,2.620165e+03,1.740329e+03,1.693816e+03
129.3600,3.622802e+03,2.267435e+03,2.310714e+03,2.645063e+03,1.756583e+03,1.709617e+03
129.3800,3.660734e+03,2.290770e+03,2.334512e+03,2.672444e+03,1.774479e+03,1.727015e+03
129.4000,3.702247e+03,2.316336e+03,2.360583e+03,2.702432e+03,1.794097e+03,1.746088e+03
129.4200,3.747527e+03,2.344248e+03,2.389047e+03,2.735162e+03,1.815527e+03,1.766925e+03
129.4400,3.796782e+03,2.374636e+03,2.420033e+03,2.770784e+03,1.838868e+03,1.789620e+03
129.4600,3.850242e+03,2.407641e+03,2.453687e+03,2.809465e+03,1.864230e+03,1.814282e+03
129.4800,3.908160e+03,2.443421e+03,2.490171e+03,2.851391e+03,1.891734e+03,1.841028e+03
129.5000,3.970819e+03,2.482153e+03,2.529663e+03,2.896766e+03,1.921517e+03,1.869990e+03
129.5200,4.038531e+03,2.524029e+03,2.572360e+03,2.945816e+03,1.953726e+03,1.901314e+03
129.5400,4.111643e+03,2.569265e+03,2.618483e+03,2.998794e+03,1.988529e+03,1.935161e+03
129.5600,4.190540e+03,2.618101e+03,2.668275e+03,3.055981e+03,2.026111e+03,1.971710e+03
129.5800,4.275652e+03,2.670804e+03,2.722008e+03,3.117687e+03,2.066676e+03,2.011162e+03
129.6000,4.367455e+03,2.727669e+03,2.779985e+03,3.184260e+03,2.110453e+03,2.053739e+03
129.6200,4.466483e+03,2.789029e+03,2.842543e+03,3.256086e+03,2.157698e+03,2.099690e+03
129.6400,4.573331e+03,2.855253e+03,2.910059e+03,3.333600e+03,2.208697e+03,2.149292e+03
129.6600,4.688667e+03,2.926756e+03,2.982957e+03,3.417285e+03,2.263770e+03,2.202858e+03
129.6800,4.813240e+03,3.004004e+03,3.061711e+03,3.507687e+03,2.323275e+03,2.260735e+03
129.7000,4.947891e+03,3.087520e+03,3.146855e+03,3.605418e+03,2.387616e+03,2.323317e+03
129.7200,5.093572e+03,3.177896e+03,3.238991e+03,3.711167e+03,2.457249e+03,2.391047e+03
129.7400,5.251357e+03,3.275798e+03,3.338799e+03,3.825718e+03,2.532689e+03,2.464426e+03
129.7600,5.422465e+03,3.381985e+03,3.447053e+03,3.949954e+03,2.614521e+03,2.544024e+03
129.7800,5.608281e+03,3.497318e+03,3.564630e+03,4.084884e+03,2.703410e+03,2.630485e+03
129.8000,5.810386e+03,3.622780e+03,3.692532e+03,4.231658e+03,2.800112e+03,2.724549e+03
129.8200,6.030593e+03,3.759497e+03,3.831908e+03,4.391591e+03,2.905498e+03,2.827059e+03
129.8400,6.270981e+03,3.908763e+03,3.984076e+03,4.566197e+03,3.020565e+03,2.938987e+03
129.8600,6.533951e+03,4.072070e+03,4.150556e+03,4.757219e+03,3.146463e+03,3.061452e+03
129.8800,6.822282e+03,4.251145e+03,4.333112e+03,4.966679e+03,3.284527e+03,3.195751e+03
129.9000,7.139210e+03,4.448001e+03,4.533791e+03,5.196929e+03,3.436306e+03,3.343394e+03
129.9200,7.488513e+03,4.664986e+03,4.754991e+03,5.450715e+03,3.603615e+03,3.506143e+03
129.9400,7.874631e+03,4.904861e+03,4.999524e+03,5.731265e+03,3.788582e+03,3.686070e+03
129.9600,8.302805e+03,5.170884e+03,5.270713e+03,6.042389e+03,3.993720e+03,3.885620e+03
129.9800,8.779258e+03,5.466924e+03,5.572500e+03,6.388611e+03,4.222015e+03,4.107696e+03
130.0000,9.311425e+03,5.797604e+03,5.909599e+03,6.775335e+03,4.477032e+03,4.355767e+03
130.0200,9.908241e+03,6.168479e+03,6.287672e+03,7.209059e+03,4.763058e+03,4.634004e+03
130.0400,1.058053e+04,6.586277e+03,6.713577e+03,7.697647e+03,5.085281e+03,4.947453e+03
130.0600,1.134148e+04,7.059202e+03,7.195679e+03,8.250694e+03,5.450031e+03,5.302272e+03
130.0800,1.220733e+04,7.597343e+03,7.744261e+03,8.879995e+03,5.865090e+03,5.706033e+03
130.1000,1.319819e+04,8.213214e+03,8.372079e+03,9.600182e+03,6.340113e+03,6.168126e+03
130.1200,1.433928e+04,8.922484e+03,9.095107e+03,1.042958e+04,6.887187e+03,6.700309e+03
130.1400,1.566248e+04,9.744978e+03,9.933555e+03,1.139136e+04,7.521606e+03,7.317462e+03
130.1600,1.720858e+04,1.070606e+04,1.091328e+04,1.251519e+04,8.262939e+03,8.038620e+03
130.1800,1.903044e+04,1.183860e+04,1.206778e+04,1.383950e+04,9.136535e+03,8.888444e+03
130.2000,2.119748e+04,1.318574e+04,1.344105e+04,1.541473e+04,1.017569e+04,9.899318e+03
130.2200,2.380220e+04,1.480502e+04,1.509172e+04,1.730816e+04,1.142477e+04,1.111442e+04
130.2400,2.697004e+04,1.677440e+04,1.709929e+04,1.961096e+04,1.294394e+04,1.259225e+04
130.2600,3.087418e+04,1.920157e+04,1.957353e+04,2.244904e+04,1.481627e+04,1.441364e+04
130.2800,3.575898e+04,2.223847e+04,2.266931e+04,2.600003e+04,1.715895e+04,1.669259e+04
130.3000,4.197930e+04,2.610571e+04,2.661154e+04,3.052192e+04,2.014220e+04,1.959468e+04
130.3200,5.008039e+04,3.114233e+04,3.174580e+04,3.641110e+04,2.402755e+04,2.337432e+04
130.3400,6.102361e+04,3.794601e+04,3.868139e+04,4.436645e+04,2.927608e+04,2.848007e+04
130.3600,7.696664e+04,4.785831e+04,4.878587e+04,5.595657e+04,3.692271e+04,3.591869e+04
130.3800,1.037393e+05,6.450391e+04,6.575417e+04,7.541966e+04,4.976367e+04,4.841034e+04
130.4000,1.566926e+05,9.742719e+04,9.931573e+04,1.139155e+05,7.516186e+04,7.311763e+04
130.4200,2.687469e+05,1.670963e+05,1.703355e+05,1.953769e+05,1.289072e+05,1.254010e+05
130.4400,4.897654e+05,3.045136e+05,3.104168e+05,3.560531e+05,2.349161e+05,2.285262e+05
130.4600,8.585875e+05,5.338272e+05,5.441761e+05,6.241800e+05,4.118173e+05,4.006153e+05
130.4800,1.344382e+06,8.358680e+05,8.520723e+05,9.773436e+05,6.448230e+05,6.272828e+05
130.5000,1.779351e+06,1.106309e+06,1.127756e+06,1.293559e+06,8.534512e+05,8.302358e+05
130.5200,1.871271e+06,1.163459e+06,1.186014e+06,1.360383e+06,8.975394e+05,8.731247e+05
130.5400,1.537291e+06,9.558075e+05,9.743370e+05,1.117584e+06,7.373487e+05,7.172915e+05
130.5600,1.042127e+06,6.479412e+05,6.605024e+05,7.576092e+05,4.998487e+05,4.862520e+05
130.5800,6.173752e+05,3.838527e+05,3.912941e+05,4.488217e+05,2.961205e+05,2.880656e+05
130.6000,3.404200e+05,2.116565e+05,2.157596e+05,2.474801e+05,1.632816e+05,1.588402e+05
130.6200,1.918086e+05,1.192575e+05,1.215694e+05,1.394420e+05,9.200138e+04,8.949896e+04
130.6400,1.207198e+05,7.505800e+04,7.651301e+04,8.776144e+04,5.790404e+04,5.632912e+04
130.6600,8.635255e+04,5.368996e+04,5.473074e+04,6.277682e+04,4.141978e+04,4.029326e+04
130.6800,6.728350e+04,4.183352e+04,4.264446e+04,4.891371e+04,3.227313e+04,3.139540e+04
130.7000,5.484328e+04,3.409852e+04,3.475951e+04,3.986963e+04,2.630591e+04,2.559049e+04
130.7200,4.587445e+04,2.852183e+04,2.907472e+04,3.334917e+04,2.200369e+04,2.140528e+04
130.7400,3.909535e+04,2.430659e+04,2.477778e+04,2.842060e+04,1.875173e+04,1.824177e+04
130.7600,3.383991e+04,2.103866e+04,2.144651e+04,2.459970e+04,1.623057e+04,1.578917e+04
130.7800,2.969209e+04,1.845937e+04,1.881724e+04,2.158400e+04,1.424065e+04,1.385336e+04
130.8000,2.637031e+04,1.639366e+04,1.671150e+04,1.916880e+04,1.264691e+04,1.230295e+04
130.8200,2.367709e+04,1.471874e+04,1.500413e+04,1.721056e+04,1.135463e+04,1.104582e+04
130.8400,2.147073e+04,1.334651e+04,1.360531e+04,1.560623e+04,1.029585e+04,1.001582e+04
130.8600,1.964754e+04,1.221249e+04,1.244932e+04,1.428044e+04,9.420833e+03,9.164580e+03
130.8800,1.813038e+04,1.126872e+04,1.148728e+04,1.317712e+04,8.692575e+03,8.456112e+03
130.9000,1.686101e+04,1.047899e+04,1.068226e+04,1.225391e+04,8.083137e+03,7.863230e+03
130.9200,1.579484e+04,9.815582e+03,1.000601e+04,1.147842e+04,7.571138e+03,7.365135e+03
130.9400,1.489738e+04,9.257042e+03,9.436664e+03,1.082555e+04,7.140027e+03,6.945728e+03
130.9600,1.414167e+04,8.786601e+03,8.957127e+03,1.027571e+04,6.776868e+03,6.592423e+03
130.9800,1.350644e+04,8.391041e+03,8.553923e+03,9.813429e+03,6.471463e+03,6.295299e+03
131.0000,1.297483e+04,8.059876e+03,8.216364e+03,9.426458e+03,6.215721e+03,6.046485e+03
131.0200,1.253341e+04,7.784748e+03,7.935930e+03,9.105022e+03,6.003192e+03,5.839709e+03
131.0400,1.217144e+04,7.558981e+03,7.705816e+03,8.841316e+03,5.828727e+03,5.669958e+03
131.0600,1.188035e+04,7.377245e+03,7.520588e+03,8.629110e+03,5.688211e+03,5.533232e+03
131.0800,1.165335e+04,7.235305e+03,7.375930e+03,8.463455e+03,5.578376e+03,5.426350e+03
131.1000,1.148508e+04,7.129832e+03,7.268446e+03,8.340457e+03,5.496651e+03,5.346811e+03
131.1200,1.137142e+04,7.058252e+03,7.195516e+03,8.257111e+03,5.441051e+03,5.292683e+03
131.1400,1.130928e+04,7.018647e+03,7.155183e+03,8.211175e+03,5.410091e+03,5.262524e+03
131.1600,1.129651e+04,7.009669e+03,7.146074e+03,8.201076e+03,5.402729e+03,5.255317e+03
131.1800,1.133177e+04,7.030486e+03,7.167340e+03,8.225842e+03,5.418321e+03,5.270437e+03
131.2000,1.141452e+04,7.080741e+03,7.218618e+03,8.285062e+03,5.456589e+03,5.307612e+03
131.2200,1.154493e+04,7.160536e+03,7.300013e+03,8.378857e+03,5.517606e+03,5.366913e+03
131.2400,1.172390e+04,7.270420e+03,7.412085e+03,8.507873e+03,5.601793e+03,5.448750e+03
131.2600,1.195307e+04,7.411405e+03,7.555864e+03,8.673297e+03,5.709923e+03,5.553874e+03
131.2800,1.223486e+04,7.584980e+03,7.732871e+03,8.876877e+03,5.843142e+03,5.683399e+03
131.3000,1.257254e+04,7.793156e+03,7.945156e+03,9.120970e+03,6.002994e+03,5.838825e+03
131.3200,1.297029e+04,8.038524e+03,8.195360e+03,9.408610e+03,6.191467e+03,6.022088e+03
131.3400,1.343337e+04,8.324323e+03,8.486787e+03,9.743597e+03,6.411056e+03,6.235611e+03
131.3600,1.396824e+04,8.654553e+03,8.823514e+03,1.013061e+04,6.664831e+03,6.482383e+03
131.3800,1.458281e+04,9.034095e+03,9.210520e+03,1.057538e+04,6.956549e+03,6.766054e+03
131.4000,1.528669e+04,9.468892e+03,9.653862e+03,1.108486e+04,7.290777e+03,7.091068e+03
131.4200,1.609154e+04,9.966157e+03,1.016090e+04,1.166750e+04,7.673064e+03,7.462819e+03
131.4400,1.701157e+04,1.053466e+04,1.074057e+04,1.233358e+04,8.110156e+03,7.887869e+03
131.4600,1.806405e+04,1.118510e+04,1.140378e+04,1.309563e+04,8.610277e+03,8.374215e+03
131.4800,1.927018e+04,1.193057e+04,1.216388e+04,1.396897e+04,9.183496e+03,8.931650e+03
131.5000,2.065601e+04,1.278718e+04,1.303731e+04,1.497250e+04,9.842212e+03,9.572229e+03
131.5200,2.225385e+04,1.377492e+04,1.404442e+04,1.612962e+04,1.060179e+04,1.031090e+04
131.5400,2.410406e+04,1.491872e+04,1.521067e+04,1.746954e+04,1.148142e+04,1.116631e+04
131.5600,2.625747e+04,1.625004e+04,1.656811e+04,1.902910e+04,1.250528e+04,1.216199e+04
131.5800,2.877880e+04,1.780889e+04,1.815754e+04,2.085516e+04,1.370415e+04,1.332787e+04
131.6000,3.175133e+04,1.964676e+04,2.003147e+04,2.300806e+04,1.511764e+04,1.470247e+04
131.6200,3.528357e+04,2.183077e+04,2.225831e+04,2.556639e+04,1.679736e+04,1.633597e+04
131.6400,3.951887e+04,2.444955e+04,2.492846e+04,2.863399e+04,1.881150e+04,1.829470e+04
131.6600,4.464956e+04,2.762203e+04,2.816316e+04,3.235017e+04,2.125154e+04,2.066760e+04
131.6800,5.093810e+04,3.151052e+04,3.212791e+04,3.690503e+04,2.424230e+04,2.357608e+04
131.7000,5.874968e+04,3.634085e+04,3.705297e+04,4.256310e+04,2.795748e+04,2.718905e+04
131.7200,6.860429e+04,4.243456e+04,4.326619e+04,4.970104e+04,3.264442e+04,3.174705e+04
131.7400,8.126854e+04,5.026573e+04,5.125094e+04,5.887413e+04,3.866774e+04,3.760467e+04
131.7600,9.796385e+04,6.058967e+04,6.177733e+04,7.096709e+04,4.660839e+04,4.532688e+04
131.7800,1.210184e+05,7.484608e+04,7.631332e+04,8.766635e+04,5.757375e+04,5.599060e+04
131.8000,1.561202e+05,9.655238e+04,9.844528e+04,1.130920e+05,7.426926e+04,7.222684e+04
131.8200,2.188869e+05,1.353662e+05,1.380203e+05,1.585564e+05,1.041232e+05,1.012596e+05
131.8400,3.481941e+05,2.153279e+05,2.195500e+05,2.522192e+05,1.656264e+05,1.610709e+05
131.8600,6.190174e+05,3.828014e+05,3.903075e+05,4.483883e+05,2.944401e+05,2.863412e+05
131.8800,1.126777e+06,6.967930e+05,7.104564e+05,8.161807e+05,5.359497e+05,5.212073e+05
131.9000,1.912281e+06,1.182538e+06,1.205727e+06,1.385156e+06,9.095652e+05,8.845455e+05
131.9200,2.840100e+06,1.756290e+06,1.790729e+06,2.057216e+06,1.350871e+06,1.313712e+06
131.9400,3.487969e+06,2.156923e+06,2.199219e+06,2.526496e+06,1.659022e+06,1.613387e+06
131.9600,3.349285e+06,2.071162e+06,2.111777e+06,2.426041e+06,1.593059e+06,1.549237e+06
131.9800,2.549461e+06,1.576561e+06,1.607477e+06,1.846693e+06,1.212631e+06,1.179275e+06
132.0000,1.636082e+06,1.011740e+06,1.031579e+06,1.185092e+06,7.781935e+05,7.567875e+05
132.0200,9.350208e+05,5.782123e+05,5.895504e+05,6.772823e+05,4.447416e+05,4.325082e+05
132.0400,5.116184e+05,3.163856e+05,3.225894e+05,3.705932e+05,2.433550e+05,2.366613e+05
132.0600,2.959090e+05,1.829935e+05,1.865815e+05,2.143452e+05,1.407552e+05,1.368838e+05
132.0800,1.939658e+05,1.199529e+05,1.223048e+05,1.405031e+05,9.226687e+04,8.972926e+04
132.1000,1.427065e+05,8.825465e+04,8.998495e+04,1.033736e+05,6.788578e+04,6.601883e+04
132.1200,1.123992e+05,6.951284e+04,7.087562e+04,8.142053e+04,5.347026e+04,5.199985e+04
132.1400,9.169521e+04,5.670959e+04,5.782132e+04,6.642359e+04,4.362246e+04,4.242293e+04
132.1600,7.640758e+04,4.725576e+04,4.818211e+04,5.534996e+04,3.635088e+04,3.535137e+04
132.1800,6.468904e+04,4.000899e+04,4.079324e+04,4.686157e+04,3.077689e+04,2.993070e+04
132.2000,5.549991e+04,3.432639e+04,3.499922e+04,4.020535e+04,2.640600e+04,2.568004e+04
132.2200,4.816589e+04,2.979096e+04,3.037485e+04,3.489287e+04,2.291746e+04,2.228745e+04
132.2400,4.222330e+04,2.611598e+04,2.662782e+04,3.058826e+04,2.009074e+04,1.953849e+04
132.2600,3.734385e+04,2.309843e+04,2.355110e+04,2.705373e+04,1.776970e+04,1.728128e+04
132.2800,3.328999e+04,2.059141e+04,2.099493e+04,2.411722e+04,1.584133e+04,1.540596e+04
132.3000,2.988660e+04,1.848664e+04,1.884888e+04,2.165186e+04,1.422236e+04,1.383151e+04
132.3200,2.700240e+04,1.670293e+04,1.703020e+04,1.956258e+04,1.285033e+04,1.249722e+04
132.3400,2.453749e+04,1.517850e+04,1.547588e+04,1.777701e+04,1.167773e+04,1.135687e+04
132.3600,2.241480e+04,1.386569e+04,1.413734e+04,1.623933e+04,1.066791e+04,1.037481e+04
132.3800,2.057412e+04,1.272728e+04,1.297661e+04,1.490592e+04,9.792223e+03,9.523210e+03
132.4000,1.896790e+04,1.173386e+04,1.196372e+04,1.374234e+04,9.028055e+03,8.780055e+03
132.4200,1.755819e+04,1.086195e+04,1.107472e+04,1.272110e+04,8.357350e+03,8.127793e+03
132.4400,1.631438e+04,1.009264e+04,1.029032e+04,1.182003e+04,7.765559e+03,7.552273e+03
132.4600,1.521163e+04,9.410545e+03,9.594864e+03,1.102113e+04,7.240854e+03,7.041995e+03
132.4800,1.422954e+04,8.803073e+03,8.975487e+03,1.030963e+04,6.773543e+03,6.587532e+03
132.5000,1.335129e+04,8.259816e+03,8.421584e+03,9.673353e+03,6.355625e+03,6.181103e+03
132.5200,1.256291e+04,7.772125e+03,7.924336e+03,9.102161e+03,5.980444e+03,5.816236e+03
132.5400,1.185267e+04,7.332761e+03,7.476363e+03,8.587576e+03,5.642435e+03,5.487517e+03
132.5600,1.121072e+04,6.935629e+03,7.071450e+03,8.122461e+03,5.336908e+03,5.190387e+03
132.5800,1.062873e+04,6.575569e+03,6.704336e+03,7.700770e+03,5.059896e+03,4.920988e+03
132.6000,1.009959e+04,6.248190e+03,6.370544e+03,7.317360e+03,4.808020e+03,4.676033e+03
132.6200,9.617226e+03,5.949736e+03,6.066244e+03,6.967831e+03,4.578391e+03,4.452714e+03
132.6400,9.176415e+03,5.676977e+03,5.788144e+03,6.648401e+03,4.368526e+03,4.248614e+03
132.6600,8.772652e+03,5.427128e+03,5.533402e+03,6.355807e+03,4.176281e+03,4.061651e+03
132.6800,8.402033e+03,5.197773e+03,5.299556e+03,6.087218e+03,3.999800e+03,3.890017e+03
132.7000,8.061159e+03,4.986810e+03,5.084464e+03,5.840174e+03,3.837464e+03,3.732139e+03
132.7200,7.747062e+03,4.792405e+03,4.886254e+03,5.612525e+03,3.687863e+03,3.586646e+03
132.7400,7.457141e+03,4.612949e+03,4.703285e+03,5.402386e+03,3.549760e+03,3.452334e+03
132.7600,7.189109e+03,4.447026e+03,4.534116e+03,5.208101e+03,3.422066e+03,3.328145e+03
132.7800,6.940948e+03,4.293391e+03,4.377475e+03,5.028209e+03,3.303821e+03,3.213145e+03
132.8000,6.710874e+03,4.150938e+03,4.232236e+03,4.861416e+03,3.194177e+03,3.106510e+03
132.8200,6.497303e+03,4.018689e+03,4.097401e+03,4.706576e+03,3.092381e+03,3.007506e+03
132.8400,6.298828e+03,3.895772e+03,3.972082e+03,4.562669e+03,2.997762e+03,2.915482e+03
132.8600,6.114191e+03,3.781412e+03,3.855486e+03,4.428784e+03,2.909724e+03,2.829858e+03
132.8800,5.942271e+03,3.674913e+03,3.746907e+03,4.304109e+03,2.827731e+03,2.750112e+03
132.9000,5.782062e+03,3.575653e+03,3.645708e+03,4.187914e+03,2.751306e+03,2.675781e+03
132.9200,5.632660e+03,3.483075e+03,3.551322e+03,4.079546e+03,2.680018e+03,2.606446e+03
132.9400,5.493252e+03,3.396674e+03,3.463236e+03,3.978416e+03,2.613482e+03,2.541732e+03
132.9600,5.363108e+03,3.316000e+03,3.380987e+03,3.883993e+03,2.551348e+03,2.481299e+03
132.9800,5.241564e+03,3.240641e+03,3.304158e+03,3.795798e+03,2.493302e+03,2.424841e+03
133.0000,5.128024e+03,3.170228e+03,3.232373e+03,3.713398e+03,2.439060e+03,2.372082e+03
133.0200,5.021944e+03,3.104427e+03,3.165290e+03,3.636400e+03,2.388363e+03,2.322770e+03
133.0400,4.922834e+03,3.042932e+03,3.102598e+03,3.564448e+03,2.340977e+03,2.276679e+03
133.0600,4.830247e+03,2.985468e+03,3.044015e+03,3.497218e+03,2.296690e+03,2.233601e+03
133.0800,4.743776e+03,2.931783e+03,2.989286e+03,3.434416e+03,2.255308e+03,2.193349e+03
133.1000,4.663051e+03,2.881647e+03,2.938177e+03,3.375774e+03,2.216656e+03,2.155750e+03
133.1200,4.587735e+03,2.834854e+03,2.890474e+03,3.321047e+03,2.180572e+03,2.120650e+03
133.1400,4.517521e+03,2.791211e+03,2.845985e+03,3.270013e+03,2.146911e+03,2.087905e+03
133.1600,4.452128e+03,2.750546e+03,2.804532e+03,3.222467e+03,2.115538e+03,2.057385e+03
133.1800,4.391299e+03,2.712700e+03,2.765953e+03,3.178224e+03,2.086331e+03,2.028972e+03
133.2000,4.334799e+03,2.677527e+03,2.730100e+03,3.137115e+03,2.059179e+03,2.002557e+03
133.2200,4.282416e+03,2.644895e+03,2.696838e+03,3.098983e+03,2.033980e+03,1.978040e+03
133.2400,4.233952e+03,2.614682e+03,2.666043e+03,3.063688e+03,2.010640e+03,1.955332e+03
133.2600,4.189230e+03,2.586779e+03,2.637602e+03,3.031098e+03,1.989074e+03,1.934348e+03
133.2800,4.148085e+03,2.561083e+03,2.611413e+03,3.001097e+03,1.969204e+03,1.915014e+03
133.3000,4.110369e+03,2.537502e+03,2.587380e+03,2.973575e+03,1.950960e+03,1.897260e+03
133.3200,4.075946e+03,2.515953e+03,2.565419e+03,2.948434e+03,1.934275e+03,1.881023e+03
133.3400,4.044691e+03,2.496358e+03,2.545451e+03,2.925585e+03,1.919092e+03,1.866246e+03
133.3600,4.016494e+03,2.478648e+03,2.527405e+03,2.904945e+03,1.905355e+03,1.852876e+03
133.3800,3.991252e+03,2.462760e+03,2.511217e+03,2.886442e+03,1.893018e+03,1.840866e+03
133.4000,3.968872e+03,2.448636e+03,2.496827e+03,2.870007e+03,1.882035e+03,1.830173e+03
133.4200,3.949273e+03,2.436225e+03,2.484185e+03,2.855582e+03,1.872368e+03,1.820759e+03
133.4400,3.932380e+03,2.425481e+03,2.473243e+03,2.843111e+03,1.863980e+03,1.812589e+03
133.4600,3.918127e+03,2.416363e+03,2.463959e+03,2.832548e+03,1.856840e+03,1.805632e+03
133.4800,3.906457e+03,2.408835e+03,2.456296e+03,2.823850e+03,1.850919e+03,1.799861e+03
133.5000,3.897317e+03,2.402865e+03,2.450221e+03,2.816979e+03,1.846194e+03,1.795252e+03
133.5200,3.890665e+03,2.398425e+03,2.445708e+03,2.811904e+03,1.842644e+03,1.791785e+03
133.5400,3.886463e+03,2.395493e+03,2.442733e+03,2.808598e+03,1.840249e+03,1.789442e+03
133.5600,3.884681e+03,2.394050e+03,2.441274e+03,2.807038e+03,1.838996e+03,1.788209e+03
133.5800,3.885295e+03,2.394079e+03,2.441319e+03,2.807207e+03,1.838872e+03,1.788073e+03
133.6000,3.888286e+03,2.395569e+03,2.442853e+03,2.809091e+03,1.839869e+03,1.789027e+03
133.6200,3.893643e+03,2.398513e+03,2.445870e+03,2.812681e+03,1.841979e+03,1.791064e+03
133.6400,3.901358e+03,2.402906e+03,2.450365e+03,2.817972e+03,1.845201e+03,1.794180e+03
133.6600,3.911433e+03,2.408748e+03,2.456337e+03,2.824964e+03,1.849532e+03,1.798375e+03
133.6800,3.923871e+03,2.416041e+03,2.463789e+03,2.833660e+03,1.854975e+03,1.803652e+03
133.7000,3.938685e+03,2.424792e+03,2.472729e+03,2.844068e+03,1.861535e+03,1.810014e+03
133.7200,3.955891e+03,2.435011e+03,2.483166e+03,2.856200e+03,1.869220e+03,1.817469e+03
133.7400,3.975513e+03,2.446712e+03,2.495113e+03,2.870071e+03,1.878038e+03,1.826027e+03
133.7600,3.997578e+03,2.459911e+03,2.508590e+03,2.885704e+03,1.888005e+03,1.835700e+03
133.7800,4.022123e+03,2.474630e+03,2.523616e+03,2.903121e+03,1.899135e+03,1.846504e+03
133.8000,4.049187e+03,2.490894e+03,2.540219e+03,2.922353e+03,1.911448e+03,1.858458e+03
133.8200,4.078820e+03,2.508732e+03,2.558426e+03,2.943434e+03,1.924965e+03,1.871582e+03
133.8400,4.111074e+03,2.528176e+03,2.578272e+03,2.966403e+03,1.939711e+03,1.885901e+03
133.8600,4.146012e+03,2.549263e+03,2.599794e+03,2.991302e+03,1.955715e+03,1.901442e+03
133.8800,4.183702e+03,2.572036e+03,2.623035e+03,3.018182e+03,1.973008e+03,1.918237e+03
133.9000,4.224220e+03,2.596540e+03,2.648043e+03,3.047097e+03,1.991626e+03,1.936319e+03
133.9200,4.267651e+03,2.622827e+03,2.674868e+03,3.078107e+03,2.011607e+03,1.955726e+03
133.9400,4.314086e+03,2.650953e+03,2.703570e+03,3.111278e+03,2.032995e+03,1.976500e+03
133.9600,4.363628e+03,2.680980e+03,2.734211e+03,3.146684e+03,2.055837e+03,1.998688e+03
133.9800,4.416388e+03,2.712975e+03,2.766859e+03,3.184404e+03,2.080184e+03,2.022338e+03
134.0000,4.472487e+03,2.747014e+03,2.801592e+03,3.224525e+03,2.106093e+03,2.047506e+03
134.0200,4.532058e+03,2.783175e+03,2.838490e+03,3.267142e+03,2.133625e+03,2.074251e+03
134.0400,4.595245e+03,2.821548e+03,2.877644e+03,3.312359e+03,2.162847e+03,2.102640e+03
134.0600,4.662205e+03,2.862227e+03,2.919150e+03,3.360288e+03,2.193833e+03,2.132742e+03
134.0800,4.733107e+03,2.905317e+03,2.963116e+03,3.411051e+03,2.226661e+03,2.164635e+03
134.1000,4.808138e+03,2.950930e+03,3.009656e+03,3.464781e+03,2.261418e+03,2.198402e+03
134.1200,4.887499e+03,2.999189e+03,3.058895e+03,3.521623e+03,2.298198e+03,2.234135e+03
134.1400,4.971407e+03,3.050228e+03,3.110970e+03,3.581733e+03,2.337102e+03,2.271932e+03
134.1600,5.060101e+03,3.104192e+03,3.166028e+03,3.645282e+03,2.378240e+03,2.311901e+03
134.1800,5.153839e+03,3.161237e+03,3.224229e+03,3.712455e+03,2.421734e+03,2.354159e+03
134.2000,5.252901e+03,3.221536e+03,3.285750e+03,3.783454e+03,2.467713e+03,2.398832e+03
134.2200,5.357593e+03,3.285274e+03,3.350779e+03,3.858498e+03,2.516321e+03,2.446060e+03
134.2400,5.468248e+03,3.352655e+03,3.419524e+03,3.937826e+03,2.567712e+03,2.495993e+03
134.2600,5.585229e+03,3.423900e+03,3.492211e+03,4.021699e+03,2.622055e+03,2.548794e+03
134.2800,5.708931e+03,3.499251e+03,3.569086e+03,4.110400e+03,2.679536e+03,2.604644e+03
134.3000,5.839787e+03,3.578971e+03,3.650419e+03,4.204241e+03,2.740354e+03,2.663739e+03
134.3200,5.978270e+03,3.663350e+03,3.736504e+03,4.303560e+03,2.804732e+03,2.726291e+03
134.3400,6.124897e+03,3.752703e+03,3.827663e+03,4.408729e+03,2.872909e+03,2.792537e+03
134.3600,6.280237e+03,3.847377e+03,3.924251e+03,4.520157e+03,2.945152e+03,2.862733e+03
134.3800,6.444913e+03,3.947753e+03,4.026654e+03,4.638291e+03,3.021751e+03,2.937162e+03
134.4000,6.619611e+03,4.054249e+03,4.135302e+03,4.763624e+03,3.103025e+03,3.016135e+03
134.4200,6.805087e+03,4.167327e+03,4.250664e+03,4.896699e+03,3.189327e+03,3.099993e+03
134.4400,7.002176e+03,4.287497e+03,4.373260e+03,5.038114e+03,3.281046e+03,3.189117e+03
134.4600,7.211800e+03,4.415322e+03,4.503665e+03,5.188533e+03,3.378613e+03,3.283922e+03
134.4800,7.434982e+03,4.551425e+03,4.642516e+03,5.348691e+03,3.482504e+03,3.384874e+03
134.5000,7.672858e+03,4.696502e+03,4.790520e+03,5.519402e+03,3.593250e+03,3.492486e+03
134.5200,7.926692e+03,4.851323e+03,4.948465e+03,5.701574e+03,3.711439e+03,3.607332e+03
134.5400,8.197894e+03,5.016749e+03,5.117228e+03,5.896221e+03,3.837729e+03,3.730050e+03
134.5600,8.488041e+03,5.193743e+03,5.297793e+03,6.104474e+03,3.972855e+03,3.861356e+03
134.5800,8.798901e+03,5.383385e+03,5.491260e+03,6.327604e+03,4.117643e+03,4.002050e+03
134.6000,9.132462e+03,5.586889e+03,5.698868e+03,6.567039e+03,4.273020e+03,4.153034e+03
134.6200,9.490965e+03,5.805623e+03,5.922013e+03,6.824388e+03,4.440030e+03,4.315324e+03
134.6400,9.876946e+03,6.041136e+03,6.162273e+03,7.101472e+03,4.619856e+03,4.490067e+03
134.6600,1.029328e+04,6.295182e+03,6.421441e+03,7.400356e+03,4.813840e+03,4.678569e+03
134.6800,1.074324e+04,6.569761e+03,6.701555e+03,7.723392e+03,5.023509e+03,4.882313e+03
134.7000,1.123057e+04,6.867157e+03,7.004945e+03,8.073265e+03,5.250606e+03,5.102994e+03
134.7200,1.175955e+04,7.189989e+03,7.334282e+03,8.453056e+03,5.497133e+03,5.342556e+03
134.7400,1.233513e+04,7.541270e+03,7.692642e+03,8.866311e+03,5.765391e+03,5.603236e+03
134.7600,1.296300e+04,7.924485e+03,8.083579e+03,9.317127e+03,6.058043e+03,5.887621e+03
134.7800,1.364980e+04,8.343680e+03,8.511220e+03,9.810264e+03,6.378179e+03,6.198715e+03
134.8000,1.440325e+04,8.803577e+03,8.980382e+03,1.035127e+04,6.729406e+03,6.540021e+03
134.8200,1.523242e+04,9.309708e+03,9.496709e+03,1.094667e+04,7.115950e+03,6.915649e+03
134.8400,1.614799e+04,9.868598e+03,1.006686e+04,1.160412e+04,7.542795e+03,7.330441e+03
134.8600,1.716262e+04,1.048798e+04,1.069872e+04,1.233272e+04,8.015849e+03,7.790137e+03
134.8800,1.829142e+04,1.117708e+04,1.140169e+04,1.314332e+04,8.542157e+03,8.301585e+03
134.9000,1.955253e+04,1.194696e+04,1.218708e+04,1.404894e+04,9.130178e+03,8.873003e+03
134.9200,2.096785e+04,1.281102e+04,1.306854e+04,1.506534e+04,9.790135e+03,9.514329e+03
134.9400,2.256408e+04,1.378555e+04,1.406270e+04,1.621167e+04,1.053448e+04,1.023766e+04
134.9600,2.437401e+04,1.489058e+04,1.518997e+04,1.751148e+04,1.137851e+04,1.105786e+04
134.9800,2.643823e+04,1.615088e+04,1.647566e+04,1.899395e+04,1.234116e+04,1.199334e+04
135.0000,2.880752e+04,1.759748e+04,1.795138e+04,2.069553e+04,1.344611e+04,1.306710e+04
135.0200,3.154603e+04,1.926955e+04,1.965711e+04,2.266231e+04,1.472330e+04,1.430824e+04
135.0400,3.473575e+04,2.121715e+04,2.164392e+04,2.495316e+04,1.621097e+04,1.575392e+04
135.0600,3.848273e+04,2.350505e+04,2.397789e+04,2.764428e+04,1.795859e+04,1.745222e+04
135.0800,4.292607e+04,2.621820e+04,2.674565e+04,3.083558e+04,2.003106e+04,1.946621e+04
135.1000,4.825098e+04,2.946969e+04,3.006260e+04,3.466007e+04,2.251477e+04,2.187982e+04
135.1200,5.470813e+04,3.341261e+04,3.408489e+04,3.929781e+04,2.552667e+04,2.480672e+04
135.1400,6.264322e+04,3.825807e+04,3.902788e+04,4.499711e+04,2.922801e+04,2.840362e+04
135.1600,7.254326e+04,4.430346e+04,4.519496e+04,5.210777e+04,3.384600e+04,3.289129e+04
135.1800,8.511399e+04,5.197979e+04,5.302580e+04,6.113672e+04,3.970987e+04,3.858969e+04
135.2000,1.014351e+05,6.194636e+04,6.319298e+04,7.285943e+04,4.732328e+04,4.598827e+04
135.2200,1.233912e+05,7.535416e+04,7.687064e+04,8.862967e+04,5.756546e+04,5.594145e+04
135.2400,1.551587e+05,9.475356e+04,9.666050e+04,1.114472e+05,7.238470e+04,7.034253e+04
135.2600,2.079682e+05,1.270029e+05,1.295589e+05,1.493786e+05,9.702014e+04,9.428285e+04
135.2800,3.115714e+05,1.902710e+05,1.941004e+05,2.237938e+05,1.453511e+05,1.412501e+05
135.3000,5.306311e+05,3.240463e+05,3.305681e+05,3.811388e+05,2.475434e+05,2.405590e+05
135.3200,9.652044e+05,5.894319e+05,6.012949e+05,6.932820e+05,4.502742e+05,4.375697e+05
135.3400,1.697479e+06,1.036618e+06,1.057482e+06,1.219257e+06,7.918848e+05,7.695416e+05
135.3600,2.675268e+06,1.633736e+06,1.666617e+06,1.921579e+06,1.248029e+06,1.212816e+06
135.3800,3.574927e+06,2.183141e+06,2.227079e+06,2.567782e+06,1.667726e+06,1.620671e+06
135.4000,3.807066e+06,2.324903e+06,2.371695e+06,2.734521e+06,1.776019e+06,1.725908e+06
135.4200,3.163684e+06,1.932000e+06,1.970885e+06,2.272395e+06,1.475876e+06,1.434234e+06
135.4400,2.163394e+06,1.321141e+06,1.347731e+06,1.553910e+06,1.009233e+06,9.807573e+05
135.4600,1.290463e+06,7.880562e+05,8.039170e+05,9.269033e+05,6.020035e+05,5.850176e+05
135.4800,7.149820e+05,4.366194e+05,4.454072e+05,5.135484e+05,3.335365e+05,3.241255e+05
135.5000,4.039411e+05,2.466712e+05,2.516361e+05,2.901343e+05,1.884325e+05,1.831156e+05
135.5200,2.550021e+05,1.557157e+05,1.588500e+05,1.831540e+05,1.189500e+05,1.155936e+05
135.5400,1.836318e+05,1.121299e+05,1.143870e+05,1.318895e+05,8.565380e+04,8.323674e+04
135.5600,1.447168e+05,8.836382e+04,9.014270e+04,1.039367e+05,6.749806e+04,6.559321e+04
135.5800,1.198319e+05,7.316553e+04,7.463858e+04,8.606125e+04,5.588728e+04,5.430996e+04
135.6000,1.022733e+05,6.244113e+04,6.369841e+04,7.344801e+04,4.769408e+04,4.634786e+04
135.6200,8.935987e+04,5.455321e+04,5.565182e+04,6.417108e+04,4.166762e+04,4.049136e+04
135.6400,7.972764e+04,4.866886e+04,4.964912e+04,5.725080e+04,3.717162e+04,3.612213e+04
135.6600,7.254382e+04,4.427944e+04,4.517146e+04,5.208894e+04,3.381749e+04,3.286253e+04
135.6800,6.726191e+04,4.105116e+04,4.187832e+04,4.829294e+04,3.135025e+04,3.046479e+04
135.7000,6.351845e+04,3.876199e+04,3.954321e+04,4.560165e+04,2.960023e+04,2.876402e+04
135.7200,6.107691e+04,3.726742e+04,3.801870e+04,4.384513e+04,2.845702e+04,2.765291e+04
135.7400,5.979515e+04,3.648053e+04,3.721614e+04,4.292120e+04,2.785418e+04,2.706690e+04
135.7600,5.960734e+04,3.636097e+04,3.709437e+04,4.278246e+04,2.776082e+04,2.697596e+04
135.7800,6.051638e+04,3.691034e+04,3.765504e+04,4.343085e+04,2.817809e+04,2.738122e+04
135.8000,6.259541e+04,3.817305e+04,3.894345e+04,4.491871e+04,2.913982e+04,2.831551e+04
135.8200,6.599853e+04,4.024289e+04,4.105530e+04,4.735647e+04,3.071750e+04,2.984831e+04
135.8400,7.098379e+04,4.327697e+04,4.415086e+04,5.092911e+04,3.303096e+04,3.209605e+04
135.8600,7.795443e+04,4.752086e+04,4.848070e+04,5.592573e+04,3.626753e+04,3.524075e+04
135.8800,8.753609e+04,5.335568e+04,5.443364e+04,6.279496e+04,4.071793e+04,3.956487e+04
135.9000,1.007582e+05,6.140849e+04,6.264941e+04,7.227495e+04,4.686053e+04,4.553323e+04
135.9200,1.196317e+05,7.290437e+04,7.437789e+04,8.580780e+04,5.562994e+04,5.405391e+04
135.9400,1.491461e+05,9.088281e+04,9.272004e+04,1.069714e+05,6.934495e+04,6.738000e+04
135.9600,2.030370e+05,1.237117e+05,1.262130e+05,1.456157e+05,9.438944e+04,9.171436e+04
135.9800,3.152926e+05,1.920966e+05,1.959811e+05,2.261139e+05,1.465597e+05,1.424054e+05
136.0000,5.507191e+05,3.355177e+05,3.423031e+05,3.949391e+05,2.559751e+05,2.487186e+05
136.0200,9.901755e+05,6.032344e+05,6.154348e+05,7.100758e+05,4.602157e+05,4.471685e+05
136.0400,1.664888e+06,1.014270e+06,1.034784e+06,1.193916e+06,7.737941e+05,7.518562e+05
136.0600,2.452353e+06,1.493995e+06,1.524212e+06,1.758614e+06,1.139776e+06,1.107462e+06
136.0800,2.984865e+06,1.818401e+06,1.855180e+06,2.140481e+06,1.387265e+06,1.347934e+06
136.1000,2.840555e+06,1.730486e+06,1.765486e+06,2.036994e+06,1.320194e+06,1.282765e+06
136.1200,2.149333e+06,1.309390e+06,1.335874e+06,1.541312e+06,9.989399e+05,9.706185e+05
136.1400,1.376134e+06,8.383547e+05,8.553110e+05,9.868446e+05,6.395862e+05,6.214532e+05
136.1600,7.886400e+05,4.804505e+05,4.901678e+05,5.655468e+05,3.665405e+05,3.561489e+05
136.1800,4.363775e+05,2.658502e+05,2.712270e+05,3.129357e+05,2.028215e+05,1.970715e+05
136.2000,2.577301e+05,1.570167e+05,1.601922e+05,1.848254e+05,1.197919e+05,1.163960e+05
136.2200,1.733351e+05,1.056020e+05,1.077377e+05,1.243043e+05,8.056723e+04,7.828338e+04
136.2400,1.307291e+05,7.964527e+04,8.125594e+04,9.375029e+04,6.076437e+04,5.904193e+04
136.2600,1.054286e+05,6.423110e+04,6.553005e+04,7.560629e+04,4.900446e+04,4.761539e+04
136.2800,8.813262e+04,5.369327e+04,5.477911e+04,6.320234e+04,4.096470e+04,3.980353e+04
136.3000,7.540008e+04,4.593547e+04,4.686446e+04,5.407087e+04,3.504582e+04,3.405241e+04
136.3200,6.569988e+04,4.002495e+04,4.083443e+04,4.711388e+04,3.053621e+04,2.967061e+04
136.3400,5.816499e+04,3.543350e+04,3.615016e+04,4.170962e+04,2.703290e+04,2.626658e+04
136.3600,5.223232e+04,3.181808e+04,3.246166e+04,3.745429e+04,2.427418e+04,2.358602e+04
136.3800,4.751531e+04,2.894318e+04,2.952867e+04,3.407067e+04,2.208039e+04,2.145437e+04
136.4000,4.374130e+04,2.664269e+04,2.718170e+04,3.136323e+04,2.032478e+04,1.974848e+04
136.4200,4.071437e+04,2.479724e+04,2.529899e+04,2.919146e+04,1.891629e+04,1.837986e+04
136.4400,3.829168e+04,2.331981e+04,2.379174e+04,2.745292e+04,1.778852e+04,1.728400e+04
136.4600,3.636807e+04,2.214631e+04,2.259457e+04,2.607220e+04,1.689258e+04,1.641339e+04
136.4800,3.486570e+04,2.122931e+04,2.165909e+04,2.499345e+04,1.619227e+04,1.573286e+04
136.5000,3.372708e+04,2.053377e+04,2.094956e+04,2.417545e+04,1.566086e+04,1.521644e+04
136.5200,3.291031e+04,2.003414e+04,2.043991e+04,2.358811e+04,1.527884e+04,1.484516e+04
136.5400,3.238575e+04,1.971234e+04,2.011170e+04,2.321018e+04,1.503241e+04,1.460562e+04
136.5600,3.213385e+04,1.955644e+04,1.995274e+04,2.302761e+04,1.491245e+04,1.448896e+04
136.5800,3.214368e+04,1.955973e+04,1.995621e+04,2.303253e+04,1.491385e+04,1.449020e+04
136.6000,3.241212e+04,1.972029e+04,2.012014e+04,2.322268e+04,1.503510e+04,1.460789e+04
136.6200,3.294353e+04,2.004072e+04,2.044719e+04,2.360114e+04,1.527818e+04,1.484393e+04
136.6400,3.374984e+04,2.052822e+04,2.094471e+04,2.417643e+04,1.564856e+04,1.520365e+04
136.6600,3.485120e+04,2.119501e+04,2.162515e+04,2.496294e+04,1.615552e+04,1.569606e+04
136.6800,3.627705e+04,2.205893e+04,2.250674e+04,2.598170e+04,1.681265e+04,1.633436e+04
136.7000,3.806784e+04,2.314452e+04,2.361451e+04,2.726165e+04,1.763862e+04,1.713668e+04
136.7200,4.027764e+04,2.448459e+04,2.498193e+04,2.884146e+04,1.865840e+04,1.812728e+04
136.7400,4.297771e+04,2.612238e+04,2.665314e+04,3.077209e+04,1.990491e+04,1.933815e+04
136.7600,4.626170e+04,2.811472e+04,2.868612e+04,3.312053e+04,2.142143e+04,2.081132e+04
136.7800,5.025304e+04,3.053653e+04,3.115732e+04,3.597507e+04,2.326500e+04,2.260220e+04
136.8000,5.511553e+04,3.348725e+04,3.416819e+04,3.945289e+04,2.551131e+04,2.478433e+04
136.8200,6.106894e+04,3.710025e+04,3.785484e+04,4.371120e+04,2.826193e+04,2.745637e+04
136.8400,6.841209e+04,4.155695e+04,4.240237e+04,4.896378e+04,3.165498e+04,3.075250e+04
136.8600,7.755811e+04,4.710812e+04,4.806666e+04,5.550618e+04,3.588140e+04,3.485821e+04
136.8800,8.908943e+04,5.410730e+04,5.520847e+04,6.375505e+04,4.121039e+04,4.003501e+04
136.9000,1.038492e+05,6.306631e+04,6.435003e+04,7.431357e+04,4.803164e+04,4.666147e+04
136.9200,1.231201e+05,7.476381e+04,7.628588e+04,8.809941e+04,5.693806e+04,5.531355e+04
136.9400,1.491078e+05,9.053871e+04,9.238218e+04,1.066905e+05,6.894909e+04,6.698161e+04
136.9600,1.865950e+05,1.132942e+05,1.156013e+05,1.335082e+05,8.627531e+04,8.381309e+04
136.9800,2.483269e+05,1.507673e+05,1.538378e+05,1.776706e+05,1.148077e+05,1.115308e+05
137.0000,3.683998e+05,2.236555e+05,2.282111e+05,2.635700e+05,1.703060e+05,1.654444e+05
137.0200,6.226287e+05,3.779815e+05,3.856812e+05,4.454443e+05,2.878125e+05,2.795958e+05
137.0400,1.132651e+06,6.875838e+05,7.015910e+05,8.103124e+05,5.235493e+05,5.086016e+05
137.0600,2.007143e+06,1.218433e+06,1.243255e+06,1.435921e+06,9.277476e+05,9.012589e+05
137.0800,3.202681e+06,1.944170e+06,1.983777e+06,2.291206e+06,1.480337e+06,1.438070e+06
137.1000,4.352818e+06,2.642346e+06,2.696177e+06,3.114010e+06,2.011941e+06,1.954496e+06
137.1200,4.737393e+06,2.875797e+06,2.934384e+06,3.389134e+06,2.189695e+06,2.127174e+06
137.1400,4.014814e+06,2.437163e+06,2.486815e+06,2.872202e+06,1.855711e+06,1.802726e+06
137.1600,2.782479e+06,1.689090e+06,1.723501e+06,1.990593e+06,1.286113e+06,1.249392e+06
137.1800,1.672243e+06,1.015134e+06,1.035814e+06,1.196333e+06,7.729507e+05,7.508818e+05
137.2000,9.250173e+05,5.615392e+05,5.729786e+05,6.617693e+05,4.275752e+05,4.153677e+05
137.2200,5.147770e+05,3.125075e+05,3.188734e+05,3.682843e+05,2.379577e+05,2.311643e+05
137.2400,3.165684e+05,1.921870e+05,1.961017e+05,2.264861e+05,1.463433e+05,1.421657e+05
137.2600,2.215678e+05,1.345178e+05,1.372575e+05,1.585227e+05,1.024327e+05,9.950887e+04
137.2800,1.699430e+05,1.031793e+05,1.052806e+05,1.215902e+05,7.857086e+04,7.632834e+04
137.3000,1.368061e+05,8.306363e+04,8.475512e+04,9.788393e+04,6.325431e+04,6.144910e+04
137.3200,1.130671e+05,6.865290e+04,7.005081e+04,8.090091e+04,5.228159e+04,5.078968e+04
137.3400,9.513476e+04,5.776701e+04,5.894316e+04,6.807194e+04,4.399276e+04,4.273750e+04
137.3600,8.120374e+04,4.931009e+04,5.031396e+04,5.810552e+04,3.755340e+04,3.648199e+04
137.3800,7.016604e+04,4.260954e+04,4.347691e+04,5.020898e+04,3.245137e+04,3.152563e+04
137.4000,6.127672e+04,3.721314e+04,3.797058e+04,4.384939e+04,2.834235e+04,2.753392e+04
137.4200,5.401498e+04,3.280476e+04,3.347239e+04,3.865418e+04,2.498562e+04,2.427303e+04
137.4400,4.800778e+04,2.915793e+04,2.975128e+04,3.435646e+04,2.220876e+04,2.157545e+04
137.4600,4.298251e+04,2.610718e+04,2.663838e+04,3.076122e+04,1.988577e+04,1.931877e+04
137.4800,3.873643e+04,2.352943e+04,2.400812e+04,2.772341e+04,1.792293e+04,1.741197e+04
137.5000,3.511634e+04,2.133168e+04,2.176561e+04,2.513344e+04,1.624944e+04,1.578625e+04
137.5200,3.200480e+04,1.944266e+04,1.983811e+04,2.290729e+04,1.481101e+04,1.438888e+04
137.5400,2.931062e+04,1.780698e+04,1.816912e+04,2.097972e+04,1.356549e+04,1.317892e+04
137.5600,2.696213e+04,1.638116e+04,1.671426e+04,1.929946e+04,1.247976e+04,1.212418e+04
137.5800,2.490240e+04,1.513063e+04,1.543826e+04,1.782578e+04,1.152750e+04,1.119910e+04
137.6000,2.308574e+04,1.402766e+04,1.431283e+04,1.652600e+04,1.068760e+04,1.038318e+04
137.6200,2.147518e+04,1.304981e+04,1.331506e+04,1.537366e+04,9.942966e+03,9.659794e+03
137.6400,2.004052e+04,1.217873e+04,1.242624e+04,1.434716e+04,9.279634e+03,9.015394e+03
137.6600,1.875690e+04,1.139935e+04,1.163099e+04,1.342872e+04,8.686121e+03,8.438820e+03
137.6800,1.760373e+04,1.069915e+04,1.091653e+04,1.260361e+04,8.152904e+03,7.920820e+03
137.7000,1.656381e+04,1.006771e+04,1.027223e+04,1.185952e+04,7.672037e+03,7.453676e+03
137.7200,1.562271e+04,9.496251e+03,9.689141e+03,1.118612e+04,7.236850e+03,7.030907e+03
137.7400,1.476824e+04,8.977386e+03,9.159712e+03,1.057470e+04,6.841705e+03,6.647037e+03
137.7600,1.399004e+04,8.504823e+03,8.677528e+03,1.001785e+04,6.481817e+03,6.297417e+03
137.7800,1.327927e+04,8.073195e+03,8.237114e+03,9.509236e+03,6.153099e+03,5.978078e+03
137.8000,1.262836e+04,7.677900e+03,7.833773e+03,9.043442e+03,5.852045e+03,5.685613e+03
137.8200,1.203075e+04,7.314971e+03,7.463456e+03,8.615791e+03,5.575637e+03,5.417090e+03
137.8400,1.148081e+04,6.980975e+03,7.122662e+03,8.222237e+03,5.321259e+03,5.169969e+03
137.8600,1.097361e+04,6.672930e+03,6.808348e+03,7.859266e+03,5.086641e+03,4.942043e+03
137.8800,1.050488e+04,6.388234e+03,6.517858e+03,7.523811e+03,4.869802e+03,4.731389e+03
137.9000,1.007086e+04,6.124610e+03,6.248870e+03,7.213190e+03,4.669009e+03,4.536322e+03
137.9200,9.668256e+03,5.880060e+03,5.999344e+03,6.925046e+03,4.482738e+03,4.355363e+03
137.9400,9.294169e+03,5.652820e+03,5.767481e+03,6.657303e+03,4.309649e+03,4.187209e+03
137.9600,8.946035e+03,5.441335e+03,5.551694e+03,6.408127e+03,4.148556e+03,4.030709e+03
137.9800,8.621580e+03,5.244225e+03,5.350574e+03,6.175892e+03,3.998408e+03,3.884841e+03
138.0000,8.318786e+03,5.060264e+03,5.162872e+03,5.959152e+03,3.858272e+03,3.748700e+03
138.0200,8.035854e+03,4.888360e+03,4.987472e+03,5.756622e+03,3.727317e+03,3.621477e+03
138.0400,7.771179e+03,4.727538e+03,4.823380e+03,5.567153e+03,3.604800e+03,3.502452e+03
138.0600,7.523324e+03,4.576927e+03,4.669706e+03,5.389716e+03,3.490057e+03,3.390978e+03
138.0800,7.291001e+03,4.435743e+03,4.525653e+03,5.223390e+03,3.382492e+03,3.286478e+03
138.1000,7.073053e+03,4.303285e+03,4.390503e+03,5.067348e+03,3.281571e+03,3.188432e+03
138.1200,6.868439e+03,4.178920e+03,4.263611e+03,4.920845e+03,3.186812e+03,3.096372e+03
138.1400,6.676222e+03,4.062080e+03,4.144397e+03,4.783209e+03,3.097782e+03,3.009877e+03
138.1600,6.495556e+03,3.952250e+03,4.032336e+03,4.653835e+03,3.014089e+03,2.928566e+03
138.1800,6.325676e+03,3.848966e+03,3.926954e+03,4.532177e+03,2.935380e+03,2.852098e+03
138.2000,6.165892e+03,3.751810e+03,3.827825e+03,4.417740e+03,2.861335e+03,2.780160e+03
138.2200,6.015579e+03,3.660400e+03,3.734560e+03,4.310078e+03,2.791666e+03,2.712473e+03
138.2400,5.874172e+03,3.574395e+03,3.646810e+03,4.208785e+03,2.726111e+03,2.648783e+03
138.2600,5.741160e+03,3.493484e+03,3.564257e+03,4.113495e+03,2.664433e+03,2.588859e+03
138.2800,5.616081e+03,3.417385e+03,3.486615e+03,4.023879e+03,2.606418e+03,2.532494e+03
138.3000,5.498516e+03,3.345845e+03,3.413625e+03,3.939636e+03,2.551874e+03,2.479499e+03
138.3200,5.388090e+03,3.278635e+03,3.345053e+03,3.860498e+03,2.500625e+03,2.429706e+03
138.3400,5.284462e+03,3.215549e+03,3.280688e+03,3.786220e+03,2.452515e+03,2.382961e+03
138.3600,5.187329e+03,3.156401e+03,3.220343e+03,3.716585e+03,2.407401e+03,2.339128e+03
138.3800,5.096417e+03,3.101025e+03,3.163847e+03,3.651399e+03,2.365159e+03,2.298084e+03
138.4000,5.011486e+03,3.049276e+03,3.111051e+03,3.590486e+03,2.325675e+03,2.259719e+03
138.4200,4.932321e+03,3.001022e+03,3.061822e+03,3.533696e+03,2.288851e+03,2.223938e+03
138.4400,4.858737e+03,2.956149e+03,3.016044e+03,3.480892e+03,2.254600e+03,2.190656e+03
138.4600,4.790571e+03,2.914561e+03,2.973617e+03,3.431961e+03,2.222846e+03,2.159800e+03
138.4800,4.727688e+03,2.876173e+03,2.934456e+03,3.386804e+03,2.193527e+03,2.131309e+03
138.5000,4.669976e+03,2.840917e+03,2.898491e+03,3.345341e+03,2.166590e+03,2.105131e+03
138.5200,4.617346e+03,2.808739e+03,2.865667e+03,3.307508e+03,2.141993e+03,2.081227e+03
138.5400,4.569734e+03,2.779598e+03,2.835942e+03,3.273258e+03,2.119706e+03,2.059565e+03
138.5600,4.527097e+03,2.753469e+03,2.809291e+03,3.242561e+03,2.099708e+03,2.040128e+03
138.5800,4.489418e+03,2.730340e+03,2.785702e+03,3.215403e+03,2.081991e+03,2.022906e+03
138.6000,4.456703e+03,2.710214e+03,2.765177e+03,3.191788e+03,2.066556e+03,2.007900e+03
138.6200,4.428984e+03,2.693110e+03,2.747735e+03,3.171737e+03,2.053416e+03,1.995124e+03
138.6400,4.406317e+03,2.679060e+03,2.733411e+03,3.155292e+03,2.042598e+03,1.984602e+03
138.6600,4.388789e+03,2.668116e+03,2.722257e+03,3.142513e+03,2.034139e+03,1.976371e+03
138.6800,4.376513e+03,2.660347e+03,2.714342e+03,3.133479e+03,2.028091e+03,1.970482e+03
138.7000,4.369637e+03,2.655839e+03,2.709756e+03,3.128296e+03,2.024520e+03,1.966999e+03
138.7200,4.368341e+03,2.654701e+03,2.708609e+03,3.127091e+03,2.023508e+03,1.966001e+03
138.7400,4.372844e+03,2.657064e+03,2.711036e+03,3.130020e+03,2.025154e+03,1.967584e+03
138.7600,4.383406e+03,2.663085e+03,2.717196e+03,3.137267e+03,2.029577e+03,1.971864e+03
138.7800,4.400335e+03,2.672948e+03,2.727276e+03,3.149050e+03,2.036915e+03,1.978975e+03
138.8000,4.423988e+03,2.686868e+03,2.741498e+03,3.165624e+03,2.047332e+03,1.989076e+03
138.8200,4.454783e+03,2.705096e+03,2.760116e+03,3.187286e+03,2.061018e+03,2.002351e+03
138.8400,4.493204e+03,2.727922e+03,2.783429e+03,3.214380e+03,2.078193e+03,2.019014e+03
138.8600,4.539810e+03,2.755684e+03,2.811778e+03,3.247303e+03,2.099112e+03,2.039314e+03
138.8800,4.595249e+03,2.788771e+03,2.845562e+03,3.286515e+03,2.124070e+03,2.063535e+03
138.9000,4.660266e+03,2.827631e+03,2.885239e+03,3.332547e+03,2.153407e+03,2.092008e+03
138.9200,4.735727e+03,2.872784e+03,2.931339e+03,3.386014e+03,2.187517e+03,2.125116e+03
138.9400,4.822630e+03,2.924832e+03,2.984476e+03,3.447626e+03,2.226855e+03,2.163301e+03
138.9600,4.922135e+03,2.984473e+03,3.045363e+03,3.518207e+03,2.271951e+03,2.207076e+03
138.9800,5.035588e+03,3.052515e+03,3.114826e+03,3.598716e+03,2.323417e+03,2.257038e+03
139.0000,5.164560e+03,3.129906e+03,3.193830e+03,3.690270e+03,2.381971e+03,2.313881e+03
139.0200,5.310886e+03,3.217748e+03,3.283502e+03,3.794173e+03,2.448449e+03,2.378420e+03
139.0400,5.476721e+03,3.317339e+03,3.385167e+03,3.911958e+03,2.523835e+03,2.451607e+03
139.0600,5.664604e+03,3.430208e+03,3.500384e+03,4.045432e+03,2.609286e+03,2.534567e+03
139.0800,5.877541e+03,3.558163e+03,3.630999e+03,4.196733e+03,2.706173e+03,2.628633e+03
139.1000,6.119110e+03,3.703359e+03,3.779213e+03,4.368407e+03,2.816130e+03,2.735389e+03
139.1200,6.393593e+03,3.868372e+03,3.947654e+03,4.563498e+03,2.941109e+03,2.856731e+03
139.1400,6.706145e+03,4.056305e+03,4.139489e+03,4.785673e+03,3.083462e+03,2.994942e+03
139.1600,7.063013e+03,4.270919e+03,4.358558e+03,5.039377e+03,3.246038e+03,3.152791e+03
139.1800,7.471821e+03,4.516803e+03,4.609545e+03,5.330034e+03,3.432317e+03,3.333654e+03
139.2000,7.941952e+03,4.799603e+03,4.898213e+03,5.664316e+03,3.646578e+03,3.541687e+03
139.2200,8.485043e+03,5.126327e+03,5.231715e+03,6.050504e+03,3.894131e+03,3.782046e+03
139.2400,9.115669e+03,5.505747e+03,5.619004e+03,6.498965e+03,4.181625e+03,4.061187e+03
139.2600,9.852268e+03,5.948961e+03,6.071409e+03,7.022815e+03,4.517473e+03,4.387278e+03
139.2800,1.071842e+04,6.470166e+03,6.603421e+03,7.638831e+03,4.912434e+03,4.770767e+03
139.3000,1.174468e+04,7.087745e+03,7.233803e+03,8.368737e+03,5.380441e+03,5.225181e+03
139.3200,1.297110e+04,7.825823e+03,7.987181e+03,9.241045e+03,5.939780e+03,5.768276e+03
139.3400,1.445109e+04,8.716536e+03,8.896357e+03,1.029373e+04,6.614806e+03,6.423701e+03
139.3600,1.625693e+04,9.803402e+03,1.000575e+04,1.157822e+04,7.438503e+03,7.223482e+03
139.3800,1.848835e+04,1.114645e+04,1.137663e+04,1.316546e+04,8.456368e+03,8.211794e+03
139.4000,2.128585e+04,1.283025e+04,1.309532e+04,1.515539e+04,9.732501e+03,9.450878e+03
139.4200,2.485299e+04,1.497734e+04,1.528691e+04,1.769283e+04,1.135978e+04,1.103092e+04
139.4400,2.950091e+04,1.777502e+04,1.814256e+04,2.099910e+04,1.348016e+04,1.308974e+04
139.4600,3.577130e+04,2.154935e+04,2.199510e+04,2.545956e+04,1.634077e+04,1.586731e+04
139.4800,4.485997e+04,2.702015e+04,2.757926e+04,3.192486e+04,2.048719e+04,1.989337e+04
139.5000,5.997800e+04,3.612036e+04,3.686803e+04,4.267928e+04,2.738445e+04,2.659041e+04
139.5200,8.964855e+04,5.398050e+04,5.509824e+04,6.378595e+04,4.092112e+04,3.973415e+04
139.5400,1.524748e+05,9.179885e+04,9.370019e+04,1.084787e+05,6.958471e+04,6.756572e+04
139.5600,2.774368e+05,1.670200e+05,1.704800e+05,1.973730e+05,1.265970e+05,1.229231e+05
139.5800,4.887258e+05,2.942061e+05,3.003013e+05,3.476779e+05,2.229951e+05,2.165230e+05
139.6000,7.721078e+05,4.647887e+05,4.744184e+05,5.492676e+05,3.522847e+05,3.420598e+05
139.6200,1.035032e+06,6.230570e+05,6.359659e+05,7.363046e+05,4.722409e+05,4.585340e+05
139.6400,1.106568e+06,6.661178e+05,6.799189e+05,7.871926e+05,5.048778e+05,4.902236e+05
139.6600,9.226054e+05,5.553809e+05,5.668876e+05,6.563270e+05,4.209470e+05,4.087291e+05
139.6800,6.320661e+05,3.804896e+05,3.883726e+05,4.496455e+05,2.883916e+05,2.800213e+05
139.7000,3.770525e+05,2.269831e+05,2.316855e+05,2.682360e+05,1.720445e+05,1.670513e+05
139.7200,2.082511e+05,1.253724e+05,1.279694e+05,1.481554e+05,9.503058e+04,9.227292e+04
139.7400,1.166812e+05,7.025143e+04,7.170637e+04,8.301505e+04,5.325272e+04,5.170773e+04
139.7600,7.267010e+04,4.375865e+04,4.466467e+04,5.170669e+04,3.317300e+04,3.221086e+04
139.7800,5.147638e+04,3.100089e+04,3.164257e+04,3.662998e+04,2.350346e+04,2.282199e+04
139.8000,3.982404e+04,2.398660e+04,2.448295e+04,2.834074e+04,1.818707e+04,1.765991e+04
139.8200,3.227119e+04,1.944001e+04,1.984216e+04,2.296776e+04,1.474102e+04,1.431389e+04
139.8400,2.683415e+04,1.616705e+04,1.650139e+04,1.909991e+04,1.226029e+04,1.190516e+04
139.8600,2.271837e+04,1.368942e+04,1.397243e+04,1.617196e+04,1.038237e+04,1.008175e+04
139.8800,1.951733e+04,1.176242e+04,1.200551e+04,1.389474e+04,8.921799e+03,8.663565e+03
139.9000,1.697916e+04,1.023445e+04,1.044588e+04,1.208907e+04,7.763650e+03,7.539029e+03
139.9200,1.493387e+04,9.003163e+03,9.189089e+03,1.063402e+04,6.830376e+03,6.632840e+03
139.9400,1.326241e+04,7.996903e+03,8.161984e+03,9.444894e+03,6.067653e+03,5.892252e+03
139.9600,1.187935e+04,7.164253e+03,7.312086e+03,8.460936e+03,5.436515e+03,5.279429e+03
139.9800,1.072222e+04,6.467599e+03,6.601003e+03,7.637695e+03,4.908453e+03,4.766689e+03
140.0000,9.744482e+03,5.878937e+03,6.000148e+03,6.942074e+03,4.462241e+03,4.333425e+03
140.0200,8.910962e+03,5.377085e+03,5.487902e+03,6.349043e+03,4.081826e+03,3.964047e+03
140.0400,8.194662e+03,4.945795e+03,5.047681e+03,5.839400e+03,3.754892e+03,3.646598e+03
140.0600,7.574605e+03,4.572439e+03,4.666594e+03,5.398223e+03,3.471868e+03,3.371785e+03
140.0800,7.034296e+03,4.247089e+03,4.334507e+03,5.013776e+03,3.225230e+03,3.132301e+03
140.1000,6.560626e+03,3.961853e+03,4.043366e+03,4.676735e+03,3.008995e+03,2.922338e+03
140.1200,6.143073e+03,3.710397e+03,3.786704e+03,4.379613e+03,2.818364e+03,2.737236e+03
140.1400,5.773114e+03,3.487592e+03,3.559286e+03,4.116350e+03,2.649447e+03,2.573218e+03
140.1600,5.443788e+03,3.289246e+03,3.356835e+03,3.881992e+03,2.499070e+03,2.427201e+03
140.1800,5.149368e+03,3.111911e+03,3.175831e+03,3.672466e+03,2.364618e+03,2.296647e+03
140.2000,4.885103e+03,2.952730e+03,3.013356e+03,3.484391e+03,2.243925e+03,2.179453e+03
140.2200,4.647032e+03,2.809316e+03,2.866974e+03,3.314950e+03,2.135183e+03,2.073862e+03
140.2400,4.431825e+03,2.679666e+03,2.734642e+03,3.161774e+03,2.036873e+03,1.978401e+03
140.2600,4.236673e+03,2.562088e+03,2.614632e+03,3.022865e+03,1.947712e+03,1.891824e+03
140.2800,4.059190e+03,2.455145e+03,2.505479e+03,2.896525e+03,1.866614e+03,1.813075e+03
140.3000,3.897339e+03,2.357613e+03,2.405930e+03,2.781306e+03,1.792647e+03,1.741250e+03
140.3200,3.749374e+03,2.268439e+03,2.314913e+03,2.675964e+03,1.725015e+03,1.675577e+03
140.3400,3.613790e+03,2.186719e+03,2.231504e+03,2.579430e+03,1.663033e+03,1.615389e+03
140.3600,3.489287e+03,2.111669e+03,2.154903e+03,2.490779e+03,1.606105e+03,1.560110e+03
140.3800,3.374736e+03,2.042609e+03,2.084416e+03,2.409207e+03,1.553719e+03,1.509239e+03
140.4000,3.269152e+03,1.978946e+03,2.019439e+03,2.334014e+03,1.505423e+03,1.462340e+03
140.4200,3.171675e+03,1.920164e+03,1.959443e+03,2.264588e+03,1.460825e+03,1.419033e+03
140.4400,3.081549e+03,1.865806e+03,1.903963e+03,2.200391e+03,1.419581e+03,1.378982e+03
140.4600,2.998110e+03,1.815473e+03,1.852592e+03,2.140951e+03,1.381388e+03,1.341892e+03
140.4800,2.920772e+03,1.768812e+03,1.804969e+03,2.085850e+03,1.345978e+03,1.307505e+03
140.5000,2.849016e+03,1.725511e+03,1.760775e+03,2.034720e+03,1.313114e+03,1.275590e+03
140.5200,2.782382e+03,1.685293e+03,1.719728e+03,1.987233e+03,1.282586e+03,1.245944e+03
140.5400,2.720461e+03,1.647911e+03,1.681576e+03,1.943099e+03,1.254208e+03,1.218385e+03
140.5600,2.662888e+03,1.613146e+03,1.646095e+03,1.902057e+03,1.227813e+03,1.192751e+03
140.5800,2.609339e+03,1.580803e+03,1.613086e+03,1.863877e+03,1.203253e+03,1.168899e+03
140.6000,2.559524e+03,1.550705e+03,1.582370e+03,1.828352e+03,1.180395e+03,1.146700e+03
140.6200,2.513181e+03,1.522698e+03,1.553787e+03,1.795297e+03,1.159121e+03,1.126039e+03
140.6400,2.470078e+03,1.496640e+03,1.527193e+03,1.764546e+03,1.139324e+03,1.106811e+03
140.6600,2.430006e+03,1.472405e+03,1.502461e+03,1.735950e+03,1.120908e+03,1.088926e+03
140.6800,2.392777e+03,1.449880e+03,1.479475e+03,1.709376e+03,1.103788e+03,1.072298e+03
140.7000,2.358222e+03,1.428965e+03,1.458131e+03,1.684704e+03,1.087888e+03,1.056854e+03
140.7200,2.326191e+03,1.409567e+03,1.438336e+03,1.661826e+03,1.073137e+03,1.042526e+03
140.7400,2.296548e+03,1.391605e+03,1.420006e+03,1.640645e+03,1.059473e+03,1.029254e+03
140.7600,2.269170e+03,1.375005e+03,1.403068e+03,1.621074e+03,1.046842e+03,1.016984e+03
140.7800,2.243949e+03,1.359702e+03,1.387452e+03,1.603037e+03,1.035193e+03,1.005668e+03
140.8000,2.220787e+03,1.345637e+03,1.373101e+03,1.586463e+03,1.024481e+03,9.952619e+02
140.8200,2.199597e+03,1.332757e+03,1.359960e+03,1.571291e+03,1.014667e+03,9.857276e+02
140.8400,2.180303e+03,1.321017e+03,1.347981e+03,1.557465e+03,1.005716e+03,9.770306e+02
140.8600,2.162836e+03,1.310374e+03,1.337123e+03,1.544938e+03,9.975959e+02,9.691406e+02
140.8800,2.147136e+03,1.300793e+03,1.327348e+03,1.533666e+03,9.902797e+02,9.620311e+02
140.9000,2.133152e+03,1.292242e+03,1.318626e+03,1.523613e+03,9.837435e+02,9.556789e+02
140.9200,2.120839e+03,1.284695e+03,1.310928e+03,1.514747e+03,9.779668e+02,9.500641e+02
140.9400,2.110160e+03,1.278128e+03,1.304231e+03,1.507040e+03,9.729324e+02,9.451698e+02
140.9600,2.101083e+03,1.272524e+03,1.298516e+03,1.500472e+03,9.686259e+02,9.409822e+02
140.9800,2.093585e+03,1.267866e+03,1.293768e+03,1.495023e+03,9.650358e+02,9.374902e+02
141.0000,2.087645e+03,1.264144e+03,1.289975e+03,1.490682e+03,9.621535e+02,9.346853e+02
141.0200,2.083253e+03,1.261349e+03,1.287129e+03,1.487438e+03,9.599731e+02,9.325617e+02
141.0400,2.080401e+03,1.259479e+03,1.285226e+03,1.485287e+03,9.584912e+02,9.311162e+02
141.0600,2.079088e+03,1.258531e+03,1.284265e+03,1.484228e+03,9.577071e+02,9.303481e+02
141.0800,2.079319e+03,1.258508e+03,1.284248e+03,1.484265e+03,9.576228e+02,9.302592e+02
141.1000,2.081105e+03,1.259417e+03,1.285183e+03,1.485403e+03,9.582427e+02,9.308540e+02
141.1200,2.084463e+03,1.261267e+03,1.287078e+03,1.487656e+03,9.595741e+02,9.321394e+02
141.1400,2.089413e+03,1.264071e+03,1.289948e+03,1.491039e+03,9.616268e+02,9.341250e+02
141.1600,2.095986e+03,1.267847e+03,1.293809e+03,1.495571e+03,9.644135e+02,9.368231e+02
141.1800,2.104217e+03,1.272615e+03,1.298684e+03,1.501278e+03,9.679498e+02,9.402487e+02
141.2000,2.114146e+03,1.278399e+03,1.304596e+03,1.508189e+03,9.722542e+02,9.444200e+02
141.2200,2.125822e+03,1.285229e+03,1.311576e+03,1.516338e+03,9.773485e+02,9.493579e+02
141.2400,2.139303e+03,1.293138e+03,1.319657e+03,1.525764e+03,9.832578e+02,9.550868e+02
141.2600,2.154651e+03,1.302164e+03,1.328879e+03,1.536514e+03,9.900107e+02,9.616346e+02
141.2800,2.171939e+03,1.312350e+03,1.339285e+03,1.548637e+03,9.976397e+02,9.690328e+02
141.3000,2.191249e+03,1.323745e+03,1.350925e+03,1.562192e+03,1.006181e+03,9.773168e+02
141.3200,2.212672e+03,1.336403e+03,1.363855e+03,1.577244e+03,1.015677e+03,9.865264e+02
141.3400,2.236311e+03,1.350385e+03,1.378137e+03,1.593863e+03,1.026172e+03,9.967062e+02
141.3600,2.262279e+03,1.365759e+03,1.393840e+03,1.612132e+03,1.037717e+03,1.007906e+03
141.3800,2.290703e+03,1.382600e+03,1.411041e+03,1.632138e+03,1.050371e+03,1.020180e+03
141.4000,2.321723e+03,1.400992e+03,1.429826e+03,1.653983e+03,1.064195e+03,1.033591e+03
141.4200,2.355496e+03,1.421028e+03,1.450289e+03,1.677775e+03,1.079259e+03,1.048206e+03
141.4400,2.392195e+03,1.442812e+03,1.472537e+03,1.703638e+03,1.095643e+03,1.064101e+03
141.4600,2.432013e+03,1.466458e+03,1.496686e+03,1.731707e+03,1.113432e+03,1.081359e+03
141.4800,2.475162e+03,1.492093e+03,1.522867e+03,1.762134e+03,1.132722e+03,1.100075e+03
141.5000,2.521881e+03,1.519860e+03,1.551223e+03,1.795085e+03,1.153620e+03,1.120351e+03
141.5200,2.572433e+03,1.549915e+03,1.581916e+03,1.830749e+03,1.176245e+03,1.142304e+03
141.5400,2.627112e+03,1.582433e+03,1.615125e+03,1.869333e+03,1.200728e+03,1.166060e+03
141.5600,2.686247e+03,1.617611e+03,1.651049e+03,1.911067e+03,1.227218e+03,1.191763e+03
141.5800,2.750202e+03,1.655667e+03,1.689911e+03,1.956212e+03,1.255879e+03,1.219573e+03
141.6000,2.819387e+03,1.696843e+03,1.731961e+03,2.005056e+03,1.286895e+03,1.249668e+03
141.6200,2.894261e+03,1.741415e+03,1.777477e+03,2.057923e+03,1.320471e+03,1.282249e+03
141.6400,2.975338e+03,1.789690e+03,1.826773e+03,2.115178e+03,1.356841e+03,1.317541e+03
141.6600,3.063199e+03,1.842012e+03,1.880202e+03,2.177231e+03,1.396264e+03,1.355796e+03
141.6800,3.158497e+03,1.898772e+03,1.938163e+03,2.244543e+03,1.439035e+03,1.397300e+03
141.7000,3.261972e+03,1.960411e+03,2.001107e+03,2.317638e+03,1.485487e+03,1.442375e+03
141.7200,3.374463e+03,2.027430e+03,2.069543e+03,2.397109e+03,1.535997e+03,1.491389e+03
141.7400,3.496924e+03,2.100399e+03,2.144054e+03,2.483631e+03,1.590994e+03,1.544758e+03
141.7600,3.630445e+03,2.179966e+03,2.225303e+03,2.577974e+03,1.650968e+03,1.602958e+03
141.7800,3.776274e+03,2.266876e+03,2.314050e+03,2.681020e+03,1.716481e+03,1.666532e+03
141.8000,3.935842e+03,2.361985e+03,2.411168e+03,2.793783e+03,1.788178e+03,1.736108e+03
141.8200,4.110806e+03,2.466278e+03,2.517664e+03,2.917432e+03,1.866803e+03,1.812407e+03
141.8400,4.303078e+03,2.580899e+03,2.634706e+03,3.053321e+03,1.953217e+03,1.896265e+03
141.8600,4.514888e+03,2.707176e+03,2.763649e+03,3.203026e+03,2.048423e+03,1.988656e+03
141.8800,4.748838e+03,2.846662e+03,2.906080e+03,3.368387e+03,2.153591e+03,2.090715e+03
141.9000,5.007986e+03,3.001180e+03,3.063861e+03,3.551565e+03,2.270099e+03,2.203778e+03
141.9200,5.295938e+03,3.172884e+03,3.239190e+03,3.755112e+03,2.399567e+03,2.329419e+03
141.9400,5.616979e+03,3.364328e+03,3.434675e+03,3.982056e+03,2.543925e+03,2.469510e+03
141.9600,5.976221e+03,3.578563e+03,3.653431e+03,4.236012e+03,2.705472e+03,2.626283e+03
141.9800,6.379808e+03,3.819253e+03,3.899201e+03,4.521326e+03,2.886973e+03,2.802420e+03
142.0000,6.835175e+03,4.090834e+03,4.176513e+03,4.843253e+03,3.091773e+03,3.001168e+03
142.0200,7.351383e+03,4.398712e+03,4.490888e+03,5.208202e+03,3.323949e+03,3.226484e+03
142.0400,7.939565e+03,4.749529e+03,4.849106e+03,5.624044e+03,3.588510e+03,3.483229e+03
142.0600,8.613518e+03,5.151515e+03,5.259573e+03,6.100535e+03,3.891664e+03,3.777427e+03
142.0800,9.390501e+03,5.614966e+03,5.732801e+03,6.649879e+03,4.241178e+03,4.116615e+03
142.1000,1.029232e+04,6.152894e+03,6.282078e+03,7.287498e+03,4.646864e+03,4.510316e+03
142.1200,1.134686e+04,6.781927e+03,6.924381e+03,8.033100e+03,5.121263e+03,4.970702e+03
142.1400,1.259017e+04,7.523576e+03,7.681674e+03,8.912182e+03,5.680600e+03,5.513517e+03
142.1600,1.406952e+04,8.406040e+03,8.582753e+03,9.958168e+03,6.346144e+03,6.159402e+03
142.1800,1.584781e+04,9.466848e+03,9.665936e+03,1.121554e+04,7.146198e+03,6.935826e+03
142.2000,1.801013e+04,1.075676e+04,1.098306e+04,1.274446e+04,8.119049e+03,7.879942e+03
142.2200,2.067373e+04,1.234572e+04,1.260553e+04,1.462783e+04,9.317444e+03,9.042943e+03
142.2400,2.400353e+04,1.433211e+04,1.463382e+04,1.698227e+04,1.081560e+04,1.049685e+04
142.2600,2.823805e+04,1.685824e+04,1.721323e+04,1.997644e+04,1.272084e+04,1.234582e+04
142.2800,3.374021e+04,2.014061e+04,2.056483e+04,2.386695e+04,1.519644e+04,1.474831e+04
142.3000,4.113520e+04,2.455220e+04,2.506945e+04,2.909589e+04,1.852373e+04,1.797733e+04
142.3200,5.178317e+04,3.090442e+04,3.155565e+04,3.662500e+04,2.331469e+04,2.262680e+04
142.3400,6.931417e+04,4.136287e+04,4.223468e+04,4.902110e+04,3.120267e+04,3.028182e+04
142.3600,1.034240e+05,6.171183e+04,6.301280e+04,7.314009e+04,4.655029e+04,4.517619e+04
142.3800,1.755919e+05,1.047652e+05,1.069742e+05,1.241699e+05,7.902212e+04,7.668903e+04
142.4000,3.200769e+05,1.909611e+05,1.949879e+05,2.263351e+05,1.440330e+05,1.397799e+05
142.4200,5.670859e+05,3.383200e+05,3.454547e+05,4.009949e+05,2.551744e+05,2.476391e+05
142.4400,9.034688e+05,5.389970e+05,5.503640e+05,6.388509e+05,4.065297e+05,3.945244e+05
142.4600,1.224777e+06,7.306807e+05,7.460903e+05,8.660475e+05,5.511019e+05,5.348270e+05
142.4800,1.328281e+06,7.924288e+05,8.091407e+05,9.392355e+05,5.976737e+05,5.800234e+05
142.5000,1.121897e+06,6.693054e+05,6.834207e+05,7.933014e+05,5.048112e+05,4.899034e+05
142.5200,7.755859e+05,4.627051e+05,4.724632e+05,5.484248e+05,3.489885e+05,3.386825e+05
142.5400,4.652635e+05,2.775750e+05,2.834286e+05,3.289960e+05,2.093590e+05,2.031767e+05
142.5600,2.571239e+05,1.534044e+05,1.566392e+05,1.818206e+05,1.157066e+05,1.122901e+05
142.5800,1.431451e+05,8.540758e+04,8.720833e+04,1.012262e+05,6.442184e+04,6.251990e+04
142.6000,8.815159e+04,5.259983e+04,5.370866e+04,6.234027e+04,3.967744e+04,3.850627e+04
142.6200,6.178408e+04,3.686960e+04,3.764668e+04,4.369577e+04,2.781331e+04,2.699251e+04
142.6400,4.743384e+04,2.830855e+04,2.890509e+04,3.354867e+04,2.135634e+04,2.072623e+04
142.6600,3.821320e+04,2.280769e+04,2.328821e+04,2.702870e+04,1.720743e+04,1.669984e+04
142.6800,3.160780e+04,1.886700e+04,1.926442e+04,2.235796e+04,1.423524e+04,1.381543e+04
142.7000,2.662158e+04,1.589229e+04,1.622697e+04,1.883216e+04,1.199161e+04,1.163806e+04
142.7200,2.275210e+04,1.358378e+04,1.386978e+04,1.609598e+04,1.025045e+04,9.948310e+03
142.7400,1.969036e+04,1.175715e+04,1.200462e+04,1.393097e+04,8.872727e+03,8.611275e+03
142.7600,1.722848e+04,1.028838e+04,1.050488e+04,1.219011e+04,7.764915e+03,7.536176e+03
142.7800,1.522109e+04,9.090744e+03,9.281992e+03,1.077063e+04,6.861598e+03,6.659533e+03
142.8000,1.356403e+04,8.102108e+03,8.272510e+03,9.598861e+03,6.115913e+03,5.935867e+03
142.8200,1.218120e+04,7.277066e+03,7.430071e+03,8.620997e+03,5.493613e+03,5.331942e+03
142.8400,1.101598e+04,6.581844e+03,6.720190e+03,7.797005e+03,4.969227e+03,4.823038e+03
142.8600,1.002560e+04,5.990926e+03,6.116812e+03,7.096640e+03,4.523508e+03,4.390479e+03
142.8800,9.177267e+03,5.484752e+03,5.599967e+03,6.496722e+03,4.141705e+03,4.019948e+03
142.9000,8.445540e+03,5.048138e+03,5.154149e+03,5.979251e+03,3.812365e+03,3.700331e+03
142.9200,7.810418e+03,4.669155e+03,4.767176e+03,5.530088e+03,3.526492e+03,3.422897e+03
142.9400,7.256023e+03,4.338331e+03,4.429378e+03,5.138007e+03,3.276940e+03,3.180711e+03
142.9600,6.769624e+03,4.048070e+03,4.132999e+03,4.794004e+03,3.057981e+03,2.968215e+03
142.9800,6.340919e+03,3.792226e+03,3.871763e+03,4.490796e+03,2.864980e+03,2.780910e+03
143.0000,5.961507e+03,3.565787e+03,3.640553e+03,4.222442e+03,2.694157e+03,2.615127e+03
143.0200,5.624480e+03,3.364632e+03,3.435159e+03,3.984056e+03,2.542402e+03,2.467850e+03
143.0400,5.324121e+03,3.185351e+03,3.252101e+03,3.771596e+03,2.407144e+03,2.336582e+03
143.0600,5.055667e+03,3.025101e+03,3.088476e+03,3.581696e+03,2.286240e+03,2.219245e+03
143.0800,4.815130e+03,2.881504e+03,2.941854e+03,3.411534e+03,2.177894e+03,2.114094e+03
143.1000,4.599147e+03,2.752553e+03,2.810188e+03,3.258732e+03,2.080594e+03,2.019663e+03
143.1200,4.404873e+03,2.636551e+03,2.691743e+03,3.121279e+03,1.993059e+03,1.934709e+03
143.1400,4.229889e+03,2.532054e+03,2.585047e+03,2.997464e+03,1.914201e+03,1.858175e+03
143.1600,4.072130e+03,2.437830e+03,2.488840e+03,2.885825e+03,1.843090e+03,1.789159e+03
143.1800,3.929826e+03,2.352823e+03,2.402045e+03,2.785114e+03,1.778929e+03,1.726889e+03
143.2000,3.801459e+03,2.276128e+03,2.323737e+03,2.694254e+03,1.721036e+03,1.670701e+03
143.2200,3.685719e+03,2.206962e+03,2.253118e+03,2.612321e+03,1.668821e+03,1.620022e+03
143.2400,3.581479e+03,2.144653e+03,2.189500e+03,2.538516e+03,1.621776e+03,1.574361e+03
143.2600,3.487763e+03,2.088619e+03,2.132289e+03,2.472150e+03,1.579461e+03,1.533291e+03
143.2800,3.403730e+03,2.038358e+03,2.080973e+03,2.412627e+03,1.541499e+03,1.496445e+03
143.3000,3.328653e+03,1.993435e+03,2.035109e+03,2.359434e+03,1.507562e+03,1.463504e+03
143.3200,3.261908e+03,1.953478e+03,1.994315e+03,2.312128e+03,1.477368e+03,1.434196e+03
143.3400,3.202956e+03,1.918166e+03,1.958264e+03,2.270330e+03,1.450675e+03,1.408285e+03
143.3600,3.151342e+03,1.887225e+03,1.926676e+03,2.233715e+03,1.427277e+03,1.385572e+03
143.3800,3.106676e+03,1.860424e+03,1.899316e+03,2.202009e+03,1.406999e+03,1.365886e+03
143.4000,3.068636e+03,1.837570e+03,1.875987e+03,2.174983e+03,1.389695e+03,1.349086e+03
143.4200,3.036958e+03,1.818503e+03,1.856525e+03,2.152450e+03,1.375246e+03,1.335056e+03
143.4400,3.011429e+03,1.803099e+03,1.840803e+03,2.134260e+03,1.363555e+03,1.323703e+03
143.4600,2.991891e+03,1.791260e+03,1.828722e+03,2.120300e+03,1.354551e+03,1.314957e+03
143.4800,2.978232e+03,1.782920e+03,1.820214e+03,2.110489e+03,1.348181e+03,1.308768e+03
143.5000,2.970387e+03,1.778039e+03,1.815239e+03,2.104782e+03,1.344417e+03,1.305106e+03
143.5200,2.968336e+03,1.776606e+03,1.813784e+03,2.103165e+03,1.343249e+03,1.303963e+03
143.5400,2.972107e+03,1.778634e+03,1.815864e+03,2.105655e+03,1.344687e+03,1.305350e+03
143.5600,2.981772e+03,1.784167e+03,1.821523e+03,2.112304e+03,1.348764e+03,1.309296e+03
143.5800,2.997453e+03,1.793276e+03,1.830834e+03,2.123197e+03,1.355533e+03,1.315855e+03
143.6000,3.019322e+03,1.806062e+03,1.843901e+03,2.138453e+03,1.365069e+03,1.325098e+03
143.6200,3.047603e+03,1.822658e+03,1.860858e+03,2.158231e+03,1.377473e+03,1.337124e+03
143.6400,3.082578e+03,1.843231e+03,1.881877e+03,2.182730e+03,1.392869e+03,1.352053e+03
143.6600,3.124594e+03,1.867985e+03,1.907166e+03,2.212192e+03,1.411411e+03,1.370034e+03
143.6800,3.174066e+03,1.897167e+03,1.936977e+03,2.246909e+03,1.433284e+03,1.391247e+03
143.7000,3.231487e+03,1.931068e+03,1.971608e+03,2.287230e+03,1.458707e+03,1.415904e+03
143.7200,3.297438e+03,1.970033e+03,2.011411e+03,2.333562e+03,1.487939e+03,1.444257e+03
143.7400,3.372601e+03,2.014467e+03,2.056798e+03,2.386386e+03,1.521284e+03,1.476600e+03
143.7600,3.457773e+03,2.064839e+03,2.108251e+03,2.446262e+03,1.559096e+03,1.513277e+03
143.7800,3.553883e+03,2.121703e+03,2.166333e+03,2.513845e+03,1.601790e+03,1.554690e+03
143.8000,3.662016e+03,2.185701e+03,2.231702e+03,2.589898e+03,1.649848e+03,1.601307e+03
143.8200,3.783438e+03,2.257583e+03,2.305123e+03,2.675314e+03,1.703835e+03,1.653676e+03
143.8400,3.919630e+03,2.338228e+03,2.387493e+03,2.771135e+03,1.764411e+03,1.712438e+03
143.8600,4.072330e+03,2.428665e+03,2.479865e+03,2.878585e+03,1.832350e+03,1.778342e+03
143.8800,4.243578e+03,2.530105e+03,2.583475e+03,2.999100e+03,1.908563e+03,1.852273e+03
143.9000,4.435786e+03,2.643978e+03,2.699781e+03,3.134378e+03,1.994122e+03,1.935272e+03
143.9200,4.651807e+03,2.771975e+03,2.830514e+03,3.286430e+03,2.090301e+03,2.028574e+03
143.9400,4.895044e+03,2.916114e+03,2.977733e+03,3.457651e+03,2.198616e+03,2.133649e+03
143.9600,5.169564e+03,3.078807e+03,3.143902e+03,3.650906e+03,2.320880e+03,2.252257e+03
143.9800,5.480270e+03,3.262962e+03,3.331989e+03,3.869647e+03,2.459279e+03,2.386518e+03
144.0000,5.833098e+03,3.472097e+03,3.545592e+03,4.118055e+03,2.616460e+03,2.538999e+03
144.0200,6.235295e+03,3.710512e+03,3.789097e+03,4.401234e+03,2.795651e+03,2.712834e+03
144.0400,6.695772e+03,3.983488e+03,4.067902e+03,4.725459e+03,3.000826e+03,2.911877e+03
144.0600,7.225577e+03,4.297581e+03,4.388700e+03,5.098511e+03,3.236911e+03,3.140906e+03
144.0800,7.838541e+03,4.660988e+03,4.759865e+03,5.530131e+03,3.510071e+03,3.405902e+03
144.1000,8.552145e+03,5.084079e+03,5.191987e+03,6.032629e+03,3.828098e+03,3.714427e+03
144.1200,9.388733e+03,5.580103e+03,5.698598e+03,6.621742e+03,4.200955e+03,4.076142e+03
144.1400,1.037721e+04,6.166202e+03,6.297206e+03,7.317828e+03,4.641527e+03,4.503551e+03
144.1600,1.155548e+04,6.864850e+03,7.010765e+03,8.147578e+03,5.166710e+03,5.013044e+03
144.1800,1.297397e+04,7.705951e+03,7.869816e+03,9.146505e+03,5.798985e+03,5.626429e+03
144.2000,1.470087e+04,8.729949e+03,8.915666e+03,1.036264e+04,6.568755e+03,6.373203e+03
144.2200,1.683013e+04,9.992552e+03,1.020521e+04,1.186214e+04,7.517900e+03,7.293994e+03
144.2400,1.949389e+04,1.157212e+04,1.181849e+04,1.373807e+04,8.705327e+03,8.445950e+03
144.2600,2.288311e+04,1.358190e+04,1.387116e+04,1.612493e+04,1.021618e+04,9.911666e+03
144.2800,2.728806e+04,1.619402e+04,1.653901e+04,1.922712e+04,1.217984e+04,1.181667e+04
144.3000,3.320732e+04,1.970415e+04,2.012404e+04,2.339580e+04,1.481859e+04,1.437660e+04
144.3200,4.172120e+04,2.475292e+04,2.528054e+04,2.939177e+04,1.861403e+04,1.805867e+04
144.3400,5.570756e+04,3.304695e+04,3.375155e+04,3.924182e+04,2.484914e+04,2.410754e+04
144.3600,8.286593e+04,4.915216e+04,5.020040e+04,5.836847e+04,3.695640e+04,3.585315e+04
144.3800,1.403227e+05,8.322474e+04,8.499998e+04,9.883323e+04,6.257084e+04,6.070249e+04
144.4000,2.555717e+05,1.515688e+05,1.548024e+05,1.799990e+05,1.139493e+05,1.105463e+05
144.4200,4.532096e+05,2.687707e+05,2.745050e+05,3.191885e+05,2.020572e+05,1.960224e+05
144.4400,7.234965e+05,4.290544e+05,4.382087e+05,5.095421e+05,3.225524e+05,3.129184e+05
144.4600,9.837055e+05,5.833617e+05,5.958085e+05,6.927982e+05,4.385547e+05,4.254559e+05
144.4800,1.071052e+06,6.351594e+05,6.487114e+05,7.543134e+05,4.774942e+05,4.632322e+05
144.5000,9.079917e+05,5.384623e+05,5.499510e+05,6.394756e+05,4.048010e+05,3.927103e+05
144.5200,6.294116e+05,3.732605e+05,3.812243e+05,4.432812e+05,2.806085e+05,2.722275e+05
144.5400,3.782958e+05,2.243455e+05,2.291318e+05,2.664290e+05,1.686598e+05,1.636226e+05
144.5600,2.092342e+05,1.240896e+05,1.267368e+05,1.473648e+05,9.329126e+04,9.050528e+04
144.5800,1.164014e+05,6.903846e+04,7.051104e+04,8.198580e+04,5.190586e+04,5.035605e+04
144.6000,7.155304e+04,4.244270e+04,4.334780e+04,5.040058e+04,3.191215e+04,3.095954e+04
144.6200,5.006805e+04,2.970175e+04,3.033501e+04,3.526940e+04,2.233397e+04,2.166746e+04
144.6400,3.840275e+04,2.278401e+04,2.326966e+04,2.705389e+04,1.713345e+04,1.662227e+04
144.6600,3.092175e+04,1.834762e+04,1.873862e+04,2.178523e+04,1.379832e+04,1.338675e+04
144.6800,2.556674e+04,1.517198e+04,1.549521e+04,1.801384e+04,1.141096e+04,1.107071e+04
144.7000,2.152477e+04,1.277497e+04,1.304707e+04,1.516718e+04,9.608962e+03,9.322529e+03
144.7200,1.838734e+04,1.091438e+04,1.114678e+04,1.295755e+04,8.210214e+03,7.965558e+03
144.7400,1.590381e+04,9.441551e+03,9.642526e+03,1.120843e+04,7.102973e+03,6.891388e+03
144.7600,1.390567e+04,8.256571e+03,8.432264e+03,9.801169e+03,6.212126e+03,6.027147e+03
144.7800,1.227514e+04,7.289592e+03,7.444655e+03,8.652803e+03,5.485164e+03,5.321897e+03
144.8000,1.092788e+04,6.490589e+03,6.628606e+03,7.703926e+03,4.884481e+03,4.739153e+03
144.8200,9.802233e+03,5.823011e+03,5.946786e+03,6.911130e+03,4.382598e+03,4.252259e+03
144.8400,8.852379e+03,5.259679e+03,5.371436e+03,6.242136e+03,3.959082e+03,3.841392e+03
144.8600,8.043685e+03,4.780058e+03,4.881583e+03,5.672557e+03,3.598498e+03,3.491575e+03
144.8800,7.349613e+03,4.368409e+03,4.461153e+03,5.183703e+03,3.289013e+03,3.191332e+03
144.9000,6.749558e+03,4.012513e+03,4.097666e+03,4.761061e+03,3.021441e+03,2.931750e+03
144.9200,6.227330e+03,3.702770e+03,3.781316e+03,4.393231e+03,2.788565e+03,2.705827e+03
144.9400,5.770072e+03,3.431555e+03,3.504317e+03,4.071156e+03,2.584653e+03,2.508004e+03
144.9600,5.367469e+03,3.192752e+03,3.260421e+03,3.787574e+03,2.405107e+03,2.333818e+03
144.9800,5.011175e+03,2.981411e+03,3.044572e+03,3.536605e+03,2.246205e+03,2.179661e+03
145.0000,4.694375e+03,2.793489e+03,2.852643e+03,3.313451e+03,2.104911e+03,2.042584e+03
145.0200,4.411462e+03,2.625664e+03,2.681239e+03,3.114162e+03,1.978723e+03,1.920164e+03
145.0400,4.157791e+03,2.475180e+03,2.527547e+03,2.935468e+03,1.865572e+03,1.810390e+03
145.0600,3.929487e+03,2.339739e+03,2.389218e+03,2.774639e+03,1.763730e+03,1.711588e+03
145.0800,3.723299e+03,2.217412e+03,2.264284e+03,2.629384e+03,1.671747e+03,1.622350e+03
145.1000,3.536478e+03,2.106571e+03,2.151080e+03,2.497770e+03,1.588398e+03,1.541488e+03
145.1200,3.366694e+03,2.005833e+03,2.048194e+03,2.378154e+03,1.512645e+03,1.467995e+03
145.1400,3.211956e+03,1.914018e+03,1.954422e+03,2.269135e+03,1.443599e+03,1.401009e+03
145.1600,3.070559e+03,1.830114e+03,1.868730e+03,2.169512e+03,1.380500e+03,1.339793e+03
145.1800,2.941034e+03,1.753250e+03,1.790228e+03,2.078249e+03,1.322694e+03,1.283711e+03
145.2000,2.822108e+03,1.682671e+03,1.718146e+03,1.994451e+03,1.269613e+03,1.232213e+03
145.2200,2.712678e+03,1.617724e+03,1.651815e+03,1.917340e+03,1.220766e+03,1.184822e+03
145.2400,2.611782e+03,1.557837e+03,1.590653e+03,1.846239e+03,1.175722e+03,1.141122e+03
145.2600,2.518577e+03,1.502511e+03,1.534148e+03,1.780555e+03,1.134107e+03,1.100748e+03
145.2800,2.432323e+03,1.451307e+03,1.481854e+03,1.719766e+03,1.095591e+03,1.063380e+03
145.3000,2.352369e+03,1.403839e+03,1.433375e+03,1.663415e+03,1.059884e+03,1.028737e+03
145.3200,2.278140e+03,1.359765e+03,1.388364e+03,1.611094e+03,1.026728e+03,9.965689e+02
145.3400,2.209126e+03,1.318784e+03,1.346511e+03,1.562447e+03,9.958971e+02,9.666564e+02
145.3600,2.144873e+03,1.280626e+03,1.307541e+03,1.517152e+03,9.671885e+02,9.388029e+02
145.3800,2.084977e+03,1.245052e+03,1.271210e+03,1.474926e+03,9.404223e+02,9.128337e+02
145.4000,2.029079e+03,1.211848e+03,1.237300e+03,1.435514e+03,9.154376e+02,8.885930e+02
145.4200,1.976854e+03,1.180823e+03,1.205615e+03,1.398690e+03,8.920906e+02,8.659409e+02
145.4400,1.928013e+03,1.151804e+03,1.175979e+03,1.364249e+03,8.702519e+02,8.447521e+02
145.4600,1.882296e+03,1.124637e+03,1.148235e+03,1.332008e+03,8.498054e+02,8.249139e+02
145.4800,1.839468e+03,1.099183e+03,1.122240e+03,1.301801e+03,8.306463e+02,8.063246e+02
145.5000,1.799316e+03,1.075316e+03,1.097866e+03,1.273478e+03,8.126801e+02,7.888926e+02
145.5200,1.761649e+03,1.052922e+03,1.074996e+03,1.246905e+03,7.958213e+02,7.725348e+02
145.5400,1.726293e+03,1.031897e+03,1.053526e+03,1.221959e+03,7.799921e+02,7.571760e+02
145.5600,1.693089e+03,1.012150e+03,1.033359e+03,1.198529e+03,7.651224e+02,7.427479e+02
145.5800,1.661895e+03,9.935931e+02,1.014409e+03,1.176515e+03,7.511480e+02,7.291884e+02
145.6000,1.632580e+03,9.761503e+02,9.965966e+02,1.155822e+03,7.380107e+02,7.164410e+02
145.6200,1.605024e+03,9.597504e+02,9.798493e+02,1.136369e+03,7.256573e+02,7.044540e+02
145.6400,1.579119e+03,9.443291e+02,9.641013e+02,1.118078e+03,7.140393e+02,6.931805e+02
145.6600,1.554766e+03,9.298271e+02,9.492924e+02,1.100879e+03,7.031124e+02,6.825773e+02
145.6800,1.531872e+03,9.161906e+02,9.353675e+02,1.084708e+03,6.928358e+02,6.726051e+02
145.7000,1.510355e+03,9.033700e+02,9.222759e+02,1.069506e+03,6.831724e+02,6.632277e+02
145.7200,1.490139e+03,8.913200e+02,9.099712e+02,1.055219e+03,6.740880e+02,6.544120e+02
145.7400,1.471152e+03,8.799987e+02,8.984110e+02,1.041799e+03,6.655513e+02,6.461276e+02
145.7600,1.453331e+03,8.693680e+02,8.875561e+02,1.029198e+03,6.575335e+02,6.383466e+02
145.7800,1.436616e+03,8.593927e+02,8.773706e+02,1.017376e+03,6.500082e+02,6.310433e+02
145.8000,1.420952e+03,8.500403e+02,8.678213e+02,1.006294e+03,6.429509e+02,6.241940e+02
145.8200,1.406290e+03,8.412811e+02,8.588779e+02,9.959170e+02,6.363392e+02,6.177771e+02
145.8400,1.392583e+03,8.330877e+02,8.505123e+02,9.862120e+02,6.301526e+02,6.117725e+02
145.8600,1.379789e+03,8.254347e+02,8.426987e+02,9.771491e+02,6.243720e+02,6.061617e+02
145.8800,1.367868e+03,8.182989e+02,8.354134e+02,9.687007e+02,6.189799e+02,6.009278e+02
145.9000,1.356785e+03,8.116589e+02,8.286345e+02,9.608415e+02,6.139602e+02,5.960551e+02
145.9200,1.346505e+03,8.054949e+02,8.223419e+02,9.535479e+02,6.092980e+02,5.915293e+02
145.9400,1.336999e+03,7.997889e+02,8.165170e+02,9.467985e+02,6.049798e+02,5.873371e+02
145.9600,1.328239e+03,7.945241e+02,8.111428e+02,9.405734e+02,6.009930e+02,5.834663e+02
145.9800,1.320199e+03,7.896853e+02,8.062037e+02,9.348546e+02,5.973260e+02,5.799058e+02
146.0000,1.312854e+03,7.852584e+02,8.016853e+02,9.296252e+02,5.939682e+02,5.766453e+02
146.0200,1.306184e+03,7.812305e+02,7.975744e+02,9.248702e+02,5.909101e+02,5.736753e+02
146.0400,1.300169e+03,7.775898e+02,7.938591e+02,9.205754e+02,5.881426e+02,5.709873e+02
146.0600,1.294791e+03,7.743256e+02,7.905284e+02,9.167281e+02,5.856577e+02,5.685735e+02
146.0800,1.290033e+03,7.714282e+02,7.875723e+02,9.133169e+02,5.834482e+02,5.664267e+02
146.1000,1.285880e+03,7.688888e+02,7.849819e+02,9.103311e+02,5.815072e+02,5.645404e+02
146.1200,1.282320e+03,7.666993e+02,7.827489e+02,9.077615e+02,5.798289e+02,5.629088e+02
146.1400,1.279339e+03,7.648526e+02,7.808661e+02,9.055995e+02,5.784078e+02,5.615268e+02
146.1600,1.276928e+03,7.633424e+02,7.793270e+02,9.038375e+02,5.772391e+02,5.603896e+02
146.1800,1.275078e+03,7.621630e+02,7.781259e+02,9.024690e+02,5.763186e+02,5.594931e+02
146.2000,1.273779e+03,7.613096e+02,7.772577e+02,9.014881e+02,5.756426e+02,5.588337e+02
146.2200,1.273025e+03,7.607780e+02,7.767183e+02,9.008899e+02,5.752080e+02,5.584084e+02
146.2400,1.272810e+03,7.605646e+02,7.765038e+02,9.006702e+02,5.750119e+02,5.582145e+02
146.2600,1.273130e+03,7.606664e+02,7.766115e+02,9.008255e+02,5.750523e+02,5.582499e+02
146.2800,1.273980e+03,7.610813e+02,7.770390e+02,9.013532e+02,5.753273e+02,5.585129e+02
146.3000,1.275358e+03,7.618075e+02,7.777844e+02,9.022512e+02,5.758357e+02,5.590022e+02
146.3200,1.277262e+03,7.628440e+02,7.788469e+02,9.035184e+02,5.765766e+02,5.597171e+02
146.3400,1.279691e+03,7.641902e+02,7.802257e+02,9.051541e+02,5.775497e+02,5.606571e+02
146.3600,1.282646e+03,7.658462e+02,7.819210e+02,9.071585e+02,5.787550e+02,5.618222e+02
146.3800,1.286127e+03,7.678127e+02,7.839335e+02,9.095322e+02,5.801928e+02,5.632129e+02
146.4000,1.290138e+03,7.700908e+02,7.862643e+02,9.122769e+02,5.818641e+02,5.648300e+02
146.4200,1.294680e+03,7.726822e+02,7.889153e+02,9.153945e+02,5.837701e+02,5.666747e+02
146.4400,1.299758e+03,7.755894e+02,7.918889e+02,9.188879e+02,5.859126e+02,5.687488e+02
146.4600,1.305378e+03,7.788152e+02,7.951878e+02,9.227605e+02,5.882937e+02,5.710542e+02
146.4800,1.311544e+03,7.823630e+02,7.988159e+02,9.270165e+02,5.909159e+02,5.735935e+02
146.5000,1.318264e+03,7.862369e+02,8.027770e+02,9.316607e+02,5.937823e+02,5.763695e+02
146.5200,1.325546e+03,7.904415e+02,8.070760e+02,9.366987e+02,5.968962e+02,5.793856e+02
146.5400,1.333399e+03,7.949820e+02,8.117182e+02,9.421365e+02,6.002617e+02,5.826456e+02
146.5600,1.341834e+03,7.998642e+02,8.167096e+02,9.479814e+02,6.038829e+02,5.861536e+02
146.5800,1.350860e+03,8.050948e+02,8.220567e+02,9.542409e+02,6.077648e+02,5.899143e+02
146.6000,1.360490e+03,8.106806e+02,8.277670e+02,9.609236e+02,6.119126e+02,5.939329e+02
146.6200,1.370738e+03,8.166297e+02,8.338482e+02,9.680388e+02,6.163322e+02,5.982150e+02
146.6400,1.381618e+03,8.229504e+02,8.403092e+02,9.755967e+02,6.210298e+02,6.027668e+02
146.6600,1.393146e+03,8.296519e+02,8.471593e+02,9.836081e+02,6.260124e+02,6.075949e+02
146.6800,1.405339e+03,8.367444e+02,8.544088e+02,9.920852e+02,6.312874e+02,6.127065e+02
146.7000,1.418216e+03,8.442384e+02,8.620686e+02,1.001041e+03,6.368629e+02,6.181093e+02
146.7200,1.431796e+03,8.521457e+02,8.701507e+02,1.010488e+03,6.427474e+02,6.238119e+02
146.7400,1.446101e+03,8.604787e+02,8.786677e+02,1.020443e+03,6.489504e+02,6.298233e+02
146.7600,1.461153e+03,8.692508e+02,8.876333e+02,1.030921e+03,6.554817e+02,6.361530e+02
146.7800,1.476977e+03,8.784764e+02,8.970622e+02,1.041939e+03,6.623522e+02,6.428115e+02
146.8000,1.493599e+03,8.881708e+02,9.069702e+02,1.053516e+03,6.695732e+02,6.498100e+02
146.8200,1.511048e+03,8.983505e+02,9.173740e+02,1.065671e+03,6.771571e+02,6.571603e+02
146.8400,1.529354e+03,9.090330e+02,9.282916e+02,1.078425e+03,6.851171e+02,6.648752e+02
146.8600,1.548548e+03,9.202373e+02,9.397423e+02,1.091801e+03,6.934671e+02,6.729682e+02
146.8800,1.568664e+03,9.319834e+02,9.517466e+02,1.105822e+03,7.022221e+02,6.814540e+02
146.9000,1.589741e+03,9.442928e+02,9.643264e+02,1.120515e+03,7.113983e+02,6.903482e+02
146.9200,1.611817e+03,9.571885e+02,9.775054e+02,1.135906e+03,7.210128e+02,6.996672e+02
146.9400,1.634933e+03,9.706951e+02,9.913084e+02,1.152025e+03,7.310840e+02,7.094290e+02
146.9600,1.659134e+03,9.848386e+02,1.005762e+03,1.168903e+03,7.416313e+02,7.196525e+02
146.9800,1.684469e+03,9.996473e+02,1.020896e+03,1.186574e+03,7.526757e+02,7.303579e+02
147.0000,1.710989e+03,1.015151e+03,1.036739e+03,1.205073e+03,7.642396e+02,7.415670e+02
147.0200,1.738748e+03,1.031382e+03,1.053326e+03,1.224439e+03,7.763469e+02,7.533030e+02
147.0400,1.767804e+03,1.048374e+03,1.070690e+03,1.244712e+03,7.890233e+02,7.655907e+02
147.0600,1.798220e+03,1.066164e+03,1.088870e+03,1.265936e+03,8.022961e+02,7.784567e+02
147.0800,1.830064e+03,1.084791e+03,1.107906e+03,1.288158e+03,8.161948e+02,7.919294e+02
147.1000,1.863407e+03,1.104298e+03,1.127840e+03,1.311428e+03,8.307507e+02,8.060393e+02
147.1200,1.898326e+03,1.124730e+03,1.148719e+03,1.335801e+03,8.459975e+02,8.208191e+02
147.1400,1.934904e+03,1.146135e+03,1.170592e+03,1.361333e+03,8.619716e+02,8.363040e+02
147.1600,1.973230e+03,1.168564e+03,1.193513e+03,1.388087e+03,8.787118e+02,8.525316e+02
147.1800,2.013399e+03,1.192075e+03,1.217538e+03,1.416129e+03,8.962599e+02,8.695425e+02
147.2000,2.055514e+03,1.216728e+03,1.242729e+03,1.445532e+03,9.146608e+02,8.873802e+02
147.2200,2.099685e+03,1.242586e+03,1.269153e+03,1.476372e+03,9.339629e+02,9.060918e+02
147.2400,2.146031e+03,1.269720e+03,1.296881e+03,1.508733e+03,9.542186e+02,9.257277e+02
147.2600,2.194682e+03,1.298206e+03,1.325989e+03,1.542705e+03,9.754840e+02,9.463425e+02
147.2800,2.245776e+03,1.328124e+03,1.356562e+03,1.578385e+03,9.978200e+02,9.679954e+02
147.3000,2.299464e+03,1.359564e+03,1.388688e+03,1.615878e+03,1.021292e+03,9.907500e+02
147.3200,2.355907e+03,1.392619e+03,1.422466e+03,1.655297e+03,1.045973e+03,1.014676e+03
147.3400,2.415283e+03,1.427394e+03,1.458002e+03,1.696766e+03,1.071938e+03,1.039847e+03
147.3600,2.477782e+03,1.464002e+03,1.495409e+03,1.740418e+03,1.099272e+03,1.066345e+03
147.3800,2.543615e+03,1.502563e+03,1.534813e+03,1.786400e+03,1.128066e+03,1.094259e+03
147.4000,2.613006e+03,1.543212e+03,1.576349e+03,1.834870e+03,1.158420e+03,1.123685e+03
147.4200,2.686204e+03,1.586093e+03,1.620167e+03,1.886001e+03,1.190441e+03,1.154728e+03
147.4400,2.763480e+03,1.631365e+03,1.666428e+03,1.939982e+03,1.224249e+03,1.187503e+03
147.4600,2.845129e+03,1.679202e+03,1.715309e+03,1.997020e+03,1.259973e+03,1.222136e+03
147.4800,2.931477e+03,1.729793e+03,1.767005e+03,2.057342e+03,1.297756e+03,1.258765e+03
147.5000,3.022880e+03,1.783350e+03,1.821731e+03,2.121198e+03,1.337754e+03,1.297541e+03
147.5200,3.119733e+03,1.840101e+03,1.879722e+03,2.188862e+03,1.380139e+03,1.338631e+03
147.5400,3.222469e+03,1.900303e+03,1.941238e+03,2.260640e+03,1.425103e+03,1.382221e+03
147.5600,3.331571e+03,1.964238e+03,2.006568e+03,2.336867e+03,1.472855e+03,1.428515e+03
147.5800,3.447573e+03,2.032218e+03,2.076032e+03,2.417916e+03,1.523630e+03,1.477739e+03
147.6000,3.571070e+03,2.104594e+03,2.149987e+03,2.504205e+03,1.577688e+03,1.530147e+03
147.6200,3.702728e+03,2.181755e+03,2.228832e+03,2.596197e+03,1.635322e+03,1.586021e+03
147.6400,3.843292e+03,2.264138e+03,2.313013e+03,2.694415e+03,1.696859e+03,1.645679e+03
147.6600,3.993603e+03,2.352236e+03,2.403034e+03,2.799445e+03,1.762665e+03,1.709476e+03
147.6800,4.154610e+03,2.446607e+03,2.499464e+03,2.911952e+03,1.833158e+03,1.777817e+03
147.7000,4.327392e+03,2.547883e+03,2.602949e+03,3.032689e+03,1.908809e+03,1.851159e+03
147.7200,4.513182e+03,2.656786e+03,2.714228e+03,3.162519e+03,1.990161e+03,1.930027e+03
147.7400,4.713398e+03,2.774148e+03,2.834151e+03,3.302432e+03,2.077832e+03,2.015022e+03
147.7600,4.929678e+03,2.900931e+03,2.963700e+03,3.453574e+03,2.172542e+03,2.106842e+03
147.7800,5.163935e+03,3.038256e+03,3.104020e+03,3.617281e+03,2.275129e+03,2.206298e+03
147.8000,5.418418e+03,3.187443e+03,3.256461e+03,3.795128e+03,2.386579e+03,2.314347e+03
147.8200,5.695805e+03,3.350060e+03,3.422625e+03,3.988984e+03,2.508065e+03,2.432126e+03
147.8400,5.999312e+03,3.527997e+03,3.604442e+03,4.201099e+03,2.640997e+03,2.561001e+03
147.8600,6.332866e+03,3.723555e+03,3.804265e+03,4.434219e+03,2.787097e+03,2.702643e+03
147.8800,6.701335e+03,3.939591e+03,4.025012e+03,4.691746e+03,2.948499e+03,2.859121e+03
147.9000,7.110870e+03,4.179713e+03,4.270370e+03,4.977982e+03,3.127898e+03,3.033047e+03
147.9200,7.569416e+03,4.448582e+03,4.545101e+03,5.298482e+03,3.328780e+03,3.227801e+03
147.9400,8.087529e+03,4.752392e+03,4.855535e+03,5.660626e+03,3.555774e+03,3.447870e+03
147.9600,8.679862e+03,5.099741e+03,5.210456e+03,6.074663e+03,3.815305e+03,3.699485e+03
147.9800,9.368845e+03,5.503790e+03,5.623313e+03,6.556276e+03,4.117211e+03,3.992185e+03
148.0000,1.019680e+04,5.989379e+03,6.119484e+03,7.135066e+03,4.480060e+03,4.343969e+03
148.0200,1.126620e+04,6.616646e+03,6.760419e+03,7.882698e+03,4.948806e+03,4.798426e+03
148.0400,1.284546e+04,7.543140e+03,7.707093e+03,8.986911e+03,5.641225e+03,5.469743e+03
148.0600,1.554817e+04,9.128997e+03,9.327480e+03,1.087686e+04,6.826537e+03,6.618943e+03
148.0800,2.042109e+04,1.198862e+04,1.224935e+04,1.428467e+04,8.964039e+03,8.691339e+03
148.1000,2.853963e+04,1.675321e+04,1.711765e+04,1.996252e+04,1.252559e+04,1.214443e+04
148.1200,3.986575e+04,2.340043e+04,2.390955e+04,2.788378e+04,1.749449e+04,1.696200e+04
148.1400,5.172139e+04,3.035836e+04,3.101893e+04,3.617533e+04,2.269563e+04,2.200475e+04
148.1600,5.801063e+04,3.404897e+04,3.478989e+04,4.057350e+04,2.545421e+04,2.467930e+04
148.1800,5.441398e+04,3.193689e+04,3.263188e+04,3.805709e+04,2.387489e+04,2.314802e+04
148.2000,4.528981e+04,2.658025e+04,2.715873e+04,3.167445e+04,1.987002e+04,1.926504e+04
148.2200,3.680690e+04,2.159983e+04,2.206998e+04,2.574018e+04,1.614632e+04,1.565466e+04
148.2400,3.172667e+04,1.861642e+04,1.902171e+04,2.218568e+04,1.391541e+04,1.349162e+04
148.2600,3.017774e+04,1.770546e+04,1.809100e+04,2.110086e+04,1.323368e+04,1.283056e+04
148.2800,3.118877e+04,1.829676e+04,1.869526e+04,2.180631e+04,1.367484e+04,1.325820e+04
148.3000,3.384110e+04,1.985102e+04,2.028344e+04,2.365940e+04,1.483571e+04,1.438362e+04
148.3200,3.768734e+04,2.210553e+04,2.258715e+04,2.634713e+04,1.651984e+04,1.601634e+04
148.3400,4.268169e+04,2.503327e+04,2.557875e+04,2.983735e+04,1.870698e+04,1.813674e+04
148.3600,4.902713e+04,2.875316e+04,2.937978e+04,3.427186e+04,2.148594e+04,2.083089e+04
148.3800,5.711099e+04,3.349225e+04,3.422224e+04,3.992134e+04,2.502634e+04,2.426324e+04
148.4000,6.753624e+04,3.960403e+04,4.046732e+04,4.720717e+04,2.959224e+04,2.868982e+04
148.4200,8.126260e+04,4.765114e+04,4.868994e+04,5.680009e+04,3.560399e+04,3.451812e+04
148.4400,1.000609e+05,5.867176e+04,5.995092e+04,6.993767e+04,4.383717e+04,4.250007e+04
148.4600,1.281023e+05,7.511117e+04,7.674887e+04,8.953495e+04,5.611860e+04,5.440674e+04
148.4800,1.768021e+05,1.036618e+05,1.059222e+05,1.235699e+05,7.744803e+04,7.508531e+04
148.5000,2.754425e+05,1.614905e+05,1.650122e+05,1.925069e+05,1.206504e+05,1.169693e+05
148.5200,4.836037e+05,2.835269e+05,2.897101e+05,3.379851e+05,2.118205e+05,2.053575e+05
148.5400,8.841863e+05,5.183719e+05,5.296772e+05,6.179415e+05,3.872672e+05,3.754505e+05
148.5600,1.527719e+06,8.956489e+05,9.151825e+05,1.067689e+06,6.691211e+05,6.487038e+05
148.5800,2.331017e+06,1.366589e+06,1.396394e+06,1.629092e+06,1.020948e+06,9.897953e+05
148.6000,2.972276e+06,1.742533e+06,1.780537e+06,2.077251e+06,1.301807e+06,1.262083e+06
148.6200,2.982687e+06,1.748636e+06,1.786774e+06,2.084527e+06,1.306366e+06,1.266504e+06
148.6400,2.352764e+06,1.379339e+06,1.409422e+06,1.644291e+06,1.030473e+06,9.990295e+05
148.6600,1.548309e+06,9.077196e+05,9.275165e+05,1.082079e+06,6.781387e+05,6.574463e+05
148.6800,8.983877e+05,5.266974e+05,5.381842e+05,6.278663e+05,3.934869e+05,3.814804e+05
148.7000,4.914330e+05,2.881166e+05,2.943999e+05,3.434566e+05,2.152492e+05,2.086816e+05
148.7200,2.790940e+05,1.636309e+05,1.671992e+05,1.950586e+05,1.222492e+05,1.185194e+05
148.7400,1.783498e+05,1.045686e+05,1.068488e+05,1.246511e+05,7.812529e+04,7.574187e+04
148.7600,1.287235e+05,7.547476e+04,7.712042e+04,8.996862e+04,5.638998e+04,5.466981e+04
148.7800,1.002456e+05,5.877930e+04,6.006084e+04,7.006615e+04,4.391723e+04,4.257765e+04
148.8000,8.117814e+04,4.760082e+04,4.863855e+04,5.674042e+04,3.556606e+04,3.448131e+04
148.8200,6.723332e+04,3.942552e+04,4.028495e+04,4.699474e+04,2.945849e+04,2.856011e+04
148.8400,5.659728e+04,3.319002e+04,3.391346e+04,3.956148e+04,2.480010e+04,2.404386e+04
148.8600,4.828601e+04,2.831744e+04,2.893460e+04,3.375293e+04,2.115990e+04,2.051475e+04
148.8800,4.167174e+04,2.443973e+04,2.497233e+04,2.913037e+04,1.826296e+04,1.770620e+04
148.9000,3.632582e+04,2.130561e+04,2.176986e+04,2.539423e+04,1.592153e+04,1.543622e+04
148.9200,3.194600e+04,1.873788e+04,1.914612e+04,2.233328e+04,1.400323e+04,1.357645e+04
148.9400,2.831436e+04,1.660877e+04,1.697058e+04,1.979520e+04,1.241262e+04,1.203438e+04
148.9600,2.527071e+04,1.482439e+04,1.514728e+04,1.766806e+04,1.107954e+04,1.074197e+04
148.9800,2.269533e+04,1.331452e+04,1.360448e+04,1.586818e+04,9.951548e+03,9.648401e+03
149.0000,2.049732e+04,1.202589e+04,1.228775e+04,1.433202e+04,8.988836e+03,8.715063e+03
149.0200,1.860670e+04,1.091748e+04,1.115516e+04,1.301070e+04,8.160757e+03,7.912252e+03
149.0400,1.696894e+04,9.957302e+03,1.017404e+04,1.186610e+04,7.443425e+03,7.216808e+03
149.0600,1.554104e+04,9.120157e+03,9.318642e+03,1.086816e+04,6.818005e+03,6.610471e+03
149.0800,1.428873e+04,8.385952e+03,8.568425e+03,9.992930e+03,6.269489e+03,6.078692e+03
149.1000,1.318443e+04,7.738525e+03,7.906879e+03,9.221148e+03,5.785802e+03,5.609764e+03
149.1200,1.220577e+04,7.164755e+03,7.320596e+03,8.537173e+03,5.357144e+03,5.194184e+03
149.1400,1.133444e+04,6.653907e+03,6.798607e+03,7.928206e+03,4.975492e+03,4.824177e+03
149.1600,1.055534e+04,6.197125e+03,6.331864e+03,7.383691e+03,4.634232e+03,4.493330e+03
149.1800,9.855912e+03,5.787058e+03,5.912854e+03,6.894863e+03,4.327871e+03,4.196316e+03
149.2000,9.225683e+03,5.417557e+03,5.535296e+03,6.454394e+03,4.051817e+03,3.928685e+03
149.2200,8.655833e+03,5.083454e+03,5.193907e+03,6.056123e+03,3.802208e+03,3.686691e+03
149.2400,8.138903e+03,4.780376e+03,4.884220e+03,5.694836e+03,3.575776e+03,3.467167e+03
149.2600,7.668549e+03,4.504604e+03,4.602434e+03,5.366100e+03,3.369744e+03,3.267421e+03
149.2800,7.239349e+03,4.252959e+03,4.345302e+03,5.066126e+03,3.181736e+03,3.085150e+03
149.3000,6.846649e+03,4.022712e+03,4.110034e+03,4.791660e+03,3.009715e+03,2.918376e+03
149.3200,6.486431e+03,3.811508e+03,3.894224e+03,4.539895e+03,2.851920e+03,2.765395e+03
149.3400,6.155216e+03,3.617307e+03,3.695789e+03,4.308400e+03,2.706828e+03,2.624730e+03
149.3600,5.849978e+03,3.438336e+03,3.512916e+03,4.095060e+03,2.573114e+03,2.495095e+03
149.3800,5.568077e+03,3.273046e+03,3.344022e+03,3.898028e+03,2.449620e+03,2.375368e+03
149.4000,5.307197e+03,3.120081e+03,3.187721e+03,3.715689e+03,2.335334e+03,2.264568e+03
149.4200,5.065305e+03,2.978247e+03,3.042795e+03,3.546619e+03,2.229364e+03,2.161831e+03
149.4400,4.840608e+03,2.846493e+03,2.908169e+03,3.389566e+03,2.130924e+03,2.066394e+03
149.4600,4.631517e+03,2.723889e+03,2.782892e+03,3.243420e+03,2.039320e+03,1.977584e+03
149.4800,4.436625e+03,2.609609e+03,2.666120e+03,3.107197e+03,1.953935e+03,1.894803e+03
149.5000,4.254679e+03,2.502919e+03,2.557104e+03,2.980023e+03,1.874220e+03,1.817520e+03
149.5200,4.084562e+03,2.403164e+03,2.455175e+03,2.861115e+03,1.799686e+03,1.745259e+03
149.5400,3.925275e+03,2.309758e+03,2.359732e+03,2.749776e+03,1.729895e+03,1.677597e+03
149.5600,3.775923e+03,2.222177e+03,2.270241e+03,2.645379e+03,1.664455e+03,1.614153e+03
149.5800,3.635699e+03,2.139947e+03,2.186219e+03,2.547363e+03,1.603013e+03,1.554585e+03
149.6000,3.503880e+03,2.062644e+03,2.107231e+03,2.455220e+03,1.545253e+03,1.498586e+03
149.6200,3.379812e+03,1.989885e+03,2.032886e+03,2.368494e+03,1.490887e+03,1.445878e+03
149.6400,3.262902e+03,1.921323e+03,1.962830e+03,2.286771e+03,1.439656e+03,1.396209e+03
149.6600,3.152614e+03,1.856643e+03,1.896741e+03,2.209676e+03,1.391326e+03,1.349353e+03
149.6800,3.048463e+03,1.795561e+03,1.834327e+03,2.136870e+03,1.345683e+03,1.305102e+03
149.7000,2.950006e+03,1.737817e+03,1.775324e+03,2.068042e+03,1.302534e+03,1.263269e+03
149.7200,2.856839e+03,1.683174e+03,1.719491e+03,2.002912e+03,1.261702e+03,1.223682e+03
149.7400,2.768594e+03,1.631417e+03,1.666606e+03,1.941222e+03,1.223026e+03,1.186185e+03
149.7600,2.684935e+03,1.582348e+03,1.616468e+03,1.882737e+03,1.186359e+03,1.150635e+03
149.7800,2.605554e+03,1.535788e+03,1.568893e+03,1.827242e+03,1.151565e+03,1.116902e+03
149.8000,2.530169e+03,1.491569e+03,1.523711e+03,1.774539e+03,1.118521e+03,1.084865e+03
149.8200,2.458520e+03,1.449542e+03,1.480768e+03,1.724448e+03,1.087113e+03,1.054415e+03
149.8400,2.390370e+03,1.409565e+03,1.439920e+03,1.676801e+03,1.057237e+03,1.025450e+03
149.8600,2.325497e+03,1.371510e+03,1.401036e+03,1.631445e+03,1.028798e+03,9.978768e+02
149.8800,2.263701e+03,1.335258e+03,1.363995e+03,1.588239e+03,1.001705e+03,9.716098e+02
149.9000,2.204794e+03,1.300700e+03,1.328684e+03,1.547052e+03,9.758776e+02,9.465694e+02
149.9200,2.148602e+03,1.267734e+03,1.295000e+03,1.507763e+03,9.512398e+02,9.226824e+02
149.9400,2.094968e+03,1.236267e+03,1.262848e+03,1.470261e+03,9.277216e+02,8.998808e+02
149.9600,2.043742e+03,1.206212e+03,1.232138e+03,1.434441e+03,9.052581e+02,8.781018e+02
149.9800,1.994786e+03,1.177488e+03,1.202788e+03,1.400209e+03,8.837891e+02,8.572869e+02
150.0000,1.947974e+03,1.150020e+03,1.174723e+03,1.367475e+03,8.632589e+02,8.373820e+02
150.0200,1.903187e+03,1.123740e+03,1.147870e+03,1.336156e+03,8.436153e+02,8.183368e+02
150.0400,1.860315e+03,1.098581e+03,1.122164e+03,1.306174e+03,8.248101e+02,8.001044e+02
150.0600,1.819254e+03,1.074485e+03,1.097543e+03,1.277459e+03,8.067983e+02,7.826411e+02
150.0800,1.779908e+03,1.051395e+03,1.073950e+03,1.249943e+03,7.895379e+02,7.659063e+02
150.1000,1.742190e+03,1.029258e+03,1.051332e+03,1.223563e+03,7.729898e+02,7.498621e+02
150.1200,1.706014e+03,1.008026e+03,1.029637e+03,1.198262e+03,7.571173e+02,7.344729e+02
150.1400,1.671304e+03,9.876519e+02,1.008820e+03,1.173984e+03,7.418864e+02,7.197056e+02
150.1600,1.637985e+03,9.680942e+02,9.888371e+02,1.150679e+03,7.272649e+02,7.055293e+02
150.1800,1.605990e+03,9.493123e+02,9.696466e+02,1.128300e+03,7.132231e+02,6.919148e+02
150.2000,1.575255e+03,9.312688e+02,9.512106e+02,1.106800e+03,6.997328e+02,6.788351e+02
150.2200,1.545719e+03,9.139284e+02,9.334931e+02,1.086138e+03,6.867677e+02,6.662645e+02
150.2400,1.517326e+03,8.972580e+02,9.164602e+02,1.066276e+03,6.743032e+02,6.541792e+02
150.2600,1.490024e+03,8.812267e+02,9.000802e+02,1.047175e+03,6.623159e+02,6.425567e+02
150.2800,1.463762e+03,8.658052e+02,8.843235e+02,1.028801e+03,6.507843e+02,6.313758e+02
150.3000,1.438494e+03,8.509662e+02,8.691619e+02,1.011122e+03,6.396877e+02,6.206167e+02
150.3200,1.414175e+03,8.366838e+02,8.545691e+02,9.941061e+02,6.290069e+02,6.102606e+02
150.3400,1.390765e+03,8.229338e+02,8.405203e+02,9.777250e+02,6.187238e+02,6.002902e+02
150.3600,1.368224e+03,8.096933e+02,8.269921e+02,9.619514e+02,6.088212e+02,5.906886e+02
150.3800,1.346516e+03,7.969407e+02,8.139624e+02,9.467595e+02,5.992830e+02,5.814404e+02
150.4000,1.325606e+03,7.846556e+02,8.014106e+02,9.321251e+02,5.900942e+02,5.725307e+02
150.4200,1.305461e+03,7.728190e+02,7.893169e+02,9.180252e+02,5.812402e+02,5.639457e+02
150.4400,1.286050e+03,7.614127e+02,7.776629e+02,9.044384e+02,5.727076e+02,5.556723e+02
150.4600,1.267344e+03,7.504195e+02,7.664311e+02,8.913442e+02,5.644836e+02,5.476981e+02
150.4800,1.249316e+03,7.398234e+02,7.556050e+02,8.787234e+02,5.565561e+02,5.400114e+02
150.5000,1.231939e+03,7.296091e+02,7.451691e+02,8.665578e+02,5.489138e+02,5.326010e+02
150.5200,1.215190e+03,7.197620e+02,7.351084e+02,8.548302e+02,5.415458e+02,5.254566e+02
150.5400,1.199044e+03,7.102687e+02,7.254092e+02,8.435242e+02,5.344419e+02,5.185683e+02
150.5600,1.183479e+03,7.011161e+02,7.160581e+02,8.326245e+02,5.275925e+02,5.119267e+02
150.5800,1.168475e+03,6.922920e+02,7.070428e+02,8.221166e+02,5.209885e+02,5.055229e+02
150.6000,1.154013e+03,6.837849e+02,6.983513e+02,8.119866e+02,5.146211e+02,4.993486e+02
150.6200,1.140073e+03,6.755838e+02,6.899726e+02,8.022216e+02,5.084823e+02,4.933958e+02
150.6400,1.126637e+03,6.676784e+02,6.818960e+02,7.928090e+02,5.025642e+02,4.876571e+02
150.6600,1.113690e+03,6.600588e+02,6.741114e+02,7.837373e+02,4.968595e+02,4.821252e+02
150.6800,1.101215e+03,6.527157e+02,6.666094e+02,7.749954e+02,4.913613e+02,4.767935e+02
150.7000,1.089197e+03,6.456404e+02,6.593810e+02,7.665727e+02,4.860631e+02,4.716556e+02
150.7200,1.077622e+03,6.388244e+02,6.524176e+02,7.584593e+02,4.809584e+02,4.667054e+02
150.7400,1.066476e+03,6.322599e+02,6.457112e+02,7.506459e+02,4.760416e+02,4.619373e+02
150.7600,1.055747e+03,6.259395e+02,6.392542e+02,7.431235e+02,4.713069e+02,4.573457e+02
150.7800,1.045423e+03,6.198560e+02,6.330393e+02,7.358837e+02,4.667491e+02,4.529257e+02
150.8000,1.035492e+03,6.140027e+02,6.270597e+02,7.289184e+02,4.623632e+02,4.486722e+02
150.8200,1.025944e+03,6.083734e+02,6.213089e+02,7.222203e+02,4.581444e+02,4.445808e+02
150.8400,1.016768e+03,6.029620e+02,6.157809e+02,7.157821e+02,4.540883e+02,4.406471e+02
150.8600,1.007955e+03,5.977629e+02,6.104697e+02,7.095971e+02,4.501907e+02,4.368669e+02
150.8800,9.994955e+02,5.927707e+02,6.053700e+02,7.036589e+02,4.464474e+02,4.332365e+02
150.9000,9.913811e+02,5.879804e+02,6.004766e+02,6.979616e+02,4.428549e+02,4.297521e+02
150.9200,9.836036e+02,5.833873e+02,5.957847e+02,6.924994e+02,4.394095e+02,4.264104e+02
150.9400,9.761554e+02,5.789868e+02,5.912897e+02,6.872671e+02,4.361078e+02,4.232080e+02
150.9600,9.690295e+02,5.747748e+02,5.869873e+02,6.822596e+02,4.329468e+02,4.201420e+02
150.9800,9.622191e+02,5.707473e+02,5.828734e+02,6.774723e+02,4.299235e+02,4.172094e+02
151.0000,9.557179e+02,5.669007e+02,5.789444e+02,6.729007e+02,4.270350e+02,4.144075e+02
151.0200,9.495200e+02,5.632314e+02,5.751965e+02,6.685407e+02,4.242788e+02,4.117339e+02
151.0400,9.436199e+02,5.597362e+02,5.716266e+02,6.643884e+02,4.216526e+02,4.091862e+02
151.0600,9.380125e+02,5.564120e+02,5.682315e+02,6.604403e+02,4.191539e+02,4.067622e+02
151.0800,9.326931e+02,5.532562e+02,5.650084e+02,6.566930e+02,4.167807e+02,4.044598e+02
151.1000,9.276573e+02,5.502661e+02,5.619547e+02,6.531435e+02,4.145312e+02,4.022773e+02
151.1200,9.229011e+02,5.474394e+02,5.590679e+02,6.497890e+02,4.124034e+02,4.002128e+02
151.1400,9.184207e+02,5.447738e+02,5.563458e+02,6.466267e+02,4.103958e+02,3.982648e+02
151.1600,9.142128e+02,5.422673e+02,5.537863e+02,6.436544e+02,4.085069e+02,3.964318e+02
151.1800,9.102744e+02,5.399183e+02,5.513877e+02,6.408700e+02,4.067353e+02,3.947125e+02
151.2000,9.066027e+02,5.377249e+02,5.491482e+02,6.382714e+02,4.050798e+02,3.931057e+02
151.2200,9.031954e+02,5.356860e+02,5.470665e+02,6.358571e+02,4.035393e+02,3.916104e+02
151.2400,9.000504e+02,5.338001e+02,5.451412e+02,6.336256e+02,4.021129e+02,3.902258e+02
151.2600,8.971660e+02,5.320662e+02,5.433713e+02,6.315756e+02,4.007998e+02,3.889509e+02
151.2800,8.945405e+02,5.304835e+02,5.417559e+02,6.297060e+02,3.995994e+02,3.877852e+02
151.3000,8.921730e+02,5.290512e+02,5.402942e+02,6.280161e+02,3.985110e+02,3.867281e+02
151.3200,8.900625e+02,5.277688e+02,5.389858e+02,6.265052e+02,3.975343e+02,3.857793e+02
151.3400,8.882084e+02,5.266360e+02,5.378301e+02,6.251728e+02,3.966690e+02,3.849384e+02
151.3600,8.866106e+02,5.256525e+02,5.368271e+02,6.240188e+02,3.959149e+02,3.842054e+02
151.3800,8.852689e+02,5.248184e+02,5.359768e+02,6.230433e+02,3.952721e+02,3.835801e+02
151.4000,8.841839e+02,5.241338e+02,5.352793e+02,6.222463e+02,3.947406e+02,3.830628e+02
151.4200,8.833561e+02,5.235991e+02,5.347350e+02,6.216284e+02,3.943208e+02,3.826536e+02
151.4400,8.827865e+02,5.232149e+02,5.343445e+02,6.211901e+02,3.940129e+02,3.823530e+02
151.4600,8.824764e+02,5.229817e+02,5.341084e+02,6.209324e+02,3.938176e+02,3.821614e+02
151.4800,8.824274e+02,5.229006e+02,5.340277e+02,6.208564e+02,3.937354e+02,3.820795e+02
151.5000,8.826414e+02,5.229727e+02,5.341036e+02,6.209633e+02,3.937672e+02,3.821081e+02
151.5200,8.831206e+02,5.231991e+02,5.343372e+02,6.212547e+02,3.939139e+02,3.822480e+02
151.5400,8.838678e+02,5.235815e+02,5.347302e+02,6.217324e+02,3.941766e+02,3.825003e+02
151.5600,8.848857e+02,5.241214e+02,5.352843e+02,6.223984e+02,3.945565e+02,3.828662e+02
151.5800,8.861777e+02,5.248208e+02,5.360013e+02,6.232550e+02,3.950551e+02,3.833471e+02
151.6000,8.877475e+02,5.256818e+02,5.368835e+02,6.243047e+02,3.956739e+02,3.839445e+02
151.6200,8.895992e+02,5.267066e+02,5.379333e+02,6.255503e+02,3.964146e+02,3.846600e+02
151.6400,8.917371e+02,5.278979e+02,5.391531e+02,6.269949e+02,3.972791e+02,3.854954e+02
151.6600,8.941662e+02,5.292585e+02,5.405460e+02,6.286418e+02,3.982694e+02,3.864529e+02
151.6800,8.968916e+02,5.307914e+02,5.421150e+02,6.304946e+02,3.993879e+02,3.875344e+02
151.7000,8.999192e+02,5.324998e+02,5.438634e+02,6.325574e+02,4.006369e+02,3.887425e+02
151.7200,9.032551e+02,5.343874e+02,5.457950e+02,6.348343e+02,4.020191e+02,3.900796e+02
151.7400,9.069059e+02,5.364579e+02,5.479136e+02,6.373300e+02,4.035373e+02,3.915486e+02
151.7600,9.108788e+02,5.387156e+02,5.502234e+02,6.400494e+02,4.051946e+02,3.931523e+02
151.7800,9.151815e+02,5.411647e+02,5.527290e+02,6.429979e+02,4.069942e+02,3.948939e+02
151.8000,9.198222e+02,5.438102e+02,5.554353e+02,6.461810e+02,4.089398e+02,3.967769e+02
151.8200,9.248097e+02,5.466570e+02,5.583474e+02,6.496050e+02,4.110349e+02,3.988048e+02
151.8400,9.301534e+02,5.497106e+02,5.614709e+02,6.532762e+02,4.132837e+02,4.009817e+02
151.8600,9.358634e+02,5.529768e+02,5.648117e+02,6.572018e+02,4.156905e+02,4.033116e+02
151.8800,9.419504e+02,5.564617e+02,5.683761e+02,6.613890e+02,4.182599e+02,4.057990e+02
151.9000,9.484257e+02,5.601721e+02,5.721710e+02,6.658458e+02,4.209967e+02,4.084487e+02
151.9200,9.553017e+02,5.641150e+02,5.762034e+02,6.705807e+02,4.239062e+02,4.112656e+02
151.9400,9.625913e+02,5.682977e+02,5.804812e+02,6.756025e+02,4.269939e+02,4.142553e+02
151.9600,9.703083e+02,5.727285e+02,5.850124e+02,6.809210e+02,4.302658e+02,4.174234e+02
151.9800,9.784675e+02,5.774156e+02,5.898058e+02,6.865463e+02,4.337282e+02,4.207761e+02
152.0000,9.870844e+02,5.823683e+02,5.948706e+02,6.924892e+02,4.373877e+02,4.243198e+02
152.0200,9.961758e+02,5.875962e+02,6.002167e+02,6.987613e+02,4.412516e+02,4.280615e+02
152.0400,1.005759e+03,5.931095e+02,6.058545e+02,7.053749e+02,4.453275e+02,4.320086e+02
152.0600,1.015854e+03,5.989191e+02,6.117954e+02,7.123431e+02,4.496235e+02,4.361689e+02
152.0800,1.026480e+03,6.050368e+02,6.180511e+02,7.196798e+02,4.541482e+02,4.405508e+02
152.1000,1.037659e+03,6.114749e+02,6.246344e+02,7.273999e+02,4.589108e+02,4.451632e+02
152.1200,1.049414e+03,6.182466e+02,6.315587e+02,7.355192e+02,4.639211e+02,4.500157e+02
152.1400,1.061768e+03,6.253661e+02,6.388385e+02,7.440546e+02,4.691896e+02,4.551182e+02
152.1600,1.074748e+03,6.328482e+02,6.464891e+02,7.530240e+02,4.747274e+02,4.604816e+02
152.1800,1.088382e+03,6.407091e+02,6.545269e+02,7.624466e+02,4.805463e+02,4.661175e+02
152.2000,1.102698e+03,6.489659e+02,6.629694e+02,7.723428e+02,4.866591e+02,4.720380e+02
152.2200,1.117730e+03,6.576366e+02,6.718351e+02,7.827345e+02,4.930793e+02,4.782563e+02
152.2400,1.133509e+03,6.667409e+02,6.811439e+02,7.936450e+02,4.998212e+02,4.847864e+02
152.2600,1.150072e+03,6.762995e+02,6.909172e+02,8.050992e+02,5.069004e+02,4.916432e+02
152.2800,1.167458e+03,6.863346e+02,7.011777e+02,8.171237e+02,5.143333e+02,4.988427e+02
152.3000,1.185708e+03,6.968701e+02,7.119497e+02,8.297469e+02,5.221376e+02,5.064020e+02
152.3200,1.204865e+03,7.079313e+02,7.232592e+02,8.429994e+02,5.303321e+02,5.143394e+02
152.3400,1.224977e+03,7.195457e+02,7.351342e+02,8.569139e+02,5.389372e+02,5.226746e+02
152.3600,1.246094e+03,7.317425e+02,7.476045e+02,8.715253e+02,5.479746e+02,5.314284e+02
152.3800,1.268271e+03,7.445530e+02,7.607023e+02,8.868713e+02,5.574674e+02,5.406236e+02
152.4000,1.291566e+03,7.580110e+02,7.744619e+02,9.029923e+02,5.674408e+02,5.502844e+02
152.4200,1.316041e+03,7.721527e+02,7.889206e+02,9.199315e+02,5.779216e+02,5.604367e+02
152.4400,1.341764e+03,7.870170e+02,8.041181e+02,9.377357e+02,5.889388e+02,5.711087e+02
152.4600,1.368808e+03,8.026461e+02,8.200973e+02,9.564551e+02,6.005234e+02,5.823304e+02
152.4800,1.397249e+03,8.190851e+02,8.369045e+02,9.761439e+02,6.127091e+02,5.941345e+02
152.5000,1.427174e+03,8.363829e+02,8.545896e+02,9.968605e+02,6.255322e+02,6.065560e+02
152.5200,1.458672e+03,8.545922e+02,8.732066e+02,1.018668e+03,6.390316e+02,6.196328e+02
152.5400,1.491843e+03,8.737699e+02,8.928137e+02,1.041635e+03,6.532497e+02,6.334058e+02
152.5600,1.526793e+03,8.939779e+02,9.134740e+02,1.065835e+03,6.682324e+02,6.479196e+02
152.5800,1.563637e+03,9.152831e+02,9.352560e+02,1.091348e+03,6.840292e+02,6.632221e+02
152.6000,1.602502e+03,9.377580e+02,9.582338e+02,1.118261e+03,7.006941e+02,6.793655e+02
152.6200,1.643522e+03,9.614815e+02,9.824881e+02,1.146669e+03,7.182856e+02,6.964066e+02
152.6400,1.686848e+03,9.865396e+02,1.008107e+03,1.176674e+03,7.368673e+02,7.144071e+02
152.6600,1.732639e+03,1.013026e+03,1.035185e+03,1.208388e+03,7.565086e+02,7.334341e+02
152.6800,1.781073e+03,1.041042e+03,1.063828e+03,1.241934e+03,7.772853e+02,7.535611e+02
152.7000,1.832342e+03,1.070699e+03,1.094149e+03,1.277445e+03,7.992801e+02,7.748681e+02
152.7200,1.886656e+03,1.102121e+03,1.126273e+03,1.315066e+03,8.225835e+02,7.974429e+02
152.7400,1.944248e+03,1.135439e+03,1.160336e+03,1.354959e+03,8.472948e+02,8.213816e+02
152.7600,2.005370e+03,1.170802e+03,1.196489e+03,1.397298e+03,8.735230e+02,8.467899e+02
152.7800,2.070301e+03,1.208371e+03,1.234898e+03,1.442278e+03,9.013879e+02,8.737838e+02
152.8000,2.139350e+03,1.248323e+03,1.275743e+03,1.490112e+03,9.310216e+02,9.024913e+02
152.8200,2.212855e+03,1.290856e+03,1.319227e+03,1.541033e+03,9.625700e+02,9.330538e+02
152.8400,2.291192e+03,1.336186e+03,1.365571e+03,1.595304e+03,9.961944e+02,9.656274e+02
152.8600,2.374778e+03,1.384556e+03,1.415021e+03,1.653212e+03,1.032074e+03,1.000385e+03
152.8800,2.464074e+03,1.436232e+03,1.467852e+03,1.715079e+03,1.070406e+03,1.037520e+03
152.9000,2.559596e+03,1.491512e+03,1.524367e+03,1.781259e+03,1.111413e+03,1.077246e+03
152.9200,2.661918e+03,1.550729e+03,1.584908e+03,1.852152e+03,1.155342e+03,1.119802e+03
152.9400,2.771683e+03,1.614256e+03,1.649853e+03,1.928204e+03,1.202467e+03,1.165456e+03
152.9600,2.889610e+03,1.682508e+03,1.719631e+03,2.009912e+03,1.253100e+03,1.214506e+03
152.9800,3.016510e+03,1.755956e+03,1.794719e+03,2.097839e+03,1.307587e+03,1.267291e+03
153.0000,3.153297e+03,1.835128e+03,1.875660e+03,2.192618e+03,1.366321e+03,1.324191e+03
153.0200,3.301004e+03,1.920622e+03,1.963064e+03,2.294964e+03,1.429747e+03,1.385635e+03
153.0400,3.460802e+03,2.013116e+03,2.057624e+03,2.405690e+03,1.498366e+03,1.452112e+03
153.0600,3.634024e+03,2.113383e+03,2.160131e+03,2.525720e+03,1.572753e+03,1.524175e+03
153.0800,3.822194e+03,2.222304e+03,2.271484e+03,2.656108e+03,1.653561e+03,1.602459e+03
153.1000,4.027056e+03,2.340889e+03,2.392718e+03,2.798065e+03,1.741539e+03,1.687690e+03
153.1200,4.250617e+03,2.470300e+03,2.525019e+03,2.952980e+03,1.837550e+03,1.780703e+03
153.1400,4.495194e+03,2.611878e+03,2.669760e+03,3.122460e+03,1.942589e+03,1.882462e+03
153.1600,4.763476e+03,2.767181e+03,2.828531e+03,3.308369e+03,2.057812e+03,1.994086e+03
153.1800,5.058594e+03,2.938021e+03,3.003186e+03,3.512875e+03,2.184562e+03,2.116878e+03
153.2000,5.384213e+03,3.126519e+03,3.195894e+03,3.738519e+03,2.324415e+03,2.252364e+03
153.2200,5.744646e+03,3.335173e+03,3.409208e+03,3.988290e+03,2.479223e+03,2.402339e+03
153.2400,6.144992e+03,3.566936e+03,3.646146e+03,4.265721e+03,2.651177e+03,2.568923e+03
153.2600,6.591318e+03,3.825319e+03,3.910299e+03,4.575018e+03,2.842883e+03,2.754643e+03
153.2800,7.090886e+03,4.114527e+03,4.205965e+03,4.921213e+03,3.057460e+03,2.962520e+03
153.3000,7.652446e+03,4.439625e+03,4.538322e+03,5.310369e+03,3.298667e+03,3.196196e+03
153.3200,8.286613e+03,4.806759e+03,4.913655e+03,5.749843e+03,3.571065e+03,3.460088e+03
153.3400,9.006369e+03,5.223446e+03,5.339646e+03,6.248632e+03,3.880228e+03,3.759599e+03
153.3600,9.827716e+03,5.698950e+03,5.825767e+03,6.817826e+03,4.233033e+03,4.101389e+03
153.3800,1.077056e+04,6.244794e+03,6.383800e+03,7.471219e+03,4.638029e+03,4.493740e+03
153.4000,1.185990e+04,6.875454e+03,7.028542e+03,8.226137e+03,5.105956e+03,4.947058e+03
153.4200,1.312747e+04,7.609303e+03,7.778777e+03,9.104574e+03,5.650446e+03,5.474549e+03
153.4400,1.461403e+04,8.469933e+03,8.658623e+03,1.013477e+04,6.289006e+03,6.093172e+03
153.4600,1.637257e+04,9.488028e+03,9.699451e+03,1.135346e+04,7.044401e+03,6.824983e+03
153.4800,1.847298e+04,1.070405e+04,1.094263e+04,1.280906e+04,7.946655e+03,7.699068e+03
153.5000,2.100887e+04,1.217220e+04,1.244356e+04,1.456647e+04,9.035980e+03,8.754384e+03
153.5200,2.410780e+04,1.396632e+04,1.427773e+04,1.671407e+04,1.036717e+04,1.004401e+04
153.5400,2.794692e+04,1.618898e+04,1.655002e+04,1.937464e+04,1.201632e+04,1.164168e+04
153.5600,3.277801e+04,1.898594e+04,1.940943e+04,2.272266e+04,1.409159e+04,1.365216e+04
153.5800,3.897100e+04,2.257138e+04,2.307493e+04,2.701450e+04,1.675190e+04,1.622941e+04
153.6000,4.711053e+04,2.728378e+04,2.789255e+04,3.265533e+04,2.024838e+04,1.961674e+04
153.6200,5.829298e+04,3.375789e+04,3.451121e+04,4.040496e+04,2.505201e+04,2.427040e+04
153.6400,7.515588e+04,4.352072e+04,4.449202e+04,5.209125e+04,3.229580e+04,3.128804e+04
153.6600,1.049351e+05,6.076151e+04,6.211776e+04,7.272879e+04,4.508806e+04,4.368093e+04
153.6800,1.658701e+05,9.604007e+04,9.818401e+04,1.149578e+05,7.126393e+04,6.903959e+04
153.7000,2.939212e+05,1.701758e+05,1.739750e+05,2.036996e+05,1.262709e+05,1.223293e+05
153.7200,5.365886e+05,3.106691e+05,3.176052e+05,3.718725e+05,2.305137e+05,2.233176e+05
153.7400,9.178225e+05,5.313860e+05,5.432503e+05,6.360746e+05,3.942805e+05,3.819718e+05
153.7600,1.378547e+06,7.981246e+05,8.159445e+05,9.553654e+05,5.921944e+05,5.737068e+05
153.7800,1.719343e+06,9.954295e+05,1.017655e+06,1.191543e+06,7.385900e+05,7.155321e+05
153.8000,1.680485e+06,9.729327e+05,9.946556e+05,1.164614e+06,7.218979e+05,6.993611e+05
153.8200,1.297248e+06,7.510560e+05,7.678250e+05,8.990235e+05,5.572705e+05,5.398733e+05
153.8400,8.406526e+05,4.867081e+05,4.975748e+05,5.825944e+05,3.611305e+05,3.498567e+05
153.8600,4.830690e+05,2.796836e+05,2.859278e+05,3.347824e+05,2.075231e+05,2.010448e+05
153.8800,2.639946e+05,1.528495e+05,1.562618e+05,1.829598e+05,1.134151e+05,1.098748e+05
153.9000,1.513436e+05,8.762969e+04,8.958585e+04,1.048905e+05,6.502354e+04,6.299402e+04
153.9200,9.805088e+04,5.677565e+04,5.804291e+04,6.795772e+04,4.213055e+04,4.081574e+04
153.9400,7.148857e+04,4.139727e+04,4.232117e+04,4.954954e+04,3.072014e+04,2.976156e+04
153.9600,5.597214e+04,3.241395e+04,3.313728e+04,3.879636e+04,2.405472e+04,2.330423e+04
153.9800,4.545603e+04,2.632559e+04,2.691298e+04,3.150849e+04,1.953729e+04,1.892783e+04
154.0000,3.772057e+04,2.184709e+04,2.233449e+04,2.614766e+04,1.621435e+04,1.570863e+04
154.0200,3.180320e+04,1.842120e+04,1.883210e+04,2.204680e+04,1.367240e+04,1.324604e+04
154.0400,2.716996e+04,1.573874e+04,1.608975e+04,1.883587e+04,1.168208e+04,1.131785e+04
154.0600,2.347669e+04,1.360049e+04,1.390376e+04,1.627635e+04,1.009554e+04,9.780844e+03
154.0800,2.048739e+04,1.186981e+04,1.213444e+04,1.420470e+04,8.811409e+03,8.536802e+03
154.1000,1.803526e+04,1.045012e+04,1.068305e+04,1.250531e+04,7.758026e+03,7.516305e+03
154.1200,1.599975e+04,9.271642e+03,9.478257e+03,1.109466e+04,6.883615e+03,6.669191e+03
154.1400,1.429212e+04,8.282991e+03,8.467532e+03,9.911230e+03,6.150052e+03,5.958530e+03
154.1600,1.284593e+04,7.445696e+03,7.611544e+03,8.908980e+03,5.528792e+03,5.356665e+03
154.1800,1.161065e+04,6.730511e+03,6.880390e+03,8.052896e+03,4.998135e+03,4.842574e+03
154.2000,1.054734e+04,6.114891e+03,6.251025e+03,7.315994e+03,4.541353e+03,4.400051e+03
154.2200,9.625627e+03,5.581244e+03,5.705464e+03,6.677215e+03,4.145393e+03,4.016452e+03
154.2400,8.821509e+03,5.115682e+03,5.229508e+03,6.119935e+03,3.799951e+03,3.681794e+03
154.2600,8.115861e+03,4.707130e+03,4.811834e+03,5.630897e+03,3.496808e+03,3.388115e+03
154.2800,7.493275e+03,4.346667e+03,4.443323e+03,5.199422e+03,3.229346e+03,3.129003e+03
154.3000,6.941236e+03,4.027047e+03,4.116568e+03,4.816838e+03,2.992190e+03,2.899249e+03
154.3200,6.449493e+03,3.742336e+03,3.825500e+03,4.476039e+03,2.780935e+03,2.694589e+03
154.3400,6.009586e+03,3.487636e+03,3.565114e+03,4.171164e+03,2.591947e+03,2.511501e+03
154.3600,5.614486e+03,3.258877e+03,3.331249e+03,3.897342e+03,2.422207e+03,2.347060e+03
154.3800,5.258314e+03,3.052656e+03,3.120423e+03,3.650497e+03,2.269190e+03,2.198819e+03
154.4000,4.936122e+03,2.866108e+03,2.929710e+03,3.427201e+03,2.130769e+03,2.064719e+03
154.4200,4.643722e+03,2.696808e+03,2.756631e+03,3.224551e+03,2.005146e+03,1.943017e+03
154.4400,4.377551e+03,2.542693e+03,2.599076e+03,3.040079e+03,1.890791e+03,1.832231e+03
154.4600,4.134563e+03,2.402001e+03,2.455243e+03,2.871673e+03,1.786394e+03,1.731093e+03
154.4800,3.912141e+03,2.273214e+03,2.323582e+03,2.717520e+03,1.690832e+03,1.638514e+03
154.5000,3.708025e+03,2.155027e+03,2.202756e+03,2.576053e+03,1.603134e+03,1.553553e+03
154.5200,3.520259e+03,2.046306e+03,2.091608e+03,2.445917e+03,1.522459e+03,1.475396e+03
154.5400,3.347140e+03,1.946064e+03,1.989128e+03,2.325931e+03,1.448077e+03,1.403335e+03
154.5600,3.187180e+03,1.853441e+03,1.894438e+03,2.215066e+03,1.379347e+03,1.336750e+03
154.5800,3.039077e+03,1.767683e+03,1.806766e+03,2.112417e+03,1.315710e+03,1.275100e+03
154.6000,2.901685e+03,1.688126e+03,1.725433e+03,2.017192e+03,1.256675e+03,1.217907e+03
154.6200,2.773993e+03,1.614185e+03,1.649842e+03,1.928688e+03,1.201807e+03,1.164751e+03
154.6400,2.655106e+03,1.545342e+03,1.579462e+03,1.846287e+03,1.150721e+03,1.115260e+03
154.6600,2.544232e+03,1.481138e+03,1.513825e+03,1.769439e+03,1.103077e+03,1.069103e+03
154.6800,2.440663e+03,1.421163e+03,1.452512e+03,1.697653e+03,1.058572e+03,1.025986e+03
154.7000,2.343769e+03,1.365053e+03,1.395149e+03,1.630494e+03,1.016934e+03,9.856475e+02
154.7200,2.252988e+03,1.312482e+03,1.341405e+03,1.567571e+03,9.779216e+02,9.478525e+02
154.7400,2.167813e+03,1.263157e+03,1.290979e+03,1.508532e+03,9.413176e+02,9.123907e+02
154.7600,2.087790e+03,1.216814e+03,1.243602e+03,1.453065e+03,9.069270e+02,8.790731e+02
154.7800,2.012510e+03,1.173218e+03,1.199033e+03,1.400884e+03,8.745739e+02,8.477295e+02
154.8000,1.941603e+03,1.132153e+03,1.157052e+03,1.351735e+03,8.440996e+02,8.182060e+02
154.8200,1.874737e+03,1.093428e+03,1.117463e+03,1.305385e+03,8.153608e+02,7.903638e+02
154.8400,1.811607e+03,1.056866e+03,1.080085e+03,1.261625e+03,7.882273e+02,7.640768e+02
154.8600,1.751940e+03,1.022309e+03,1.044757e+03,1.220264e+03,7.625810e+02,7.392306e+02
154.8800,1.695484e+03,9.896112e+02,1.011330e+03,1.181130e+03,7.383146e+02,7.157212e+02
154.9000,1.642012e+03,9.586411e+02,9.796686e+02,1.144063e+03,7.153300e+02,6.934537e+02
154.9200,1.591317e+03,9.292783e+02,9.496507e+02,1.108920e+03,6.935381e+02,6.723415e+02
154.9400,1.543207e+03,9.014128e+02,9.211635e+02,1.075570e+03,6.728571e+02,6.523055e+02
154.9600,1.497509e+03,8.749435e+02,8.941038e+02,1.043891e+03,6.532121e+02,6.332733e+02
154.9800,1.454064e+03,8.497781e+02,8.683770e+02,1.013772e+03,6.345346e+02,6.151783e+02
155.0000,1.412723e+03,8.258317e+02,8.438965e+02,9.851130e+02,6.167616e+02,5.979596e+02
155.0200,1.373353e+03,8.030261e+02,8.205822e+02,9.578193e+02,5.998350e+02,5.815609e+02
155.0400,1.335830e+03,7.812894e+02,7.983607e+02,9.318050e+02,5.837016e+02,5.659306e+02
155.0600,1.300037e+03,7.605552e+02,7.771641e+02,9.069907e+02,5.683120e+02,5.510209e+02
155.0800,1.265871e+03,7.407623e+02,7.569297e+02,8.833031e+02,5.536208e+02,5.367878e+02
155.1000,1.233232e+03,7.218539e+02,7.375997e+02,8.606743e+02,5.395860e+02,5.231906e+02
155.1200,1.202030e+03,7.037777e+02,7.191204e+02,8.390416e+02,5.261686e+02,5.101915e+02
155.1400,1.172182e+03,6.864850e+02,7.014421e+02,8.183468e+02,5.133326e+02,4.977557e+02
155.1600,1.143609e+03,6.699308e+02,6.845188e+02,7.985359e+02,5.010445e+02,4.858507e+02
155.1800,1.116239e+03,6.540730e+02,6.683075e+02,7.795587e+02,4.892732e+02,4.744463e+02
155.2000,1.090005e+03,6.388728e+02,6.527684e+02,7.613686e+02,4.779899e+02,4.635147e+02
155.2200,1.064844e+03,6.242939e+02,6.378645e+02,7.439222e+02,4.671675e+02,4.530297e+02
155.2400,1.040698e+03,6.103025e+02,6.235612e+02,7.271791e+02,4.567811e+02,4.429670e+02
155.2600,1.017511e+03,5.968671e+02,6.098264e+02,7.111014e+02,4.468072e+02,4.333039e+02
155.2800,9.952346e+02,5.839583e+02,5.966298e+02,6.956540e+02,4.372241e+02,4.240194e+02
155.3000,9.738197e+02,5.715485e+02,5.839434e+02,6.808040e+02,4.280112e+02,4.150936e+02
155.3200,9.532224e+02,5.596120e+02,5.717409e+02,6.665205e+02,4.191495e+02,4.065080e+02
155.3400,9.334010e+02,5.481248e+02,5.599977e+02,6.527748e+02,4.106212e+02,3.982455e+02
155.3600,9.143165e+02,5.370643e+02,5.486908e+02,6.395398e+02,4.024096e+02,3.902896e+02
155.3800,8.959324e+02,5.264093e+02,5.377984e+02,6.267903e+02,3.944988e+02,3.826253e+02
155.4000,8.782144e+02,5.161400e+02,5.273003e+02,6.145024e+02,3.868742e+02,3.752382e+02
155.4200,8.611303e+02,5.062377e+02,5.171774e+02,6.026538e+02,3.795219e+02,3.681149e+02
155.4400,8.446498e+02,4.966849e+02,5.074118e+02,5.912235e+02,3.724290e+02,3.612429e+02
155.4600,8.287444e+02,4.874651e+02,4.979866e+02,5.801919e+02,3.655832e+02,3.546103e+02
155.4800,8.133873e+02,4.785628e+02,4.888860e+02,5.695403e+02,3.589729e+02,3.482058e+02
155.5000,7.985533e+02,4.699634e+02,4.800951e+02,5.592511e+02,3.525874e+02,3.420191e+02
155.5200,7.842185e+02,4.616530e+02,4.715996e+02,5.493080e+02,3.464163e+02,3.360402e+02
155.5400,7.703604e+02,4.536186e+02,4.633864e+02,5.396953e+02,3.404501e+02,3.302598e+02
155.5600,7.569579e+02,4.458481e+02,4.554428e+02,5.303983e+02,3.346797e+02,3.246689e+02
155.5800,7.439909e+02,4.383297e+02,4.477570e+02,5.214032e+02,3.290963e+02,3.192594e+02
155.6000,7.314404e+02,4.310525e+02,4.403178e+02,5.126967e+02,3.236919e+02,3.140232e+02
155.6200,7.192886e+02,4.240061e+02,4.331146e+02,5.042666e+02,3.184589e+02,3.089530e+02
155.6400,7.075185e+02,4.171808e+02,4.261373e+02,4.961010e+02,3.133898e+02,3.040416e+02
155.6600,6.961140e+02,4.105671e+02,4.193765e+02,4.881889e+02,3.084778e+02,2.992825e+02
155.6800,6.850600e+02,4.041564e+02,4.128231e+02,4.805196e+02,3.037164e+02,2.946692e+02
155.7000,6.743419e+02,3.979402e+02,4.064686e+02,4.730831e+02,2.990993e+02,2.901958e+02
155.7200,6.639462e+02,3.919107e+02,4.003049e+02,4.658701e+02,2.946208e+02,2.858565e+02
155.7400,6.538597e+02,3.860603e+02,3.943243e+02,4.588714e+02,2.902751e+02,2.816460e+02
155.7600,6.440703e+02,3.803818e+02,3.885195e+02,4.520786e+02,2.860570e+02,2.775591e+02
155.7800,6.345660e+02,3.748685e+02,3.828836e+02,4.454835e+02,2.819616e+02,2.735910e+02
155.8000,6.253360e+02,3.695140e+02,3.774100e+02,4.390784e+02,2.779839e+02,2.697370e+02
155.8200,6.163694e+02,3.643120e+02,3.720923e+02,4.328559e+02,2.741194e+02,2.659927e+02
155.8400,6.076562e+02,3.592568e+02,3.669247e+02,4.268091e+02,2.703639e+02,2.623539e+02
155.8600,5.991869e+02,3.543428e+02,3.619014e+02,4.209313e+02,2.667131e+02,2.588165e+02
155.8800,5.909522e+02,3.495646e+02,3.570171e+02,4.152161e+02,2.631631e+02,2.553769e+02
155.9000,5.829435e+02,3.449173e+02,3.522665e+02,4.096575e+02,2.597102e+02,2.520314e+02
155.9200,5.751524e+02,3.403961e+02,3.476447e+02,4.042498e+02,2.563509e+02,2.487764e+02
155.9400,5.675711e+02,3.359962e+02,3.431471e+02,3.989874e+02,2.530817e+02,2.456087e+02
155.9600,5.601918e+02,3.317135e+02,3.387692e+02,3.938652e+02,2.498993e+02,2.425252e+02
155.9800,5.530075e+02,3.275436e+02,3.345066e+02,3.888780e+02,2.468007e+02,2.395229e+02
156.0000,5.460112e+02,3.234825e+02,3.303554e+02,3.840212e+02,2.437829e+02,2.365988e+02
156.0200,5.391963e+02,3.195266e+02,3.263115e+02,3.792901e+02,2.408431e+02,2.337502e+02
156.0400,5.325566e+02,3.156720e+02,3.223714e+02,3.746803e+02,2.379785e+02,2.309746e+02
156.0600,5.260859e+02,3.119154e+02,3.185313e+02,3.701878e+02,2.351866e+02,2.282693e+02
156.0800,5.197786e+02,3.082533e+02,3.147879e+02,3.658085e+02,2.324648e+02,2.256321e+02
156.1000,5.136290e+02,3.046827e+02,3.111380e+02,3.615386e+02,2.298109e+02,2.230605e+02
156.1200,5.076320e+02,3.012003e+02,3.075783e+02,3.573744e+02,2.272225e+02,2.205525e+02
156.1400,5.017824e+02,2.978033e+02,3.041060e+02,3.533123e+02,2.246975e+02,2.181058e+02
156.1600,4.960754e+02,2.944890e+02,3.007181e+02,3.493492e+02,2.222338e+02,2.157185e+02
156.1800,4.905064e+02,2.912545e+02,2.974118e+02,3.454816e+02,2.198293e+02,2.133886e+02
156.2000,4.850708e+02,2.880973e+02,2.941846e+02,3.417066e+02,2.174823e+02,2.111144e+02
156.2200,4.797645e+02,2.850150e+02,2.910338e+02,3.380211e+02,2.151907e+02,2.088939e+02
156.2400,4.745833e+02,2.820051e+02,2.879572e+02,3.344224e+02,2.129530e+02,2.067255e+02
156.2600,4.695233e+02,2.790654e+02,2.849523e+02,3.309077e+02,2.107673e+02,2.046076e+02
156.2800,4.645807e+02,2.761937e+02,2.820169e+02,3.274743e+02,2.086321e+02,2.025385e+02
156.3000,4.597518e+02,2.733878e+02,2.791489e+02,3.241198e+02,2.065457e+02,2.005168e+02
156.3200,4.550332e+02,2.706459e+02,2.763461e+02,3.208418e+02,2.045068e+02,1.985411e+02
156.3400,4.504216e+02,2.679658e+02,2.736067e+02,3.176379e+02,2.025138e+02,1.966098e+02
156.3600,4.459136e+02,2.653458e+02,2.709286e+02,3.145058e+02,2.005654e+02,1.947218e+02
156.3800,4.415062e+02,2.627841e+02,2.683102e+02,3.114435e+02,1.986602e+02,1.928756e+02
156.4000,4.371965e+02,2.602789e+02,2.657495e+02,3.084488e+02,1.967970e+02,1.910701e+02
156.4200,4.329815e+02,2.578286e+02,2.632449e+02,3.055198e+02,1.949745e+02,1.893040e+02
156.4400,4.288585e+02,2.554315e+02,2.607947e+02,3.026546e+02,1.931915e+02,1.875762e+02
156.4600,4.248247e+02,2.530862e+02,2.583975e+02,2.998513e+02,1.914469e+02,1.858856e+02
156.4800,4.208778e+02,2.507912e+02,2.560516e+02,2.971081e+02,1.897396e+02,1.842312e+02
156.5000,4.170151e+02,2.485449e+02,2.537556e+02,2.944233e+02,1.880686e+02,1.826118e+02
156.5200,4.132344e+02,2.463461e+02,2.515081e+02,2.917953e+02,1.864327e+02,1.810266e+02
156.5400,4.095332e+02,2.441934e+02,2.493078e+02,2.892226e+02,1.848311e+02,1.794745e+02
156.5600,4.059095e+02,2.420855e+02,2.471533e+02,2.867034e+02,1.832627e+02,1.779546e+02
156.5800,4.023611e+02,2.400212e+02,2.450433e+02,2.842365e+02,1.817267e+02,1.764661e+02
156.6000,3.988858e+02,2.379993e+02,2.429768e+02,2.818203e+02,1.802222e+02,1.750080e+02
156.6200,3.954818e+02,2.360187e+02,2.409523e+02,2.794535e+02,1.787483e+02,1.735797e+02
156.6400,3.921471e+02,2.340783e+02,2.389690e+02,2.771347e+02,1.773041e+02,1.721802e+02
156.6600,3.888799e+02,2.321769e+02,2.370256e+02,2.748627e+02,1.758890e+02,1.708088e+02
156.6800,3.856783e+02,2.303135e+02,2.351210e+02,2.726362e+02,1.745021e+02,1.694647e+02
156.7000,3.825407e+02,2.284872e+02,2.332544e+02,2.704541e+02,1.731427e+02,1.681473e+02
156.7200,3.794654e+02,2.266970e+02,2.314246e+02,2.683151e+02,1.718101e+02,1.668558e+02
156.7400,3.764508e+02,2.249419e+02,2.296307e+02,2.662182e+02,1.705036e+02,1.655896e+02
156.7600,3.734953e+02,2.232210e+02,2.278719e+02,2.641623e+02,1.692224e+02,1.643480e+02
156.7800,3.705974e+02,2.215336e+02,2.261471e+02,2.621464e+02,1.679661e+02,1.631304e+02
156.8000,3.677557e+02,2.198786e+02,2.244557e+02,2.601693e+02,1.667338e+02,1.619362e+02
156.8200,3.649687e+02,2.182554e+02,2.227966e+02,2.582302e+02,1.655252e+02,1.607648e+02
156.8400,3.622351e+02,2.166631e+02,2.211692e+02,2.563282e+02,1.643394e+02,1.596156e+02
156.8600,3.595536e+02,2.151009e+02,2.195726e+02,2.544622e+02,1.631761e+02,1.584881e+02
156.8800,3.569229e+02,2.135682e+02,2.180060e+02,2.526314e+02,1.620346e+02,1.573818e+02
156.9000,3.543418e+02,2.120642e+02,2.164689e+02,2.508350e+02,1.609144e+02,1.562961e+02
156.9200,3.518090e+02,2.105882e+02,2.149603e+02,2.490722e+02,1.598150e+02,1.552306e+02
156.9400,3.493234e+02,2.091395e+02,2.134797e+02,2.473420e+02,1.587358e+02,1.541847e+02
156.9600,3.468840e+02,2.077176e+02,2.120265e+02,2.456438e+02,1.576765e+02,1.531580e+02
156.9800,3.444895e+02,2.063217e+02,2.105998e+02,2.439768e+02,1.566366e+02,1.521501e+02
157.0000,3.421390e+02,2.049512e+02,2.091992e+02,2.423403e+02,1.556155e+02,1.511604e+02
157.0200,3.398314e+02,2.036057e+02,2.078240e+02,2.407336e+02,1.546129e+02,1.501887e+02
157.0400,3.375658e+02,2.022844e+02,2.064736e+02,2.391559e+02,1.536283e+02,1.492344e+02
157.0600,3.353411e+02,2.009869e+02,2.051476e+02,2.376066e+02,1.526614e+02,1.482972e+02
157.0800,3.331565e+02,1.997125e+02,2.038452e+02,2.360851e+02,1.517116e+02,1.473766e+02
157.1000,3.310111e+02,1.984609e+02,2.025660e+02,2.345907e+02,1.507787e+02,1.464724e+02
157.1200,3.289039e+02,1.972314e+02,2.013095e+02,2.331229e+02,1.498623e+02,1.455841e+02
157.1400,3.268341e+02,1.960236e+02,2.000751e+02,2.316810e+02,1.489619e+02,1.447114e+02
157.1600,3.248010e+02,1.948370e+02,1.988624e+02,2.302645e+02,1.480773e+02,1.438539e+02
157.1800,3.228037e+02,1.936711e+02,1.976709e+02,2.288728e+02,1.472080e+02,1.430114e+02
157.2000,3.208414e+02,1.925255e+02,1.965002e+02,2.275054e+02,1.463539e+02,1.421834e+02
157.2200,3.189134e+02,1.913998e+02,1.953498e+02,2.261618e+02,1.455144e+02,1.413697e+02
157.2400,3.170189e+02,1.902935e+02,1.942192e+02,2.248414e+02,1.446894e+02,1.405700e+02
157.2600,3.151573e+02,1.892063e+02,1.931080e+02,2.235438e+02,1.438785e+02,1.397840e+02
157.2800,3.133278e+02,1.881376e+02,1.920159e+02,2.222684e+02,1.430814e+02,1.390114e+02
157.3000,3.115298e+02,1.870872e+02,1.909425e+02,2.210149e+02,1.422979e+02,1.382518e+02
157.3200,3.097626e+02,1.860546e+02,1.898873e+02,2.197827e+02,1.415275e+02,1.375051e+02
157.3400,3.080256e+02,1.850395e+02,1.888499e+02,2.185715e+02,1.407702e+02,1.367710e+02
157.3600,3.063182e+02,1.840416e+02,1.878301e+02,2.173808e+02,1.400256e+02,1.360492e+02
157.3800,3.046397e+02,1.830604e+02,1.868274e+02,2.162102e+02,1.392934e+02,1.353394e+02
157.4000,3.029897e+02,1.820957e+02,1.858416e+02,2.150592e+02,1.385735e+02,1.346415e+02
157.4200,3.013675e+02,1.811471e+02,1.848722e+02,2.139276e+02,1.378655e+02,1.339552e+02
157.4400,2.997726e+02,1.802143e+02,1.839190e+02,2.128148e+02,1.371692e+02,1.332802e+02
157.4600,2.982044e+02,1.792970e+02,1.829816e+02,2.117206e+02,1.364845e+02,1.326164e+02
157.4800,2.966624e+02,1.783949e+02,1.820598e+02,2.106446e+02,1.358110e+02,1.319635e+02
157.5000,2.951462e+02,1.775077e+02,1.811532e+02,2.095864e+02,1.351485e+02,1.313213e+02
157.5200,2.936552e+02,1.766351e+02,1.802615e+02,2.085457e+02,1.344970e+02,1.306896e+02
157.5400,2.921890e+02,1.757768e+02,1.793844e+02,2.075222e+02,1.338560e+02,1.300682e+02
157.5600,2.907470e+02,1.749326e+02,1.785218e+02,2.065155e+02,1.332255e+02,1.294569e+02
157.5800,2.893289e+02,1.741022e+02,1.776733e+02,2.055253e+02,1.326052e+02,1.288556e+02
157.6000,2.879342e+02,1.732853e+02,1.768386e+02,2.045513e+02,1.319950e+02,1.282640e+02
157.6200,2.865624e+02,1.724818e+02,1.760175e+02,2.035932e+02,1.313946e+02,1.276819e+02
157.6400,2.852132e+02,1.716912e+02,1.752097e+02,2.026508e+02,1.308040e+02,1.271092e+02
157.6600,2.838861e+02,1.709136e+02,1.744151e+02,2.017237e+02,1.302228e+02,1.265458e+02
157.6800,2.825807e+02,1.701485e+02,1.736333e+02,2.008117e+02,1.296510e+02,1.259914e+02
157.7000,2.812967e+02,1.693957e+02,1.728642e+02,1.999144e+02,1.290884e+02,1.254459e+02
157.7200,2.800337e+02,1.686551e+02,1.721074e+02,1.990317e+02,1.285348e+02,1.249091e+02
157.7400,2.787913e+02,1.679265e+02,1.713629e+02,1.981633e+02,1.279900e+02,1.243809e+02
157.7600,2.775691e+02,1.672095e+02,1.706304e+02,1.973090e+02,1.274539e+02,1.238611e+02
157.7800,2.763669e+02,1.665041e+02,1.699096e+02,1.964684e+02,1.269264e+02,1.233497e+02
157.8000,2.751842e+02,1.658100e+02,1.692005e+02,1.956414e+02,1.264073e+02,1.228463e+02
157.8200,2.740207e+02,1.651271e+02,1.685027e+02,1.948277e+02,1.258965e+02,1.223510e+02
157.8400,2.728761e+02,1.644551e+02,1.678161e+02,1.940271e+02,1.253938e+02,1.218635e+02
157.8600,2.717502e+02,1.637939e+02,1.671405e+02,1.932394e+02,1.248990e+02,1.213838e+02
157.8800,2.706425e+02,1.631432e+02,1.664757e+02,1.924644e+02,1.244122e+02,1.209117e+02
157.9000,2.695529e+02,1.625030e+02,1.658216e+02,1.917018e+02,1.239330e+02,1.204471e+02
157.9200,2.684809e+02,1.618731e+02,1.651780e+02,1.909516e+02,1.234615e+02,1.199898e+02
157.9400,2.674263e+02,1.612532e+02,1.645447e+02,1.902134e+02,1.229974e+02,1.195398e+02
157.9600,2.663889e+02,1.606432e+02,1.639215e+02,1.894870e+02,1.225408e+02,1.190970e+02
157.9800,2.653684e+02,1.600430e+02,1.633083e+02,1.887724e+02,1.220913e+02,1.186611e+02
158.0000,2.643645e+02,1.594524e+02,1.627049e+02,1.880693e+02,1.216490e+02,1.182322e+02
158.0200,2.633769e+02,1.588713e+02,1.621113e+02,1.873775e+02,1.212137e+02,1.178100e+02
158.0400,2.624054e+02,1.582995e+02,1.615271e+02,1.866968e+02,1.207854e+02,1.173946e+02
158.0600,2.614498e+02,1.577369e+02,1.609523e+02,1.860272e+02,1.203638e+02,1.169858e+02
158.0800,2.605099e+02,1.571834e+02,1.603868e+02,1.853684e+02,1.199489e+02,1.165834e+02
158.1000,2.595853e+02,1.566387e+02,1.598304e+02,1.847202e+02,1.195407e+02,1.161875e+02
158.1200,2.586758e+02,1.561028e+02,1.592830e+02,1.840825e+02,1.191390e+02,1.157979e+02
158.1400,2.577814e+02,1.555756e+02,1.587444e+02,1.834552e+02,1.187437e+02,1.154145e+02
158.1600,2.569016e+02,1.550569e+02,1.582145e+02,1.828382e+02,1.183547e+02,1.150372e+02
158.1800,2.560364e+02,1.545466e+02,1.576932e+02,1.822311e+02,1.179719e+02,1.146659e+02
158.2000,2.551855e+02,1.540445e+02,1.571803e+02,1.816340e+02,1.175953e+02,1.143006e+02
158.2200,2.543486e+02,1.535507e+02,1.566759e+02,1.810466e+02,1.172248e+02,1.139412e+02
158.2400,2.535258e+02,1.530649e+02,1.561796e+02,1.804689e+02,1.168602e+02,1.135876e+02
158.2600,2.527166e+02,1.525870e+02,1.556915e+02,1.799008e+02,1.165015e+02,1.132396e+02
158.2800,2.519210e+02,1.521170e+02,1.552114e+02,1.793419e+02,1.161486e+02,1.128974e+02
158.3000,2.511387e+02,1.516547e+02,1.547392e+02,1.787924e+02,1.158015e+02,1.125606e+02
158.3200,2.503697e+02,1.512000e+02,1.542747e+02,1.782520e+02,1.154600e+02,1.122293e+02
158.3400,2.496136e+02,1.507529e+02,1.538180e+02,1.777206e+02,1.151241e+02,1.119035e+02
158.3600,2.488704e+02,1.503131e+02,1.533689e+02,1.771980e+02,1.147937e+02,1.115830e+02
158.3800,2.481399e+02,1.498808e+02,1.529273e+02,1.766843e+02,1.144688e+02,1.112677e+02
158.4000,2.474218e+02,1.494556e+02,1.524931e+02,1.761793e+02,1.141492e+02,1.109577e+02
158.4200,2.467162e+02,1.490376e+02,1.520661e+02,1.756828e+02,1.138349e+02,1.106528e+02
158.4400,2.460228e+02,1.486267e+02,1.516465e+02,1.751947e+02,1.135259e+02,1.103530e+02
158.4600,2.453414e+02,1.482228e+02,1.512339e+02,1.747150e+02,1.132220e+02,1.100581e+02
158.4800,2.446719e+02,1.478257e+02,1.508284e+02,1.742436e+02,1.129232e+02,1.097683e+02
158.5000,2.440143e+02,1.474355e+02,1.504298e+02,1.737803e+02,1.126295e+02,1.094833e+02
158.5200,2.433682e+02,1.470520e+02,1.500382e+02,1.733251e+02,1.123408e+02,1.092031e+02
158.5400,2.427337e+02,1.466751e+02,1.496533e+02,1.728778e+02,1.120570e+02,1.089278e+02
158.5600,2.421105e+02,1.463048e+02,1.492752e+02,1.724385e+02,1.117781e+02,1.086571e+02
158.5800,2.414986e+02,1.459410e+02,1.489037e+02,1.720069e+02,1.115041e+02,1.083912e+02
158.6000,2.408978e+02,1.455837e+02,1.485387e+02,1.715830e+02,1.112347e+02,1.081298e+02
158.6200,2.403081e+02,1.452326e+02,1.481803e+02,1.711667e+02,1.109701e+02,1.078730e+02
158.6400,2.397291e+02,1.448879e+02,1.478283e+02,1.707579e+02,1.107102e+02,1.076207e+02
158.6600,2.391610e+02,1.445494e+02,1.474827e+02,1.703566e+02,1.104548e+02,1.073729e+02
158.6800,2.386035e+02,1.442171e+02,1.471433e+02,1.699627e+02,1.102041e+02,1.071295e+02
158.7000,2.380565e+02,1.438909e+02,1.468102e+02,1.695761e+02,1.099578e+02,1.068905e+02
158.7200,2.375200e+02,1.435706e+02,1.464832e+02,1.691967e+02,1.097160e+02,1.066558e+02
158.7400,2.369938e+02,1.432564e+02,1.461624e+02,1.688244e+02,1.094787e+02,1.064254e+02
158.7600,2.364779e+02,1.429480e+02,1.458476e+02,1.684592e+02,1.092457e+02,1.061993e+02
158.7800,2.359720e+02,1.426456e+02,1.455388e+02,1.681010e+02,1.090170e+02,1.059773e+02
158.8000,2.354762e+02,1.423489e+02,1.452359e+02,1.677498e+02,1.087927e+02,1.057595e+02
158.8200,2.349904e+02,1.420579e+02,1.449388e+02,1.674054e+02,1.085726e+02,1.055459e+02
158.8400,2.345144e+02,1.417726e+02,1.446476e+02,1.670679e+02,1.083567e+02,1.053363e+02
158.8600,2.340481e+02,1.414930e+02,1.443621e+02,1.667371e+02,1.081450e+02,1.051307e+02
158.8800,2.335915e+02,1.412190e+02,1.440824e+02,1.664130e+02,1.079374e+02,1.049292e+02
158.9000,2.331445e+02,1.409504e+02,1.438083e+02,1.660955e+02,1.077340e+02,1.047316e+02
158.9200,2.327070e+02,1.406874e+02,1.435398e+02,1.657846e+02,1.075346e+02,1.045380e+02
158.9400,2.322790e+02,1.404298e+02,1.432769e+02,1.654802e+02,1.073392e+02,1.043483e+02
158.9600,2.318602e+02,1.401777e+02,1.430195e+02,1.651823e+02,1.071478e+02,1.041624e+02
158.9800,2.314508e+02,1.399308e+02,1.427676e+02,1.648908e+02,1.069604e+02,1.039804e+02
159.0000,2.310505e+02,1.396893e+02,1.425211e+02,1.646057e+02,1.067769e+02,1.038022e+02
159.0200,2.306594e+02,1.394530e+02,1.422800e+02,1.643269e+02,1.065974e+02,1.036278e+02
159.0400,2.302773e+02,1.392220e+02,1.420442e+02,1.640543e+02,1.064217e+02,1.034571e+02
159.0600,2.299043e+02,1.389961e+02,1.418137e+02,1.637879e+02,1.062498e+02,1.032902e+02
159.0800,2.295401e+02,1.387754e+02,1.415885e+02,1.635278e+02,1.060817e+02,1.031269e+02
159.1000,2.291848e+02,1.385599e+02,1.413686e+02,1.632737e+02,1.059175e+02,1.029673e+02
159.1200,2.288384e+02,1.383493e+02,1.411538e+02,1.630257e+02,1.057570e+02,1.028114e+02
159.1400,2.285006e+02,1.381439e+02,1.409441e+02,1.627838e+02,1.056002e+02,1.026590e+02
159.1600,2.281716e+02,1.379434e+02,1.407396e+02,1.625479e+02,1.054471e+02,1.025103e+02
159.1800,2.278511e+02,1.377479e+02,1.405402e+02,1.623179e+02,1.052978e+02,1.023651e+02
159.2000,2.275393e+02,1.375574e+02,1.403458e+02,1.620939e+02,1.051521e+02,1.022235e+02
159.2200,2.272359e+02,1.373718e+02,1.401565e+02,1.618757e+02,1.050100e+02,1.020854e+02
159.2400,2.269411e+02,1.371910e+02,1.399722e+02,1.616634e+02,1.048715e+02,1.019508e+02
159.2600,2.266546e+02,1.370151e+02,1.397928e+02,1.614570e+02,1.047366e+02,1.018196e+02
159.2800,2.263766e+02,1.368440e+02,1.396183e+02,1.612563e+02,1.046053e+02,1.016920e+02
159.3000,2.261069e+02,1.366778e+02,1.394488e+02,1.610613e+02,1.044776e+02,1.015677e+02
159.3200,2.258454e+02,1.365163e+02,1.392841e+02,1.608721e+02,1.043534e+02,1.014469e+02
159.3400,2.255922e+02,1.363596e+02,1.391243e+02,1.606886e+02,1.042327e+02,1.013295e+02
159.3600,2.253472e+02,1.362075e+02,1.389693e+02,1.605108e+02,1.041155e+02,1.012155e+02
159.3800,2.251104e+02,1.360602e+02,1.388192e+02,1.603386e+02,1.040018e+02,1.011049e+02
159.4000,2.248817e+02,1.359176e+02,1.386738e+02,1.601720e+02,1.038915e+02,1.009976e+02
159.4200,2.246612e+02,1.357797e+02,1.385332e+02,1.600110e+02,1.037847e+02,1.008937e+02
159.4400,2.244486e+02,1.356463e+02,1.383974e+02,1.598555e+02,1.036813e+02,1.007931e+02
159.4600,2.242441e+02,1.355176e+02,1.382662e+02,1.597057e+02,1.035814e+02,1.006958e+02
159.4800,2.240476e+02,1.353935e+02,1.381398e+02,1.595613e+02,1.034848e+02,1.006018e+02
159.5000,2.238591e+02,1.352740e+02,1.380181e+02,1.594224e+02,1.033917e+02,1.005110e+02
159.5200,2.236785e+02,1.351591e+02,1.379010e+02,1.592890e+02,1.033019e+02,1.004236e+02
159.5400,2.235058e+02,1.350487e+02,1.377886e+02,1.591611e+02,1.032155e+02,1.003394e+02
159.5600,2.233410e+02,1.349428e+02,1.376808e+02,1.590386e+02,1.031325e+02,1.002585e+02
159.5800,2.231841e+02,1.348415e+02,1.375777e+02,1.589216e+02,1.030528e+02,1.001808e+02
159.6000,2.230350e+02,1.347447e+02,1.374792e+02,1.588099e+02,1.029764e+02,1.001063e+02
159.6200,2.228938e+02,1.346524e+02,1.373853e+02,1.587037e+02,1.029033e+02,1.000351e+02
159.6400,2.227603e+02,1.345646e+02,1.372959e+02,1.586028e+02,1.028336e+02,9.996703e+01
159.6600,2.226347e+02,1.344812e+02,1.372112e+02,1.585073e+02,1.027672e+02,9.990220e+01
159.6800,2.225168e+02,1.344023e+02,1.371310e+02,1.584172e+02,1.027041e+02,9.984058e+01
159.7000,2.224066e+02,1.343279e+02,1.370553e+02,1.583324e+02,1.026443e+02,9.978214e+01
159.7200,2.223042e+02,1.342579e+02,1.369843e+02,1.582529e+02,1.025877e+02,9.972688e+01
159.7400,2.222096e+02,1.341924e+02,1.369177e+02,1.581788e+02,1.025345e+02,9.967481e+01
159.7600,2.221226e+02,1.341313e+02,1.368557e+02,1.581100e+02,1.024845e+02,9.962591e+01
159.7800,2.220434e+02,1.340746e+02,1.367982e+02,1.580465e+02,1.024378e+02,9.958017e+01
159.8000,2.219718e+02,1.340224e+02,1.367453e+02,1.579884e+02,1.023944e+02,9.953760e+01
159.8200,2.219080e+02,1.339745e+02,1.366968e+02,1.579355e+02,1.023542e+02,9.949820e+01
159.8400,2.218518e+02,1.339311e+02,1.366529e+02,1.578879e+02,1.023173e+02,9.946195e+01
159.8600,2.218034e+02,1.338921e+02,1.366135e+02,1.578456e+02,1.022837e+02,9.942885e+01
159.8800,2.217626e+02,1.338575e+02,1.365786e+02,1.578086e+02,1.022533e+02,9.939891e+01
159.9000,2.217295e+02,1.338273e+02,1.365482e+02,1.577770e+02,1.022261e+02,9.937212e+01
159.9200,2.217040e+02,1.338016e+02,1.365223e+02,1.577505e+02,1.022023e+02,9.934849e+01
159.9400,2.216863e+02,1.337802e+02,1.365010e+02,1.577294e+02,1.021816e+02,9.932800e+01
159.9600,2.216762e+02,1.337632e+02,1.364841e+02,1.577136e+02,1.021643e+02,9.931067e+01
159.9800,2.216738e+02,1.337507e+02,1.364717e+02,1.577031e+02,1.021502e+02,9.929649e+01
160.0000,2.216791e+02,1.337425e+02,1.364639e+02,1.576979e+02,1.021393e+02,9.928547e+01
160.0200,2.216922e+02,1.337388e+02,1.364606e+02,1.576979e+02,1.021317e+02,9.927760e+01
160.0400,2.217129e+02,1.337395e+02,1.364618e+02,1.577033e+02,1.021274e+02,9.927289e+01
160.0600,2.217413e+02,1.337446e+02,1.364675e+02,1.577140e+02,1.021263e+02,9.927134e+01
160.0800,2.217775e+02,1.337541e+02,1.364777e+02,1.577300e+02,1.021285e+02,9.927295e+01
160.1000,2.218213e+02,1.337681e+02,1.364925e+02,1.577513e+02,1.021340e+02,9.927774e+01
160.1200,2.218730e+02,1.337865e+02,1.365118e+02,1.577780e+02,1.021427e+02,9.928569e+01
160.1400,2.219324e+02,1.338094e+02,1.365357e+02,1.578100e+02,1.021548e+02,9.929683e+01
160.1600,2.219996e+02,1.338367e+02,1.365641e+02,1.578474e+02,1.021701e+02,9.931115e+01
160.1800,2.220746e+02,1.338685e+02,1.365971e+02,1.578901e+02,1.021887e+02,9.932866e+01
160.2000,2.221574e+02,1.339048e+02,1.366347e+02,1.579382e+02,1.022106e+02,9.934937e+01
160.2200,2.222480e+02,1.339455e+02,1.366768e+02,1.579917e+02,1.022359e+02,9.937328e+01
160.2400,2.223465e+02,1.339908e+02,1.367236e+02,1.580506e+02,1.022644e+02,9.940041e+01
160.2600,2.224529e+02,1.340405e+02,1.367750e+02,1.581149e+02,1.022963e+02,9.943076e+01
160.2800,2.225671e+02,1.340948e+02,1.368310e+02,1.581847e+02,1.023315e+02,9.946433e+01
160.3000,2.226893e+02,1.341536e+02,1.368916e+02,1.582599e+02,1.023700e+02,9.950115e+01
160.3200,2.228195e+02,1.342170e+02,1.369569e+02,1.583405e+02,1.024120e+02,9.954121e+01
160.3400,2.229576e+02,1.342850e+02,1.370269e+02,1.584267e+02,1.024572e+02,9.958454e+01
160.3600,2.231037e+02,1.343575e+02,1.371015e+02,1.585184e+02,1.025059e+02,9.963113e+01
160.3800,2.232579e+02,1.344346e+02,1.371809e+02,1.586155e+02,1.025579e+02,9.968101e+01
160.4000,2.234201e+02,1.345163e+02,1.372650e+02,1.587183e+02,1.026134e+02,9.973419e+01
160.4200,2.235905e+02,1.346027e+02,1.373538e+02,1.588266e+02,1.026723e+02,9.979067e+01
160.4400,2.237690e+02,1.346937e+02,1.374474e+02,1.589405e+02,1.027346e+02,9.985047e+01
160.4600,2.239557e+02,1.347894e+02,1.375457e+02,1.590600e+02,1.028003e+02,9.991361e+01
160.4800,2.241505e+02,1.348898e+02,1.376489e+02,1.591852e+02,1.028695e+02,9.998010e+01
160.5000,2.243537e+02,1.349950e+02,1.377569e+02,1.593160e+02,1.029422e+02,1.000500e+02
160.5200,2.245651e+02,1.351048e+02,1.378697e+02,1.594526e+02,1.030184e+02,1.001232e+02
160.5400,2.247848e+02,1.352194e+02,1.379875e+02,1.595948e+02,1.030981e+02,1.001998e+02
160.5600,2.250130e+02,1.353388e+02,1.381101e+02,1.597428e+02,1.031813e+02,1.002799e+02
160.5800,2.252495e+02,1.354630e+02,1.382376e+02,1.598966e+02,1.032680e+02,1.003633e+02
160.6000,2.254946e+02,1.355921e+02,1.383701e+02,1.600563e+02,1.033583e+02,1.004503e+02
160.6200,2.257481e+02,1.357260e+02,1.385075e+02,1.602217e+02,1.034522e+02,1.005407e+02
160.6400,2.260102e+02,1.358648e+02,1.386500e+02,1.603931e+02,1.035498e+02,1.006346e+02
160.6600,2.262810e+02,1.360086e+02,1.387975e+02,1.605703e+02,1.036509e+02,1.007320e+02
160.6800,2.265604e+02,1.361573e+02,1.389500e+02,1.607536e+02,1.037557e+02,1.008329e+02
160.7000,2.268485e+02,1.363109e+02,1.391077e+02,1.609428e+02,1.038641e+02,1.009374e+02
160.7200,2.271454e+02,1.364696e+02,1.392705e+02,1.611380e+02,1.039763e+02,1.010454e+02
160.7400,2.274512e+02,1.366333e+02,1.394384e+02,1.613393e+02,1.040921e+02,1.011570e+02
160.7600,2.277658e+02,1.368021e+02,1.396116e+02,1.615467e+02,1.042117e+02,1.012723e+02
160.7800,2.280894e+02,1.369760e+02,1.397899e+02,1.617603e+02,1.043351e+02,1.013912e+02
160.8000,2.284220e+02,1.371551e+02,1.399735e+02,1.619800e+02,1.044622e+02,1.015138e+02
160.8200,2.287638e+02,1.373393e+02,1.401625e+02,1.622060e+02,1.045932e+02,1.016401e+02
160.8400,2.291146e+02,1.375288e+02,1.403568e+02,1.624383e+02,1.047280e+02,1.017700e+02
160.8600,2.294747e+02,1.377235e+02,1.405564e+02,1.626768e+02,1.048666e+02,1.019038e+02
160.8800,2.298441e+02,1.379235e+02,1.407615e+02,1.629218e+02,1.050092e+02,1.020413e+02
160.9000,2.302228e+02,1.381289e+02,1.409720e+02,1.631732e+02,1.051557e+02,1.021826e+02
160.9200,2.306110e+02,1.383396e+02,1.411880e+02,1.634310e+02,1.053061e+02,1.023277e+02
160.9400,2.310086e+02,1.385558e+02,1.414096e+02,1.636954e+02,1.054606e+02,1.024767e+02
160.9600,2.314159e+02,1.387774e+02,1.416368e+02,1.639663e+02,1.056191e+02,1.026296e+02
160.9800,2.318328e+02,1.390045e+02,1.418696e+02,1.642439e+02,1.057816e+02,1.027864e+02
161.0000,2.322595e+02,1.392372e+02,1.421080e+02,1.645282e+02,1.059482e+02,1.029472e+02
161.0200,2.326960e+02,1.394755e+02,1.423523e+02,1.648192e+02,1.061189e+02,1.031120e+02
161.0400,2.331424e+02,1.397194e+02,1.426022e+02,1.651169e+02,1.062938e+02,1.032807e+02
161.0600,2.335988e+02,1.399690e+02,1.428581e+02,1.654216e+02,1.064728e+02,1.034536e+02
161.0800,2.340653e+02,1.402244e+02,1.431197e+02,1.657332e+02,1.066561e+02,1.036305e+02
161.1000,2.345420e+02,1.404856e+02,1.433874e+02,1.660517e+02,1.068437e+02,1.038115e+02
161.1200,2.350289e+02,1.407526e+02,1.436610e+02,1.663773e+02,1.070356e+02,1.039968e+02
161.1400,2.355262e+02,1.410255e+02,1.439406e+02,1.667100e+02,1.072318e+02,1.041862e+02
161.1600,2.360340e+02,1.413044e+02,1.442264e+02,1.670498e+02,1.074324e+02,1.043798e+02
161.1800,2.365523e+02,1.415893e+02,1.445183e+02,1.673969e+02,1.076374e+02,1.045778e+02
161.2000,2.370813e+02,1.418803e+02,1.448164e+02,1.677513e+02,1.078468e+02,1.047801e+02
161.2200,2.376211e+02,1.421774e+02,1.451208e+02,1.681131e+02,1.080608e+02,1.049867e+02
161.2400,2.381718e+02,1.424807e+02,1.454315e+02,1.684823e+02,1.082794e+02,1.051977e+02
161.2600,2.387334e+02,1.427902e+02,1.457486e+02,1.688591e+02,1.085025e+02,1.054132e+02
161.2800,2.393062e+02,1.431061e+02,1.460722e+02,1.692435e+02,1.087303e+02,1.056332e+02
161.3000,2.398902e+02,1.434284e+02,1.464023e+02,1.696355e+02,1.089628e+02,1.058577e+02
161.3200,2.404855e+02,1.437571e+02,1.467390e+02,1.700354e+02,1.092000e+02,1.060868e+02
161.3400,2.410922e+02,1.440923e+02,1.470824e+02,1.704430e+02,1.094420e+02,1.063206e+02
161.3600,2.417105e+02,1.444341e+02,1.474325e+02,1.708586e+02,1.096888e+02,1.065590e+02
161.3800,2.423405e+02,1.447825e+02,1.477894e+02,1.712822e+02,1.099405e+02,1.068021e+02
161.4000,2.429824e+02,1.451377e+02,1.481532e+02,1.717139e+02,1.101972e+02,1.070501e+02
161.4200,2.436362e+02,1.454997e+02,1.485240e+02,1.721538e+02,1.104589e+02,1.073028e+02
161.4400,2.443020e+02,1.458685e+02,1.489018e+02,1.726019e+02,1.107256e+02,1.075605e+02
161.4600,2.449801e+02,1.462443e+02,1.492867e+02,1.730585e+02,1.109974e+02,1.078231e+02
161.4800,2.456706e+02,1.466271e+02,1.496788e+02,1.735234e+02,1.112744e+02,1.080907e+02
161.5000,2.463736e+02,1.470171e+02,1.500781e+02,1.739970e+02,1.115566e+02,1.083634e+02
161.5200,2.470892e+02,1.474142e+02,1.504848e+02,1.744792e+02,1.118441e+02,1.086412e+02
161.5400,2.478176e+02,1.478186e+02,1.508990e+02,1.749702e+02,1.121370e+02,1.089241e+02
161.5600,2.485589e+02,1.482304e+02,1.513207e+02,1.754700e+02,1.124352e+02,1.092123e+02
161.5800,2.493134e+02,1.486496e+02,1.517500e+02,1.759788e+02,1.127389e+02,1.095058e+02
161.6000,2.500811e+02,1.490763e+02,1.521870e+02,1.764967e+02,1.130482e+02,1.098046e+02
161.6200,2.508623e+02,1.495107e+02,1.526318e+02,1.770237e+02,1.133631e+02,1.101089e+02
161.6400,2.516570e+02,1.499528e+02,1.530846e+02,1.775601e+02,1.136836e+02,1.104186e+02
161.6600,2.524655e+02,1.504027e+02,1.535453e+02,1.781059e+02,1.140099e+02,1.107339e+02
161.6800,2.532879e+02,1.508606e+02,1.540141e+02,1.786612e+02,1.143420e+02,1.110548e+02
161.7000,2.541244e+02,1.513264e+02,1.544911e+02,1.792261e+02,1.146799e+02,1.113815e+02
161.7200,2.549752e+02,1.518003e+02,1.549764e+02,1.798009e+02,1.150239e+02,1.117138e+02
161.7400,2.558404e+02,1.522825e+02,1.554701e+02,1.803855e+02,1.153738e+02,1.120521e+02
161.7600,2.567203e+02,1.527730e+02,1.559724e+02,1.809802e+02,1.157299e+02,1.123962e+02
161.7800,2.576151e+02,1.532719e+02,1.564832e+02,1.815850e+02,1.160922e+02,1.127463e+02
161.8000,2.585249e+02,1.537794e+02,1.570028e+02,1.822001e+02,1.164607e+02,1.131025e+02
161.8200,2.594499e+02,1.542955e+02,1.575313e+02,1.828256e+02,1.168356e+02,1.134649e+02
161.8400,2.603904e+02,1.548204e+02,1.580687e+02,1.834617e+02,1.172170e+02,1.138335e+02
161.8600,2.613465e+02,1.553542e+02,1.586153e+02,1.841085e+02,1.176048e+02,1.142084e+02
161.8800,2.623184e+02,1.558970e+02,1.591710e+02,1.847661e+02,1.179993e+02,1.145897e+02
161.9000,2.633065e+02,1.564489e+02,1.597361e+02,1.854347e+02,1.184005e+02,1.149775e+02
161.9200,2.643109e+02,1.570101e+02,1.603106e+02,1.861145e+02,1.188084e+02,1.153718e+02
161.9400,2.653317e+02,1.575806e+02,1.608948e+02,1.868056e+02,1.192233e+02,1.157729e+02
161.9600,2.663694e+02,1.581607e+02,1.614886e+02,1.875082e+02,1.196451e+02,1.161806e+02
161.9800,2.674240e+02,1.587504e+02,1.620924e+02,1.882224e+02,1.200741e+02,1.165953e+02
162.0000,2.684959e+02,1.593499e+02,1.627062e+02,1.889483e+02,1.205102e+02,1.170169e+02
162.0200,2.695853e+02,1.599593e+02,1.633301e+02,1.896863e+02,1.209536e+02,1.174455e+02
162.0400,2.706924e+02,1.605788e+02,1.639643e+02,1.904363e+02,1.214044e+02,1.178813e+02
162.0600,2.718175e+02,1.612085e+02,1.646090e+02,1.911987e+02,1.218627e+02,1.183244e+02
162.0800,2.729608e+02,1.618486e+02,1.652643e+02,1.919735e+02,1.223286e+02,1.187748e+02
162.1000,2.741227e+02,1.624992e+02,1.659303e+02,1.927610e+02,1.228022e+02,1.192327e+02
162.1200,2.753034e+02,1.631604e+02,1.666073e+02,1.935614e+02,1.232836e+02,1.196981e+02
162.1400,2.765032e+02,1.638325e+02,1.672953e+02,1.943749e+02,1.237730e+02,1.201713e+02
162.1600,2.777223e+02,1.645156e+02,1.679946e+02,1.952015e+02,1.242705e+02,1.206522e+02
162.1800,2.789611e+02,1.652099e+02,1.687053e+02,1.960417e+02,1.247761e+02,1.211411e+02
162.2000,2.802199e+02,1.659154e+02,1.694276e+02,1.968954e+02,1.252901e+02,1.216380e+02
162.2200,2.814990e+02,1.666325e+02,1.701616e+02,1.977631e+02,1.258125e+02,1.221431e+02
162.2400,2.827986e+02,1.673613e+02,1.709076e+02,1.986448e+02,1.263435e+02,1.226565e+02
162.2600,2.841192e+02,1.681019e+02,1.716658e+02,1.995408e+02,1.268832e+02,1.231783e+02
162.2800,2.854610e+02,1.688546e+02,1.724363e+02,2.004513e+02,1.274317e+02,1.237087e+02
162.3000,2.868243e+02,1.696195e+02,1.732193e+02,2.013766e+02,1.279892e+02,1.242478e+02
162.3200,2.882096e+02,1.703968e+02,1.740150e+02,2.023168e+02,1.285558e+02,1.247957e+02
162.3400,2.896172e+02,1.711868e+02,1.748236e+02,2.032723e+02,1.291317e+02,1.253525e+02
162.3600,2.910473e+02,1.719896e+02,1.756454e+02,2.042432e+02,1.297171e+02,1.259185e+02
162.3800,2.925005e+02,1.728054e+02,1.764805e+02,2.052299e+02,1.303119e+02,1.264937e+02
162.4000,2.939771e+02,1.736345e+02,1.773292e+02,2.062325e+02,1.309165e+02,1.270784e+02
162.4200,2.954774e+02,1.744771e+02,1.781917e+02,2.072514e+02,1.315310e+02,1.276726e+02
162.4400,2.970018e+02,1.753334e+02,1.790682e+02,2.082868e+02,1.321556e+02,1.282765e+02
162.4600,2.985508e+02,1.762036e+02,1.799589e+02,2.093389e+02,1.327903e+02,1.288903e+02
162.4800,3.001247e+02,1.770879e+02,1.808641e+02,2.104081e+02,1.334355e+02,1.295142e+02
162.5000,3.017241e+02,1.779866e+02,1.817840e+02,2.114947e+02,1.340912e+02,1.301482e+02
162.5200,3.033492e+02,1.789000e+02,1.827189e+02,2.125989e+02,1.347576e+02,1.307927e+02
162.5400,3.050006e+02,1.798283e+02,1.836691e+02,2.137210e+02,1.354350e+02,1.314477e+02
162.5600,3.066787e+02,1.807717e+02,1.846347e+02,2.148614e+02,1.361234e+02,1.321135e+02
162.5800,3.083839e+02,1.817304e+02,1.856161e+02,2.160203e+02,1.368232e+02,1.327902e+02
162.6000,3.101168e+02,1.827049e+02,1.866135e+02,2.171982e+02,1.375345e+02,1.334781e+02
162.6200,3.118779e+02,1.836953e+02,1.876272e+02,2.183952e+02,1.382574e+02,1.341772e+02
162.6400,3.136675e+02,1.847020e+02,1.886576e+02,2.196118e+02,1.389923e+02,1.348879e+02
162.6600,3.154862e+02,1.857251e+02,1.897048e+02,2.208483e+02,1.397392e+02,1.356103e+02
162.6800,3.173346e+02,1.867651e+02,1.907692e+02,2.221051e+02,1.404985e+02,1.363446e+02
162.7000,3.192132e+02,1.878221e+02,1.918511e+02,2.233824e+02,1.412704e+02,1.370910e+02
162.7200,3.211225e+02,1.888966e+02,1.929509e+02,2.246808e+02,1.420550e+02,1.378498e+02
162.7400,3.230630e+02,1.899888e+02,1.940688e+02,2.260005e+02,1.428526e+02,1.386212e+02
162.7600,3.250355e+02,1.910990e+02,1.952051e+02,2.273420e+02,1.436634e+02,1.394054e+02
162.7800,3.270403e+02,1.922276e+02,1.963603e+02,2.287057e+02,1.444878e+02,1.402027e+02
162.8000,3.290782e+02,1.933750e+02,1.975346e+02,2.300919e+02,1.453259e+02,1.410132e+02
162.8200,3.311497e+02,1.945414e+02,1.987284e+02,2.315011e+02,1.461779e+02,1.418373e+02
162.8400,3.332555e+02,1.957273e+02,1.999421e+02,2.329337e+02,1.470442e+02,1.426752e+02
162.8600,3.353962e+02,1.969329e+02,2.011761e+02,2.343902e+02,1.479250e+02,1.435271e+02
162.8800,3.375725e+02,1.981587e+02,2.024307e+02,2.358710e+02,1.488207e+02,1.443933e+02
162.9000,3.397850e+02,1.994051e+02,2.037063e+02,2.373765e+02,1.497314e+02,1.452741e+02
162.9200,3.420345e+02,2.006724e+02,2.050034e+02,2.389073e+02,1.506574e+02,1.461697e+02
162.9400,3.443217e+02,2.019611e+02,2.063222e+02,2.404639e+02,1.515991e+02,1.470806e+02
162.9600,3.466473e+02,2.032715e+02,2.076634e+02,2.420466e+02,1.525568e+02,1.480068e+02
162.9800,3.490120e+02,2.046041e+02,2.090273e+02,2.436562e+02,1.535307e+02,1.489488e+02
163.0000,3.514166e+02,2.059593e+02,2.104143e+02,2.452929e+02,1.545212e+02,1.499069e+02
163.0200,3.538620e+02,2.073376e+02,2.118249e+02,2.469575e+02,1.555287e+02,1.508813e+02
163.0400,3.563488e+02,2.087394e+02,2.132596e+02,2.486505e+02,1.565534e+02,1.518724e+02
163.0600,3.588780e+02,2.101652e+02,2.147188e+02,2.503724e+02,1.575957e+02,1.528805e+02
163.0800,3.614504e+02,2.116155e+02,2.162031e+02,2.521237e+02,1.586559e+02,1.539060e+02
163.1000,3.640669e+02,2.130907e+02,2.177129e+02,2.539052e+02,1.597344e+02,1.549493e+02
163.1200,3.667283e+02,2.145915e+02,2.192488e+02,2.557174e+02,1.608317e+02,1.560106e+02
163.1400,3.694356e+02,2.161182e+02,2.208113e+02,2.575610e+02,1.619480e+02,1.570903e+02
163.1600,3.721898e+02,2.176715e+02,2.224010e+02,2.594365e+02,1.630838e+02,1.581889e+02
163.1800,3.749917e+02,2.192518e+02,2.240183e+02,2.613447e+02,1.642394e+02,1.593067e+02
163.2000,3.778425e+02,2.208598e+02,2.256640e+02,2.632862e+02,1.654153e+02,1.604441e+02
163.2200,3.807431e+02,2.224961e+02,2.273386e+02,2.652618e+02,1.666119e+02,1.616016e+02
163.2400,3.836945e+02,2.241612e+02,2.290426e+02,2.672721e+02,1.678296e+02,1.627795e+02
163.2600,3.866980e+02,2.258557e+02,2.307768e+02,2.693179e+02,1.690690e+02,1.639783e+02
163.2800,3.897545e+02,2.275802e+02,2.325417e+02,2.713999e+02,1.703303e+02,1.651984e+02
163.3000,3.928652e+02,2.293355e+02,2.343381e+02,2.735190e+02,1.716142e+02,1.664403e+02
163.3200,3.960312e+02,2.311222e+02,2.361665e+02,2.756759e+02,1.729211e+02,1.677045e+02
163.3400,3.992539e+02,2.329409e+02,2.380278e+02,2.778715e+02,1.742515e+02,1.689914e+02
163.3600,4.025344e+02,2.347924e+02,2.399226e+02,2.801065e+02,1.756060e+02,1.703015e+02
163.3800,4.058740e+02,2.366773e+02,2.418516e+02,2.823819e+02,1.769850e+02,1.716354e+02
163.4000,4.092740e+02,2.385965e+02,2.438157e+02,2.846986e+02,1.783890e+02,1.729936e+02
163.4200,4.127358e+02,2.405507e+02,2.458156e+02,2.870574e+02,1.798188e+02,1.743766e+02
163.4400,4.162607e+02,2.425406e+02,2.478521e+02,2.894594e+02,1.812747e+02,1.757850e+02
163.4600,4.198502e+02,2.445672e+02,2.499260e+02,2.919055e+02,1.827575e+02,1.772194e+02
163.4800,4.235057e+02,2.466311e+02,2.520381e+02,2.943967e+02,1.842677e+02,1.786803e+02
163.5000,4.272288e+02,2.487333e+02,2.541895e+02,2.969340e+02,1.858060e+02,1.801683e+02
163.5200,4.310210e+02,2.508747e+02,2.563809e+02,2.995185e+02,1.873730e+02,1.816841e+02
163.5400,4.348839e+02,2.530561e+02,2.586132e+02,3.021513e+02,1.889693e+02,1.832283e+02
163.5600,4.388191e+02,2.552785e+02,2.608876e+02,3.048335e+02,1.905957e+02,1.848016e+02
163.5800,4.428284e+02,2.575428e+02,2.632048e+02,3.075663e+02,1.922529e+02,1.864047e+02
163.6000,4.469135e+02,2.598501e+02,2.655660e+02,3.103509e+02,1.939415e+02,1.880382e+02
163.6200,4.510762e+02,2.622013e+02,2.679721e+02,3.131885e+02,1.956623e+02,1.897029e+02
163.6400,4.553184e+02,2.645975e+02,2.704243e+02,3.160803e+02,1.974162e+02,1.913995e+02
163.6600,4.596419e+02,2.670399e+02,2.729237e+02,3.190277e+02,1.992038e+02,1.931288e+02
163.6800,4.640488e+02,2.695294e+02,2.754713e+02,3.220320e+02,2.010261e+02,1.948916e+02
163.7000,4.685410e+02,2.720673e+02,2.780685e+02,3.250946e+02,2.028838e+02,1.966887e+02
163.7200,4.731207e+02,2.746547e+02,2.807163e+02,3.282169e+02,2.047779e+02,1.985210e+02
163.7400,4.777901e+02,2.772930e+02,2.834161e+02,3.314005e+02,2.067091e+02,2.003893e+02
163.7600,4.825513e+02,2.799832e+02,2.861692e+02,3.346468e+02,2.086785e+02,2.022944e+02
163.7800,4.874066e+02,2.827268e+02,2.889768e+02,3.379574e+02,2.106870e+02,2.042374e+02
163.8000,4.923585e+02,2.855250e+02,2.918403e+02,3.413339e+02,2.127356e+02,2.062192e+02
163.8200,4.974094e+02,2.883793e+02,2.947612e+02,3.447780e+02,2.148253e+02,2.082408e+02
163.8400,5.025618e+02,2.912911e+02,2.977410e+02,3.482914e+02,2.169572e+02,2.103032e+02
163.8600,5.078183e+02,2.942619e+02,3.007811e+02,3.518759e+02,2.191323e+02,2.124073e+02
163.8800,5.131817e+02,2.972932e+02,3.038831e+02,3.555334e+02,2.213517e+02,2.145544e+02
163.9000,5.186546e+02,3.003866e+02,3.070486e+02,3.592657e+02,2.236167e+02,2.167456e+02
163.9200,5.242400e+02,3.035436e+02,3.102793e+02,3.630749e+02,2.259283e+02,2.189819e+02
163.9400,5.299409e+02,3.067661e+02,3.135769e+02,3.669628e+02,2.282879e+02,2.212646e+02
163.9600,5.357603e+02,3.100556e+02,3.169432e+02,3.709317e+02,2.306967e+02,2.235949e+02
163.9800,5.417014e+02,3.134141e+02,3.203800e+02,3.749837e+02,2.331560e+02,2.259741e+02
164.0000,5.477674e+02,3.168434e+02,3.238893e+02,3.791211e+02,2.356673e+02,2.284035e+02
164.0200,5.539619e+02,3.203454e+02,3.274729e+02,3.833461e+02,2.382318e+02,2.308845e+02
164.0400,5.602882e+02,3.239221e+02,3.311330e+02,3.876612e+02,2.408511e+02,2.334185e+02
164.0600,5.667501e+02,3.275756e+02,3.348716e+02,3.920688e+02,2.435267e+02,2.360069e+02
164.0800,5.733513e+02,3.313079e+02,3.386910e+02,3.965716e+02,2.462601e+02,2.386513e+02
164.1000,5.800956e+02,3.351213e+02,3.425933e+02,4.011721e+02,2.490529e+02,2.413532e+02
164.1200,5.869872e+02,3.390181e+02,3.465809e+02,4.058732e+02,2.519069e+02,2.441143e+02
164.1400,5.940302e+02,3.430007e+02,3.506563e+02,4.106776e+02,2.548238e+02,2.469361e+02
164.1600,6.012289e+02,3.470714e+02,3.548219e+02,4.155884e+02,2.578052e+02,2.498206e+02
164.1800,6.085878e+02,3.512329e+02,3.590804e+02,4.206086e+02,2.608533e+02,2.527693e+02
164.2000,6.161116e+02,3.554878e+02,3.634344e+02,4.257413e+02,2.639697e+02,2.557843e+02
164.2200,6.238050e+02,3.598387e+02,3.678867e+02,4.309899e+02,2.671566e+02,2.588675e+02
164.2400,6.316731e+02,3.642886e+02,3.724402e+02,4.363578e+02,2.704160e+02,2.620208e+02
164.2600,6.397211e+02,3.688403e+02,3.770980e+02,4.418485e+02,2.737501e+02,2.652464e+02
164.2800,6.479543e+02,3.734969e+02,3.818631e+02,4.474657e+02,2.771611e+02,2.685464e+02
164.3000,6.563783e+02,3.782616e+02,3.867388e+02,4.532131e+02,2.806513e+02,2.719230e+02
164.3200,6.649990e+02,3.831376e+02,3.917284e+02,4.590948e+02,2.842232e+02,2.753786e+02
164.3400,6.738222e+02,3.881283e+02,3.968354e+02,4.651149e+02,2.878791e+02,2.789156e+02
164.3600,6.828544e+02,3.932374e+02,4.020634e+02,4.712776e+02,2.916218e+02,2.825365e+02
164.3800,6.921019e+02,3.984684e+02,4.074163e+02,4.775874e+02,2.954539e+02,2.862439e+02
164.4000,7.015715e+02,4.038252e+02,4.128978e+02,4.840488e+02,2.993781e+02,2.900405e+02
164.4200,7.112702e+02,4.093118e+02,4.185122e+02,4.906667e+02,3.033976e+02,2.939291e+02
164.4400,7.212054e+02,4.149322e+02,4.242635e+02,4.974460e+02,3.075151e+02,2.979127e+02
164.4600,7.313845e+02,4.206908e+02,4.301562e+02,5.043919e+02,3.117340e+02,3.019944e+02
164.4800,7.418156e+02,4.265921e+02,4.361949e+02,5.115099e+02,3.160574e+02,3.061772e+02
164.5000,7.525069e+02,4.326407e+02,4.423844e+02,5.188054e+02,3.204889e+02,3.104645e+02
164.5200,7.634668e+02,4.388415e+02,4.487295e+02,5.262844e+02,3.250318e+02,3.148597e+02
164.5400,7.747043e+02,4.451995e+02,4.552355e+02,5.339530e+02,3.296901e+02,3.193664e+02
164.5600,7.862287e+02,4.517199e+02,4.619077e+02,5.418175e+02,3.344674e+02,3.239884e+02
164.5800,7.980497e+02,4.584083e+02,4.687518e+02,5.498845e+02,3.393678e+02,3.287294e+02
164.6000,8.101774e+02,4.652703e+02,4.757736e+02,5.581609e+02,3.443956e+02,3.335937e+02
164.6200,8.226223e+02,4.723120e+02,4.829792e+02,5.666539e+02,3.495550e+02,3.385854e+02
164.6400,8.353954e+02,4.795396e+02,4.903750e+02,5.753709e+02,3.548507e+02,3.437089e+02
164.6600,8.485081e+02,4.869594e+02,4.979676e+02,5.843199e+02,3.602874e+02,3.489688e+02
164.6800,8.619725e+02,4.945784e+02,5.057639e+02,5.935090e+02,3.658700e+02,3.543699e+02
164.7000,8.758010e+02,5.024036e+02,5.137712e+02,6.029467e+02,3.716038e+02,3.599173e+02
164.7200,8.900067e+02,5.104425e+02,5.219971e+02,6.126420e+02,3.774942e+02,3.656162e+02
164.7400,9.046033e+02,5.187026e+02,5.304495e+02,6.226042e+02,3.835469e+02,3.714721e+02
164.7600,9.196050e+02,5.271922e+02,5.391367e+02,6.328430e+02,3.897677e+02,3.774907e+02
164.7800,9.350269e+02,5.359197e+02,5.480673e+02,6.433687e+02,3.961630e+02,3.836780e+02
164.8000,9.508845e+02,5.448939e+02,5.572503e+02,6.541919e+02,4.027391e+02,3.900404e+02
164.8200,9.671942e+02,5.541242e+02,5.666954e+02,6.653238e+02,4.095029e+02,3.965844e+02
164.8400,9.839732e+02,5.636202e+02,5.764124e+02,6.767761e+02,4.164615e+02,4.033168e+02
164.8600,1.001240e+03,5.733921e+02,5.864117e+02,6.885611e+02,4.236224e+02,4.102449e+02
164.8800,1.019012e+03,5.834507e+02,5.967042e+02,7.006917e+02,4.309934e+02,4.173764e+02
164.9000,1.037310e+03,5.938070e+02,6.073015e+02,7.131814e+02,4.385827e+02,4.247190e+02
164.9200,1.056155e+03,6.044729e+02,6.182156e+02,7.260444e+02,4.463988e+02,4.322812e+02
164.9400,1.075568e+03,6.154607e+02,6.294590e+02,7.392954e+02,4.544510e+02,4.400716e+02
164.9600,1.095573e+03,6.267833e+02,6.410450e+02,7.529502e+02,4.627486e+02,4.480996e+02
164.9800,1.116193e+03,6.384543e+02,6.529876e+02,7.670251e+02,4.713017e+02,4.563747e+02
165.0000,1.137454e+03,6.504881e+02,6.653013e+02,7.815375e+02,4.801206e+02,4.649071e+02
165.0200,1.159382e+03,6.628998e+02,6.780017e+02,7.965054e+02,4.892166e+02,4.737075e+02
165.0400,1.182005e+03,6.757051e+02,6.911049e+02,8.119480e+02,4.986011e+02,4.827871e+02
165.0600,1.205353e+03,6.889208e+02,7.046280e+02,8.278854e+02,5.082864e+02,4.921577e+02
165.0800,1.229456e+03,7.025644e+02,7.185890e+02,8.443389e+02,5.182855e+02,5.018319e+02
165.1000,1.254348e+03,7.166545e+02,7.330069e+02,8.613307e+02,5.286118e+02,5.118227e+02
165.1200,1.280063e+03,7.312107e+02,7.479016e+02,8.788844e+02,5.392798e+02,5.221441e+02
165.1400,1.306637e+03,7.462535e+02,7.632943e+02,8.970249e+02,5.503045e+02,5.328106e+02
165.1600,1.334110e+03,7.618048e+02,7.792072e+02,9.157785e+02,5.617019e+02,5.438378e+02
165.1800,1.362521e+03,7.778875e+02,7.956640e+02,9.351730e+02,5.734890e+02,5.552419e+02
165.2000,1.391913e+03,7.945261e+02,8.126896e+02,9.552376e+02,5.856835e+02,5.670402e+02
165.2200,1.422332e+03,8.117462e+02,8.303102e+02,9.760035e+02,5.983043e+02,5.792510e+02
165.2400,1.453827e+03,8.295752e+02,8.485538e+02,9.975036e+02,6.113714e+02,5.918936e+02
165.2600,1.486448e+03,8.480418e+02,8.674500e+02,1.019773e+03,6.249059e+02,6.049885e+02
165.2800,1.520249e+03,8.671768e+02,8.870300e+02,1.042847e+03,6.389304e+02,6.185574e+02
165.3000,1.555288e+03,8.870126e+02,9.073270e+02,1.066767e+03,6.534686e+02,6.326234e+02
165.3200,1.591625e+03,9.075836e+02,9.283764e+02,1.091573e+03,6.685458e+02,6.472108e+02
165.3400,1.629325e+03,9.289265e+02,9.502157e+02,1.117311e+03,6.841888e+02,6.623457e+02
165.3600,1.668457e+03,9.510802e+02,9.728845e+02,1.144025e+03,7.004261e+02,6.780556e+02
165.3800,1.709094e+03,9.740860e+02,9.964253e+02,1.171767e+03,7.172881e+02,6.943699e+02
165.4000,1.751314e+03,9.979881e+02,1.020883e+03,1.200590e+03,7.348071e+02,7.113199e+02
165.4200,1.795199e+03,1.022834e+03,1.046306e+03,1.230551e+03,7.530176e+02,7.289389e+02
165.4400,1.840839e+03,1.048672e+03,1.072746e+03,1.261709e+03,7.719562e+02,7.472624e+02
165.4600,1.888327e+03,1.075558e+03,1.100256e+03,1.294129e+03,7.916621e+02,7.663283e+02
165.4800,1.937765e+03,1.103547e+03,1.128897e+03,1.327880e+03,8.121772e+02,7.861771e+02
165.5000,1.989260e+03,1.132701e+03,1.158729e+03,1.363036e+03,8.335463e+02,8.068522e+02
165.5200,2.042927e+03,1.163086e+03,1.189820e+03,1.399675e+03,8.558171e+02,8.283998e+02
165.5400,2.098891e+03,1.194770e+03,1.222241e+03,1.437882e+03,8.790411e+02,8.508695e+02
165.5600,2.157283e+03,1.227830e+03,1.256070e+03,1.477747e+03,9.032732e+02,8.743146e+02
165.5800,2.218246e+03,1.262346e+03,1.291388e+03,1.519368e+03,9.285724e+02,8.987922e+02
165.6000,2.281933e+03,1.298404e+03,1.328284e+03,1.562848e+03,9.550021e+02,9.243636e+02
165.6200,2.348507e+03,1.336097e+03,1.366853e+03,1.608300e+03,9.826304e+02,9.510947e+02
165.6400,2.418146e+03,1.375525e+03,1.407198e+03,1.655844e+03,1.011531e+03,9.790565e+02
165.6600,2.491039e+03,1.416796e+03,1.449429e+03,1.705610e+03,1.041782e+03,1.008326e+03
165.6800,2.567394e+03,1.460027e+03,1.493665e+03,1.757740e+03,1.073470e+03,1.038985e+03
165.7000,2.647431e+03,1.505344e+03,1.540035e+03,1.812384e+03,1.106687e+03,1.071122e+03
165.7200,2.731390e+03,1.552881e+03,1.588678e+03,1.869706e+03,1.141532e+03,1.104836e+03
165.7400,2.819533e+03,1.602787e+03,1.639744e+03,1.929884e+03,1.178112e+03,1.140229e+03
165.7600,2.912140e+03,1.655221e+03,1.693397e+03,1.993110e+03,1.216547e+03,1.177415e+03
165.7800,3.009517e+03,1.710356e+03,1.749814e+03,2.059594e+03,1.256961e+03,1.216517e+03
165.8000,3.111998e+03,1.768382e+03,1.809189e+03,2.129562e+03,1.299494e+03,1.257669e+03
165.8200,3.219945e+03,1.829502e+03,1.871730e+03,2.203262e+03,1.344295e+03,1.301015e+03
165.8400,3.333752e+03,1.893940e+03,1.937666e+03,2.280963e+03,1.391529e+03,1.346716e+03
165.8600,3.453850e+03,1.961942e+03,2.007248e+03,2.362960e+03,1.441375e+03,1.394943e+03
165.8800,3.580712e+03,2.033773e+03,2.080749e+03,2.449575e+03,1.494028e+03,1.445886e+03
165.9000,3.714854e+03,2.109726e+03,2.158468e+03,2.541160e+03,1.549703e+03,1.499753e+03
165.9200,3.856842e+03,2.190122e+03,2.240733e+03,2.638103e+03,1.608634e+03,1.556771e+03
165.9400,4.007299e+03,2.275314e+03,2.327906e+03,2.740829e+03,1.671081e+03,1.617191e+03
165.9600,4.166913e+03,2.365691e+03,2.420383e+03,2.849806e+03,1.737329e+03,1.681287e+03
165.9800,4.336439e+03,2.461680e+03,2.518604e+03,2.965551e+03,1.807691e+03,1.749365e+03
166.0000,4.516714e+03,2.563756e+03,2.623054e+03,3.088635e+03,1.882515e+03,1.821759e+03
166.0200,4.708665e+03,2.672444e+03,2.734268e+03,3.219691e+03,1.962186e+03,1.898843e+03
166.0400,4.913320e+03,2.788326e+03,2.852843e+03,3.359422e+03,2.047130e+03,1.981029e+03
166.0600,5.131825e+03,2.912050e+03,2.979443e+03,3.508609e+03,2.137822e+03,2.068777e+03
166.0800,5.365455e+03,3.044338e+03,3.114807e+03,3.668122e+03,2.234793e+03,2.162599e+03
166.1000,5.615637e+03,3.185999e+03,3.259761e+03,3.838937e+03,2.338635e+03,2.263069e+03
166.1200,5.883968e+03,3.337937e+03,3.415231e+03,4.022145e+03,2.450010e+03,2.370828e+03
166.1400,6.172246e+03,3.501170e+03,3.582259e+03,4.218971e+03,2.569664e+03,2.486597e+03
166.1600,6.482493e+03,3.676843e+03,3.762015e+03,4.430797e+03,2.698437e+03,2.611190e+03
166.1800,6.816995e+03,3.866251e+03,3.955825e+03,4.659184e+03,2.837279e+03,2.745523e+03
166.2000,7.178343e+03,4.070860e+03,4.165191e+03,4.905902e+03,2.987264e+03,2.890638e+03
166.2200,7.569484e+03,4.292339e+03,4.391818e+03,5.172960e+03,3.149615e+03,3.047719e+03
166.2400,7.993777e+03,4.532591e+03,4.637655e+03,5.462655e+03,3.325728e+03,3.218113e+03
166.2600,8.455071e+03,4.793794e+03,4.904930e+03,5.777613e+03,3.517198e+03,3.403367e+03
166.2800,8.957785e+03,5.078451e+03,5.196204e+03,6.120851e+03,3.725862e+03,3.605256e+03
166.3000,9.507020e+03,5.389451e+03,5.514434e+03,6.495854e+03,3.953836e+03,3.825829e+03
166.3200,1.010868e+04,5.730139e+03,5.863041e+03,6.906653e+03,4.203572e+03,4.067457e+03
166.3400,1.076965e+04,6.104408e+03,6.246010e+03,7.357944e+03,4.477925e+03,4.332902e+03
166.3600,1.149796e+04,6.516808e+03,6.667996e+03,7.855213e+03,4.780229e+03,4.625391e+03
166.3800,1.230305e+04,6.972685e+03,7.134470e+03,8.404906e+03,5.114404e+03,4.948717e+03
166.4000,1.319607e+04,7.478354e+03,7.651894e+03,9.014638e+03,5.485079e+03,5.307356e+03
166.4200,1.419027e+04,8.041316e+03,8.227941e+03,9.693452e+03,5.897750e+03,5.706630e+03
166.4400,1.530147e+04,8.670531e+03,8.871782e+03,1.045216e+04,6.358990e+03,6.152894e+03
166.4600,1.654872e+04,9.376781e+03,9.594448e+03,1.130374e+04,6.876698e+03,6.653794e+03
166.4800,1.795507e+04,1.017312e+04,1.040930e+04,1.226396e+04,7.460445e+03,7.218589e+03
166.5000,1.954864e+04,1.107548e+04,1.133263e+04,1.335202e+04,8.121909e+03,7.858578e+03
166.5200,2.136406e+04,1.210345e+04,1.238450e+04,1.459154e+04,8.875456e+03,8.587660e+03
166.5400,2.344426e+04,1.328136e+04,1.358979e+04,1.601185e+04,9.738910e+03,9.423081e+03
166.5600,2.584304e+04,1.463967e+04,1.497967e+04,1.764969e+04,1.073460e+04,1.038645e+04
166.5800,2.862851e+04,1.621694e+04,1.659360e+04,1.955154e+04,1.189081e+04,1.150511e+04
166.6000,3.188785e+04,1.806253e+04,1.848210e+04,2.177694e+04,1.324370e+04,1.281409e+04
166.6200,3.573405e+04,2.024044e+04,2.071063e+04,2.440303e+04,1.484020e+04,1.435875e+04
166.6400,4.031557e+04,2.283472e+04,2.336522e+04,2.753119e+04,1.674191e+04,1.619872e+04
166.6600,4.583044e+04,2.595751e+04,2.656060e+04,3.129662e+04,1.903104e+04,1.841353e+04
166.6800,5.254724e+04,2.976090e+04,3.045239e+04,3.588270e+04,2.181908e+04,2.111105e+04
166.7000,6.083711e+04,3.445504e+04,3.525564e+04,4.154284e+04,2.526008e+04,2.444033e+04
166.7200,7.122408e+04,4.033666e+04,4.127398e+04,4.863483e+04,2.957155e+04,2.861183e+04
166.7400,8.447007e+04,4.783720e+04,4.894887e+04,5.767890e+04,3.506975e+04,3.393153e+04
166.7600,1.017488e+05,5.762128e+04,5.896038e+04,6.947644e+04,4.224189e+04,4.087081e+04
166.7800,1.251420e+05,7.086770e+04,7.251471e+04,8.544882e+04,5.195207e+04,5.026574e+04
166.8000,1.593575e+05,9.024219e+04,9.233955e+04,1.088104e+05,6.615437e+04,6.400695e+04
166.8200,2.171462e+05,1.229651e+05,1.258231e+05,1.482673e+05,9.014161e+04,8.721541e+04
166.8400,3.319550e+05,1.879755e+05,1.923447e+05,2.266561e+05,1.377970e+05,1.333236e+05
166.8600,5.749268e+05,3.255584e+05,3.331256e+05,3.925519e+05,2.386509e+05,2.309032e+05
166.8800,1.052419e+06,5.959386e+05,6.097907e+05,7.185733e+05,4.368509e+05,4.226683e+05
166.9000,1.844513e+06,1.044462e+06,1.068740e+06,1.259398e+06,7.656371e+05,7.407801e+05
166.9200,2.879160e+06,1.630331e+06,1.668227e+06,1.965832e+06,1.195103e+06,1.156303e+06
166.9400,3.789976e+06,2.146081e+06,2.195965e+06,2.587717e+06,1.573169e+06,1.522095e+06
166.9600,3.956080e+06,2.240137e+06,2.292208e+06,2.701129e+06,1.642117e+06,1.588804e+06
166.9800,3.227336e+06,1.827485e+06,1.869964e+06,2.203558e+06,1.339626e+06,1.296134e+06
167.0000,2.175393e+06,1.231823e+06,1.260456e+06,1.485315e+06,9.029803e+05,8.736643e+05
167.0200,1.282078e+06,7.259831e+05,7.428580e+05,8.753795e+05,5.321789e+05,5.149014e+05
167.0400,7.034424e+05,3.983303e+05,4.075890e+05,4.802995e+05,2.919957e+05,2.825161e+05
167.0600,3.943579e+05,2.233111e+05,2.285016e+05,2.692634e+05,1.636994e+05,1.583851e+05
167.0800,2.466905e+05,1.396945e+05,1.429413e+05,1.684394e+05,1.024049e+05,9.908056e+04
167.1000,1.750498e+05,9.912794e+04,1.014318e+05,1.195247e+05,7.266796e+04,7.030906e+04
167.1200,1.350303e+05,7.646686e+04,7.824401e+04,9.220025e+04,5.605645e+04,5.423686e+04
167.1400,1.087626e+05,6.159274e+04,6.302415e+04,7.426521e+04,4.515310e+04,4.368750e+04
167.1600,8.973853e+04,5.082038e+04,5.200139e+04,6.127602e+04,3.725651e+04,3.604728e+04
167.1800,7.529951e+04,4.264427e+04,4.363524e+04,5.141737e+04,3.126308e+04,3.024844e+04
167.2000,6.405359e+04,3.627626e+04,3.711921e+04,4.373890e+04,2.659507e+04,2.573197e+04
167.2200,5.512802e+04,3.122215e+04,3.194762e+04,3.764471e+04,2.289019e+04,2.214738e+04
167.2400,4.793101e+04,2.714684e+04,2.777758e+04,3.273075e+04,1.990282e+04,1.925699e+04
167.2600,4.204698e+04,2.381501e+04,2.436829e+04,2.871326e+04,1.746044e+04,1.689391e+04
167.2800,3.717722e+04,2.105750e+04,2.154669e+04,2.538830e+04,1.543907e+04,1.493817e+04
167.3000,3.310283e+04,1.875037e+04,1.918593e+04,2.260639e+04,1.374785e+04,1.330185e+04
167.3200,2.966055e+04,1.680118e+04,1.719143e+04,2.025607e+04,1.231901e+04,1.191940e+04
167.3400,2.672676e+04,1.513992e+04,1.549155e+04,1.825294e+04,1.110123e+04,1.074116e+04
167.3600,2.420649e+04,1.371281e+04,1.403127e+04,1.653216e+04,1.005510e+04,9.728994e+03
167.3800,2.202585e+04,1.247802e+04,1.276778e+04,1.504326e+04,9.149943e+03,8.853226e+03
167.4000,2.012669e+04,1.140261e+04,1.166738e+04,1.374655e+04,8.361623e+03,8.090500e+03
167.4200,1.846273e+04,1.046039e+04,1.070325e+04,1.261043e+04,7.670934e+03,7.422234e+03
167.4400,1.699681e+04,9.630307e+03,9.853877e+03,1.160953e+04,7.062447e+03,6.833503e+03
167.4600,1.569880e+04,8.895303e+03,9.101788e+03,1.072327e+04,6.523657e+03,6.312205e+03
167.4800,1.454406e+04,8.241432e+03,8.432719e+03,9.934843e+03,6.044341e+03,5.848450e+03
167.5000,1.351233e+04,7.657209e+03,7.834916e+03,9.230396e+03,5.616079e+03,5.434092e+03
167.5200,1.258677e+04,7.133105e+03,7.298630e+03,8.598439e+03,5.231888e+03,5.062374e+03
167.5400,1.175333e+04,6.661165e+03,6.815720e+03,8.029381e+03,4.885934e+03,4.727652e+03
167.5600,1.100020e+04,6.234703e+03,6.379345e+03,7.515159e+03,4.573318e+03,4.425185e+03
167.5800,1.031741e+04,5.848069e+03,5.983724e+03,7.048962e+03,4.289897e+03,4.150965e+03
167.6000,9.696479e+03,5.496463e+03,5.623945e+03,6.625001e+03,4.032153e+03,3.901589e+03
167.6200,9.130166e+03,5.175784e+03,5.295812e+03,6.238332e+03,3.797080e+03,3.674148e+03
167.6400,8.612259e+03,4.882515e+03,4.995726e+03,5.884713e+03,3.582100e+03,3.466147e+03
167.6600,8.137401e+03,4.613622e+03,4.720584e+03,5.560487e+03,3.384989e+03,3.275435e+03
167.6800,7.700958e+03,4.366482e+03,4.467699e+03,5.262490e+03,3.203823e+03,3.100151e+03
167.7000,7.298899e+03,4.138813e+03,4.234738e+03,4.987971e+03,3.036930e+03,2.938676e+03
167.7200,6.927711e+03,3.928624e+03,4.019663e+03,4.734528e+03,2.882851e+03,2.789599e+03
167.7400,6.584315e+03,3.734171e+03,3.820691e+03,4.500062e+03,2.740307e+03,2.651683e+03
167.7600,6.266006e+03,3.553925e+03,3.636255e+03,4.282725e+03,2.608178e+03,2.523843e+03
167.7800,5.970403e+03,3.386536e+03,3.464975e+03,4.080891e+03,2.485473e+03,2.405122e+03
167.8000,5.695397e+03,3.230810e+03,3.305630e+03,3.893120e+03,2.371317e+03,2.294672e+03
167.8200,5.439120e+03,3.085689e+03,3.157136e+03,3.718136e+03,2.264936e+03,2.191745e+03
167.8400,5.199911e+03,2.950233e+03,3.018531e+03,3.554806e+03,2.165639e+03,2.095671e+03
167.8600,4.976287e+03,2.823602e+03,2.888957e+03,3.402118e+03,2.072812e+03,2.005857e+03
167.8800,4.766925e+03,2.705047e+03,2.767646e+03,3.259167e+03,1.985904e+03,1.921771e+03
167.9000,4.570638e+03,2.593896e+03,2.653911e+03,3.125144e+03,1.904423e+03,1.842936e+03
167.9200,4.386359e+03,2.489544e+03,2.547134e+03,2.999319e+03,1.827928e+03,1.768923e+03
167.9400,4.213130e+03,2.391449e+03,2.446759e+03,2.881039e+03,1.756018e+03,1.699348e+03
167.9600,4.050084e+03,2.299121e+03,2.352285e+03,2.769712e+03,1.688336e+03,1.633863e+03
167.9800,3.896440e+03,2.212116e+03,2.263258e+03,2.664805e+03,1.624556e+03,1.572154e+03
168.0000,3.751488e+03,2.130033e+03,2.179267e+03,2.565831e+03,1.564384e+03,1.513935e+03
168.0200,3.614585e+03,2.052508e+03,2.099940e+03,2.472354e+03,1.507553e+03,1.458949e+03
168.0400,3.485145e+03,1.979209e+03,2.024937e+03,2.383972e+03,1.453820e+03,1.406960e+03
168.0600,3.362637e+03,1.909835e+03,1.953951e+03,2.300323e+03,1.402964e+03,1.357755e+03
168.0800,3.246573e+03,1.844110e+03,1.886699e+03,2.221075e+03,1.354783e+03,1.311138e+03
168.1000,3.136510e+03,1.781783e+03,1.822923e+03,2.145924e+03,1.309093e+03,1.266932e+03
168.1200,3.032042e+03,1.722624e+03,1.762389e+03,2.074592e+03,1.265725e+03,1.224971e+03
168.1400,2.932794e+03,1.666421e+03,1.704880e+03,2.006825e+03,1.224525e+03,1.185108e+03
168.1600,2.838426e+03,1.612981e+03,1.650198e+03,1.942389e+03,1.185349e+03,1.147204e+03
168.1800,2.748622e+03,1.562126e+03,1.598161e+03,1.881070e+03,1.148068e+03,1.111134e+03
168.2000,2.663092e+03,1.513691e+03,1.548600e+03,1.822669e+03,1.112562e+03,1.076780e+03
168.2200,2.581570e+03,1.467525e+03,1.501362e+03,1.767005e+03,1.078719e+03,1.044035e+03
168.2400,2.503809e+03,1.423489e+03,1.456302e+03,1.713908e+03,1.046437e+03,1.012801e+03
168.2600,2.429580e+03,1.381454e+03,1.413290e+03,1.663224e+03,1.015621e+03,9.829858e+02
168.2800,2.358674e+03,1.341299e+03,1.372202e+03,1.614808e+03,9.861843e+02,9.545046e+02
168.3000,2.290894e+03,1.302915e+03,1.332926e+03,1.568526e+03,9.580455e+02,9.272792e+02
168.3200,2.226060e+03,1.266199e+03,1.295357e+03,1.524256e+03,9.311293e+02,9.012367e+02
168.3400,2.164003e+03,1.231056e+03,1.259396e+03,1.481882e+03,9.053658e+02,8.763094e+02
168.3600,2.104566e+03,1.197396e+03,1.224954e+03,1.441297e+03,8.806901e+02,8.524346e+02
168.3800,2.047604e+03,1.165138e+03,1.191946e+03,1.402402e+03,8.570417e+02,8.295538e+02
168.4000,1.992982e+03,1.134204e+03,1.160294e+03,1.365104e+03,8.343644e+02,8.076125e+02
168.4200,1.940573e+03,1.104523e+03,1.129924e+03,1.329317e+03,8.126056e+02,7.865600e+02
168.4400,1.890258e+03,1.076029e+03,1.100767e+03,1.294960e+03,7.917163e+02,7.663487e+02
168.4600,1.841928e+03,1.048659e+03,1.072761e+03,1.261959e+03,7.716508e+02,7.469345e+02
168.4800,1.795479e+03,1.022353e+03,1.045844e+03,1.230242e+03,7.523663e+02,7.282759e+02
168.5000,1.750816e+03,9.970590e+02,1.019962e+03,1.199744e+03,7.338227e+02,7.103341e+02
168.5200,1.707847e+03,9.727241e+02,9.950615e+02,1.170403e+03,7.159825e+02,6.930729e+02
168.5400,1.666487e+03,9.493008e+02,9.710939e+02,1.142161e+03,6.988105e+02,6.764583e+02
168.5600,1.626658e+03,9.267440e+02,9.480129e+02,1.114963e+03,6.822737e+02,6.604582e+02
168.5800,1.588285e+03,9.050114e+02,9.257754e+02,1.088760e+03,6.663411e+02,6.450427e+02
168.6000,1.551297e+03,8.840634e+02,9.043406e+02,1.063503e+03,6.509836e+02,6.301836e+02
168.6200,1.515629e+03,8.638625e+02,8.836703e+02,1.039146e+03,6.361738e+02,6.158544e+02
168.6400,1.481218e+03,8.443736e+02,8.637286e+02,1.015648e+03,6.218859e+02,6.020302e+02
168.6600,1.448005e+03,8.255635e+02,8.444814e+02,9.929689e+02,6.080957e+02,5.886875e+02
168.6800,1.415937e+03,8.074011e+02,8.258970e+02,9.710704e+02,5.947802e+02,5.758041e+02
168.7000,1.384960e+03,7.898569e+02,8.079451e+02,9.499173e+02,5.819178e+02,5.633591e+02
168.7200,1.355026e+03,7.729030e+02,7.905973e+02,9.294760e+02,5.694882e+02,5.513329e+02
168.7400,1.326088e+03,7.565133e+02,7.738268e+02,9.097150e+02,5.574722e+02,5.397068e+02
168.7600,1.298102e+03,7.406630e+02,7.576082e+02,8.906044e+02,5.458515e+02,5.284632e+02
168.7800,1.271028e+03,7.253285e+02,7.419174e+02,8.721158e+02,5.346090e+02,5.175855e+02
168.8000,1.244825e+03,7.104877e+02,7.267318e+02,8.542224e+02,5.237284e+02,5.070580e+02
168.8200,1.219457e+03,6.961196e+02,7.120299e+02,8.368990e+02,5.131943e+02,4.968657e+02
168.8400,1.194889e+03,6.822042e+02,6.977913e+02,8.201216e+02,5.029921e+02,4.869945e+02
168.8600,1.171087e+03,6.687228e+02,6.839966e+02,8.038673e+02,4.931079e+02,4.774310e+02
168.8800,1.148020e+03,6.556573e+02,6.706276e+02,7.881146e+02,4.835287e+02,4.681626e+02
168.9000,1.125657e+03,6.429908e+02,6.576668e+02,7.728430e+02,4.742420e+02,4.591772e+02
168.9200,1.103970e+03,6.307073e+02,6.450979e+02,7.580331e+02,4.652359e+02,4.504634e+02
168.9400,1.082933e+03,6.187912e+02,6.329051e+02,7.436664e+02,4.564993e+02,4.420102e+02
168.9600,1.062519e+03,6.072282e+02,6.210734e+02,7.297254e+02,4.480215e+02,4.338074e+02
168.9800,1.042703e+03,5.960044e+02,6.095889e+02,7.161933e+02,4.397922e+02,4.258452e+02
169.0000,1.023464e+03,5.851065e+02,5.984378e+02,7.030542e+02,4.318020e+02,4.181142e+02
169.0200,1.004778e+03,5.745221e+02,5.876075e+02,6.902931e+02,4.240415e+02,4.106054e+02
169.0400,9.866245e+02,5.642391e+02,5.770857e+02,6.778956e+02,4.165020e+02,4.033105e+02
169.0600,9.689833e+02,5.542463e+02,5.668608e+02,6.658478e+02,4.091752e+02,3.962214e+02
169.0800,9.518353e+02,5.445327e+02,5.569216e+02,6.541368e+02,4.020531e+02,3.893304e+02
169.1000,9.351622e+02,5.350881e+02,5.472575e+02,6.427500e+02,3.951281e+02,3.826300e+02
169.1200,9.189465e+02,5.259025e+02,5.378586e+02,6.316756e+02,3.883930e+02,3.761134e+02
169.1400,9.031717e+02,5.169665e+02,5.287151e+02,6.209022e+02,3.818409e+02,3.697739e+02
169.1600,8.878218e+02,5.082712e+02,5.198178e+02,6.104190e+02,3.754652e+02,3.636050e+02
169.1800,8.728817e+02,4.998079e+02,5.111579e+02,6.002155e+02,3.692596e+02,3.576007e+02
169.2000,8.583369e+02,4.915684e+02,5.027270e+02,5.902819e+02,3.632181e+02,3.517551e+02
169.2200,8.441734e+02,4.835448e+02,4.945172e+02,5.806087e+02,3.573349e+02,3.460627e+02
169.2400,8.303780e+02,4.757298e+02,4.865206e+02,5.711868e+02,3.516044e+02,3.405182e+02
169.2600,8.169381e+02,4.681160e+02,4.787300e+02,5.620076e+02,3.460216e+02,3.351163e+02
169.2800,8.038414e+02,4.606965e+02,4.711382e+02,5.530628e+02,3.405812e+02,3.298524e+02
169.3000,7.910764e+02,4.534649e+02,4.637386e+02,5.443445e+02,3.352784e+02,3.247216e+02
169.3200,7.786318e+02,4.464147e+02,4.565247e+02,5.358449e+02,3.301087e+02,3.197196e+02
169.3400,7.664970e+02,4.395400e+02,4.494904e+02,5.275569e+02,3.250676e+02,3.148420e+02
169.3600,7.546618e+02,4.328348e+02,4.426295e+02,5.194734e+02,3.201509e+02,3.100847e+02
169.3800,7.431163e+02,4.262938e+02,4.359366e+02,5.115877e+02,3.153544e+02,3.054437e+02
169.4000,7.318511e+02,4.199115e+02,4.294061e+02,5.038934e+02,3.106742e+02,3.009154e+02
169.4200,7.208572e+02,4.136827e+02,4.230327e+02,4.963843e+02,3.061067e+02,2.964959e+02
169.4400,7.101258e+02,4.076027e+02,4.168115e+02,4.890546e+02,3.016482e+02,2.921820e+02
169.4600,6.996487e+02,4.016666e+02,4.107376e+02,4.818984e+02,2.972952e+02,2.879701e+02
169.4800,6.894179e+02,3.958700e+02,4.048064e+02,4.749103e+02,2.930444e+02,2.838572e+02
169.5000,6.794255e+02,3.902085e+02,3.990134e+02,4.680851e+02,2.888926e+02,2.798400e+02
169.5200,6.696643e+02,3.846778e+02,3.933544e+02,4.614178e+02,2.848368e+02,2.759157e+02
169.5400,6.601272e+02,3.792740e+02,3.878251e+02,4.549034e+02,2.808740e+02,2.720814e+02
169.5600,6.508072e+02,3.739932e+02,3.824217e+02,4.485373e+02,2.770014e+02,2.683343e+02
169.5800,6.416979e+02,3.688317e+02,3.771404e+02,4.423150e+02,2.732161e+02,2.646718e+02
169.6000,6.327928e+02,3.637858e+02,3.719774e+02,4.362322e+02,2.695157e+02,2.610913e+02
169.6200,6.240859e+02,3.588522e+02,3.669292e+02,4.302847e+02,2.658976e+02,2.575904e+02
169.6400,6.155713e+02,3.540275e+02,3.619925e+02,4.244685e+02,2.623592e+02,2.541668e+02
169.6600,6.072434e+02,3.493084e+02,3.571639e+02,4.187798e+02,2.588984e+02,2.508181e+02
169.6800,5.990967e+02,3.446920e+02,3.524403e+02,4.132148e+02,2.555127e+02,2.475423e+02
169.7000,5.911259e+02,3.401752e+02,3.478187e+02,4.077699e+02,2.522002e+02,2.443370e+02
169.7200,5.833260e+02,3.357552e+02,3.432961e+02,4.024417e+02,2.489585e+02,2.412005e+02
169.7400,5.756921e+02,3.314292e+02,3.388697e+02,3.972269e+02,2.457858e+02,2.381306e+02
169.7600,5.682195e+02,3.271945e+02,3.345367e+02,3.921222e+02,2.426800e+02,2.351254e+02
169.7800,5.609037e+02,3.230486e+02,3.302946e+02,3.871245e+02,2.396393e+02,2.321833e+02
169.8000,5.537402e+02,3.189890e+02,3.261407e+02,3.822308e+02,2.366618e+02,2.293023e+02
169.8200,5.467249e+02,3.150132e+02,3.220727e+02,3.774384e+02,2.337459e+02,2.264808e+02
169.8400,5.398537e+02,3.111191e+02,3.180882e+02,3.727442e+02,2.308897e+02,2.237172e+02
169.8600,5.331225e+02,3.073043e+02,3.141849e+02,3.681458e+02,2.280917e+02,2.210099e+02
169.8800,5.265277e+02,3.035666e+02,3.103605e+02,3.636404e+02,2.253503e+02,2.183573e+02
169.9000,5.200654e+02,2.999041e+02,3.066130e+02,3.592256e+02,2.226640e+02,2.157580e+02
169.9200,5.137322e+02,2.963146e+02,3.029403e+02,3.548988e+02,2.200312e+02,2.132105e+02
169.9400,5.075247e+02,2.927963e+02,2.993403e+02,3.506579e+02,2.174505e+02,2.107135e+02
169.9600,5.014394e+02,2.893473e+02,2.958113e+02,3.465005e+02,2.149207e+02,2.082656e+02
169.9800,4.954732e+02,2.859656e+02,2.923512e+02,3.424243e+02,2.124402e+02,2.058655e+02
170.0000,4.896230e+02,2.826497e+02,2.889583e+02,3.384274e+02,2.100079e+02,2.035120e+02
170.0200,4.838857e+02,2.793977e+02,2.856308e+02,3.345075e+02,2.076225e+02,2.012039e+02
170.0400,4.782585e+02,2.762080e+02,2.823672e+02,3.306628e+02,2.052828e+02,1.989399e+02
170.0600,4.727384e+02,2.730790e+02,2.791656e+02,3.268914e+02,2.029876e+02,1.967191e+02
170.0800,4.673229e+02,2.700092e+02,2.760246e+02,3.231912e+02,2.007357e+02,1.945402e+02
170.1000,4.620092e+02,2.669971e+02,2.729426e+02,3.195606e+02,1.985262e+02,1.924022e+02
170.1200,4.567948e+02,2.640412e+02,2.699182e+02,3.159978e+02,1.963578e+02,1.903040e+02
170.1400,4.516772e+02,2.611401e+02,2.669498e+02,3.125011e+02,1.942297e+02,1.882448e+02
170.1600,4.466540e+02,2.582925e+02,2.640361e+02,3.090689e+02,1.921407e+02,1.862235e+02
170.1800,4.417229e+02,2.554970e+02,2.611758e+02,3.056995e+02,1.900900e+02,1.842392e+02
170.2000,4.368816e+02,2.527524e+02,2.583676e+02,3.023914e+02,1.880765e+02,1.822909e+02
170.2200,4.321279e+02,2.500574e+02,2.556101e+02,2.991432e+02,1.860994e+02,1.803778e+02
170.2400,4.274597e+02,2.474108e+02,2.529021e+02,2.959534e+02,1.841578e+02,1.784991e+02
170.2600,4.228749e+02,2.448115e+02,2.502425e+02,2.928205e+02,1.822509e+02,1.766539e+02
170.2800,4.183716e+02,2.422583e+02,2.476301e+02,2.897433e+02,1.803778e+02,1.748414e+02
170.3000,4.139478e+02,2.397502e+02,2.450638e+02,2.867203e+02,1.785376e+02,1.730609e+02
170.3200,4.096017e+02,2.372859e+02,2.425425e+02,2.837503e+02,1.767297e+02,1.713115e+02
170.3400,4.053313e+02,2.348647e+02,2.400650e+02,2.808322e+02,1.749533e+02,1.695926e+02
170.3600,4.011350e+02,2.324853e+02,2.376305e+02,2.779645e+02,1.732076e+02,1.679034e+02
170.3800,3.970110e+02,2.301469e+02,2.352379e+02,2.751463e+02,1.714920e+02,1.662433e+02
170.4000,3.929576e+02,2.278485e+02,2.328862e+02,2.723762e+02,1.698056e+02,1.646115e+02
170.4200,3.889733e+02,2.255892e+02,2.305746e+02,2.696533e+02,1.681479e+02,1.630075e+02
170.4400,3.850564e+02,2.233681e+02,2.283020e+02,2.669765e+02,1.665182e+02,1.614305e+02
170.4600,3.812054e+02,2.211843e+02,2.260676e+02,2.643447e+02,1.649159e+02,1.598800e+02
170.4800,3.774188e+02,2.190370e+02,2.238705e+02,2.617568e+02,1.633403e+02,1.583555e+02
170.5000,3.736953e+02,2.169254e+02,2.217099e+02,2.592120e+02,1.617909e+02,1.568562e+02
170.5200,3.700332e+02,2.148486e+02,2.195850e+02,2.567092e+02,1.602670e+02,1.553816e+02
170.5400,3.664314e+02,2.128059e+02,2.174950e+02,2.542475e+02,1.587682e+02,1.539312e+02
170.5600,3.628885e+02,2.107966e+02,2.154391e+02,2.518260e+02,1.572938e+02,1.525045e+02
170.5800,3.594032e+02,2.088199e+02,2.134166e+02,2.494439e+02,1.558432e+02,1.511009e+02
170.6000,3.559742e+02,2.068751e+02,2.114268e+02,2.471002e+02,1.544161e+02,1.497200e+02
170.6200,3.526003e+02,2.049615e+02,2.094688e+02,2.447941e+02,1.530119e+02,1.483611e+02
170.6400,3.492803e+02,2.030784e+02,2.075421e+02,2.425249e+02,1.516300e+02,1.470240e+02
170.6600,3.460131e+02,2.012252e+02,2.056460e+02,2.402917e+02,1.502700e+02,1.457080e+02
170.6800,3.427975e+02,1.994013e+02,2.037798e+02,2.380937e+02,1.489315e+02,1.444128e+02
170.7000,3.396324e+02,1.976060e+02,2.019429e+02,2.359302e+02,1.476140e+02,1.431378e+02
170.7200,3.365169e+02,1.958387e+02,2.001346e+02,2.338006e+02,1.463170e+02,1.418828e+02
170.7400,3.334497e+02,1.940988e+02,1.983545e+02,2.317040e+02,1.450401e+02,1.406472e+02
170.7600,3.304300e+02,1.923857e+02,1.966018e+02,2.296397e+02,1.437829e+02,1.394306e+02
170.7800,3.274566e+02,1.906990e+02,1.948760e+02,2.276072e+02,1.425449e+02,1.382327e+02
170.8000,3.245288e+02,1.890380e+02,1.931765e+02,2.256057e+02,1.413259e+02,1.370531e+02
170.8200,3.216455e+02,1.874023e+02,1.915029e+02,2.236347e+02,1.401253e+02,1.358913e+02
170.8400,3.188058e+02,1.857912e+02,1.898545e+02,2.216934e+02,1.389429e+02,1.347471e+02
170.8600,3.160089e+02,1.842044e+02,1.882309e+02,2.197813e+02,1.377782e+02,1.336200e+02
170.8800,3.132538e+02,1.826412e+02,1.866316e+02,2.178978e+02,1.366308e+02,1.325098e+02
170.9000,3.105397e+02,1.811013e+02,1.850560e+02,2.160423e+02,1.355005e+02,1.314160e+02
170.9200,3.078658e+02,1.795842e+02,1.835037e+02,2.142143e+02,1.343869e+02,1.303384e+02
170.9400,3.052314e+02,1.780893e+02,1.819743e+02,2.124131e+02,1.332897e+02,1.292766e+02
170.9600,3.026355e+02,1.766164e+02,1.804672e+02,2.106383e+02,1.322085e+02,1.282304e+02
170.9800,3.000775e+02,1.751648e+02,1.789821e+02,2.088894e+02,1.311430e+02,1.271993e+02
171.0000,2.975566e+02,1.737343e+02,1.775185e+02,2.071658e+02,1.300929e+02,1.261832e+02
171.0200,2.950721e+02,1.723244e+02,1.760760e+02,2.054671e+02,1.290579e+02,1.251816e+02
171.0400,2.926233e+02,1.709347e+02,1.746541e+02,2.037927e+02,1.280378e+02,1.241944e+02
171.0600,2.902094e+02,1.695649e+02,1.732525e+02,2.021422e+02,1.270321e+02,1.232213e+02
171.0800,2.878299e+02,1.682144e+02,1.718708e+02,2.005152e+02,1.260407e+02,1.222619e+02
171.1000,2.854840e+02,1.668830e+02,1.705086e+02,1.989111e+02,1.250633e+02,1.213160e+02
171.1200,2.831711e+02,1.655703e+02,1.691655e+02,1.973295e+02,1.240996e+02,1.203834e+02
171.1400,2.808906e+02,1.642759e+02,1.678412e+02,1.957701e+02,1.231493e+02,1.194639e+02
171.1600,2.786419e+02,1.629996e+02,1.665353e+02,1.942324e+02,1.222122e+02,1.185570e+02
171.1800,2.764243e+02,1.617409e+02,1.652475e+02,1.927159e+02,1.212881e+02,1.176627e+02
171.2000,2.742373e+02,1.604995e+02,1.639774e+02,1.912204e+02,1.203767e+02,1.167807e+02
171.2200,2.720804e+02,1.592751e+02,1.627247e+02,1.897453e+02,1.194777e+02,1.159108e+02
171.2400,2.699529e+02,1.580674e+02,1.614891e+02,1.882903e+02,1.185910e+02,1.150527e+02
171.2600,2.678543e+02,1.568761e+02,1.602702e+02,1.868551e+02,1.177162e+02,1.142062e+02
171.2800,2.657841e+02,1.557008e+02,1.590677e+02,1.854393e+02,1.168533e+02,1.133711e+02
171.3000,2.637417e+02,1.545414e+02,1.578815e+02,1.840425e+02,1.160019e+02,1.125472e+02
171.3200,2.617268e+02,1.533974e+02,1.567110e+02,1.826644e+02,1.151619e+02,1.117343e+02
171.3400,2.597386e+02,1.522686e+02,1.555562e+02,1.813047e+02,1.143330e+02,1.109322e+02
171.3600,2.577769e+02,1.511548e+02,1.544166e+02,1.799629e+02,1.135151e+02,1.101407e+02
171.3800,2.558411e+02,1.500557e+02,1.532921e+02,1.786388e+02,1.127080e+02,1.093596e+02
171.4000,2.539307e+02,1.489709e+02,1.521823e+02,1.773321e+02,1.119114e+02,1.085887e+02
171.4200,2.520453e+02,1.479004e+02,1.510869e+02,1.760425e+02,1.111252e+02,1.078279e+02
171.4400,2.501844e+02,1.468437e+02,1.500058e+02,1.747697e+02,1.103492e+02,1.070769e+02
171.4600,2.483476e+02,1.458006e+02,1.489387e+02,1.735133e+02,1.095831e+02,1.063356e+02
171.4800,2.465346e+02,1.447710e+02,1.478853e+02,1.722730e+02,1.088270e+02,1.056038e+02
171.5000,2.447448e+02,1.437546e+02,1.468454e+02,1.710487e+02,1.080805e+02,1.048814e+02
171.5200,2.429779e+02,1.427512e+02,1.458187e+02,1.698400e+02,1.073435e+02,1.041681e+02
171.5400,2.412334e+02,1.417604e+02,1.448051e+02,1.686466e+02,1.066158e+02,1.034639e+02
171.5600,2.395111e+02,1.407822e+02,1.438042e+02,1.674684e+02,1.058973e+02,1.027686e+02
171.5800,2.378104e+02,1.398162e+02,1.428160e+02,1.663049e+02,1.051878e+02,1.020820e+02
171.6000,2.361311e+02,1.388624e+02,1.418401e+02,1.651560e+02,1.044872e+02,1.014040e+02
171.6200,2.344727e+02,1.379204e+02,1.408764e+02,1.640214e+02,1.037953e+02,1.007344e+02
171.6400,2.328350e+02,1.369901e+02,1.399246e+02,1.629010e+02,1.031119e+02,1.000730e+02
171.6600,2.312175e+02,1.360713e+02,1.389845e+02,1.617943e+02,1.024370e+02,9.941985e+01
171.6800,2.296200e+02,1.351638e+02,1.380561e+02,1.607013e+02,1.017703e+02,9.877467e+01
171.7000,2.280420e+02,1.342673e+02,1.371389e+02,1.596216e+02,1.011118e+02,9.813737e+01
171.7200,2.264833e+02,1.333818e+02,1.362330e+02,1.585551e+02,1.004613e+02,9.750781e+01
171.7400,2.249436e+02,1.325070e+02,1.353380e+02,1.575016e+02,9.981861e+01,9.688586e+01
171.7600,2.234225e+02,1.316428e+02,1.344538e+02,1.564607e+02,9.918370e+01,9.627140e+01
171.7800,2.219197e+02,1.307890e+02,1.335802e+02,1.554324e+02,9.855639e+01,9.566431e+01
171.8000,2.204350e+02,1.299453e+02,1.327171e+02,1.544164e+02,9.793657e+01,9.506446e+01
171.8200,2.189680e+02,1.291117e+02,1.318643e+02,1.534125e+02,9.732412e+01,9.447174e+01
171.8400,2.175184e+02,1.282880e+02,1.310216e+02,1.524205e+02,9.671891e+01,9.388602e+01
171.8600,2.160860e+02,1.274740e+02,1.301888e+02,1.514403e+02,9.612083e+01,9.330721e+01
171.8800,2.146705e+02,1.266696e+02,1.293658e+02,1.504715e+02,9.552977e+01,9.273518e+01
171.9000,2.132716e+02,1.258746e+02,1.285524e+02,1.495141e+02,9.494560e+01,9.216982e+01
171.9200,2.118890e+02,1.250889e+02,1.277486e+02,1.485679e+02,9.436823e+01,9.161104e+01
171.9400,2.105225e+02,1.243122e+02,1.269540e+02,1.476327e+02,9.379753e+01,9.105872e+01
171.9600,2.091719e+02,1.235445e+02,1.261686e+02,1.467083e+02,9.323342e+01,9.051276e+01
171.9800,2.078368e+02,1.227857e+02,1.253923e+02,1.457945e+02,9.267577e+01,8.997307e+01
172.0000,2.065171e+02,1.220356e+02,1.246248e+02,1.448912e+02,9.212450e+01,8.943954e+01
172.0200,2.052125e+02,1.212940e+02,1.238661e+02,1.439982e+02,9.157950e+01,8.891208e+01
172.0400,2.039227e+02,1.205608e+02,1.231160e+02,1.431154e+02,9.104067e+01,8.839059e+01
172.0600,2.026476e+02,1.198359e+02,1.223744e+02,1.422425e+02,9.050791e+01,8.787498e+01
172.0800,2.013869e+02,1.191191e+02,1.216411e+02,1.413795e+02,8.998115e+01,8.736516e+01
172.1000,2.001403e+02,1.184105e+02,1.209161e+02,1.405262e+02,8.946027e+01,8.686104e+01
172.1200,1.989077e+02,1.177097e+02,1.201992e+02,1.396824e+02,8.894519e+01,8.636253e+01
172.1400,1.976889e+02,1.170167e+02,1.194902e+02,1.388480e+02,8.843582e+01,8.586955e+01
172.1600,1.964836e+02,1.163313e+02,1.187891e+02,1.380229e+02,8.793208e+01,8.538201e+01
172.1800,1.952917e+02,1.156536e+02,1.180957e+02,1.372068e+02,8.743388e+01,8.489984e+01
172.2000,1.941129e+02,1.149832e+02,1.174099e+02,1.363998e+02,8.694114e+01,8.442294e+01
172.2200,1.929470e+02,1.143202e+02,1.167316e+02,1.356015e+02,8.645377e+01,8.395124e+01
172.2400,1.917938e+02,1.136645e+02,1.160607e+02,1.348120e+02,8.597169e+01,8.348466e+01
172.2600,1.906533e+02,1.130158e+02,1.153971e+02,1.340311e+02,8.549482e+01,8.302312e+01
172.2800,1.895250e+02,1.123741e+02,1.147406e+02,1.332585e+02,8.502310e+01,8.256656e+01
172.3000,1.884090e+02,1.117393e+02,1.140912e+02,1.324943e+02,8.455643e+01,8.211489e+01
172.3200,1.873050e+02,1.111114e+02,1.134488e+02,1.317384e+02,8.409475e+01,8.166805e+01
172.3400,1.862127e+02,1.104901e+02,1.128132e+02,1.309904e+02,8.363798e+01,8.122596e+01
172.3600,1.851322e+02,1.098754e+02,1.121844e+02,1.302505e+02,8.318605e+01,8.078855e+01
172.3800,1.840631e+02,1.092673e+02,1.115622e+02,1.295184e+02,8.273889e+01,8.035576e+01
172.4000,1.830053e+02,1.086655e+02,1.109466e+02,1.287940e+02,8.229643e+01,7.992751e+01
172.4200,1.819587e+02,1.080701e+02,1.103375e+02,1.280772e+02,8.185860e+01,7.950375e+01
172.4400,1.809231e+02,1.074809e+02,1.097347e+02,1.273679e+02,8.142534e+01,7.908440e+01
172.4600,1.798983e+02,1.068978e+02,1.091382e+02,1.266660e+02,8.099658e+01,7.866941e+01
172.4800,1.788842e+02,1.063208e+02,1.085479e+02,1.259715e+02,8.057225e+01,7.825871e+01
172.5000,1.778805e+02,1.057497e+02,1.079637e+02,1.252841e+02,8.015229e+01,7.785224e+01
172.5200,1.768873e+02,1.051845e+02,1.073855e+02,1.246038e+02,7.973665e+01,7.744994e+01
172.5400,1.759043e+02,1.046251e+02,1.068132e+02,1.239304e+02,7.932525e+01,7.705175e+01
172.5600,1.749314e+02,1.040714e+02,1.062468e+02,1.232640e+02,7.891804e+01,7.665761e+01
172.5800,1.739684e+02,1.035234e+02,1.056861e+02,1.226043e+02,7.851496e+01,7.626747e+01
172.6000,1.730152e+02,1.029809e+02,1.051311e+02,1.219514e+02,7.811595e+01,7.588126e+01
172.6200,1.720717e+02,1.024439e+02,1.045817e+02,1.213050e+02,7.772095e+01,7.549894e+01
172.6400,1.711377e+02,1.019122e+02,1.040379e+02,1.206652e+02,7.732992e+01,7.512046e+01
172.6600,1.702131e+02,1.013859e+02,1.034995e+02,1.200318e+02,7.694279e+01,7.474575e+01
172.6800,1.692978e+02,1.008649e+02,1.029664e+02,1.194046e+02,7.655950e+01,7.437476e+01
172.7000,1.683916e+02,1.003490e+02,1.024387e+02,1.187838e+02,7.618002e+01,7.400745e+01
172.7200,1.674944e+02,9.983824e+01,1.019162e+02,1.181691e+02,7.580428e+01,7.364376e+01
172.7400,1.666061e+02,9.933251e+01,1.013988e+02,1.175604e+02,7.543223e+01,7.328364e+01
172.7600,1.657266e+02,9.883175e+01,1.008866e+02,1.169578e+02,7.506383e+01,7.292705e+01
172.7800,1.648557e+02,9.833588e+01,1.003793e+02,1.163611e+02,7.469902e+01,7.257394e+01
172.8000,1.639933e+02,9.784485e+01,9.987697e+01,1.157702e+02,7.433776e+01,7.222426e+01
172.8200,1.631394e+02,9.735859e+01,9.937953e+01,1.151850e+02,7.397999e+01,7.187796e+01
172.8400,1.622938e+02,9.687704e+01,9.888691e+01,1.146055e+02,7.362567e+01,7.153500e+01
172.8600,1.614563e+02,9.640013e+01,9.839904e+01,1.140316e+02,7.327476e+01,7.119533e+01
172.8800,1.606270e+02,9.592779e+01,9.791585e+01,1.134632e+02,7.292721e+01,7.085892e+01
172.9000,1.598056e+02,9.545998e+01,9.743729e+01,1.129003e+02,7.258297e+01,7.052571e+01
172.9200,1.589921e+02,9.499662e+01,9.696329e+01,1.123428e+02,7.224200e+01,7.019566e+01
172.9400,1.581863e+02,9.453767e+01,9.649379e+01,1.117905e+02,7.190426e+01,6.986874e+01
172.9600,1.573883e+02,9.408306e+01,9.602874e+01,1.112435e+02,7.156970e+01,6.954490e+01
172.9800,1.565977e+02,9.363273e+01,9.556807e+01,1.107017e+02,7.123828e+01,6.922410e+01
173.0000,1.558147e+02,9.318663e+01,9.511172e+01,1.101649e+02,7.090997e+01,6.890630e+01
173.0200,1.550390e+02,9.274471e+01,9.465965e+01,1.096332e+02,7.058472e+01,6.859146e+01
173.0400,1.542706e+02,9.230691e+01,9.421180e+01,1.091065e+02,7.026249e+01,6.827955e+01
173.0600,1.535093e+02,9.187317e+01,9.376810e+01,1.085846e+02,6.994324e+01,6.797052e+01
173.0800,1.527552e+02,9.144345e+01,9.332852e+01,1.080676e+02,6.962694e+01,6.766434e+01
173.1000,1.520080e+02,9.101769e+01,9.289298e+01,1.075554e+02,6.931354e+01,6.736097e+01
173.1200,1.512677e+02,9.059584e+01,9.246145e+01,1.070479e+02,6.900301e+01,6.706038e+01
173.1400,1.505343e+02,9.017785e+01,9.203387e+01,1.065450e+02,6.869531e+01,6.676253e+01
173.1600,1.498076e+02,8.976368e+01,9.161020e+01,1.060468e+02,6.839041e+01,6.646738e+01
173.1800,1.490875e+02,8.935327e+01,9.119037e+01,1.055530e+02,6.808827e+01,6.617491e+01
173.2000,1.483740e+02,8.894658e+01,9.077435e+01,1.050638e+02,6.778886e+01,6.588507e+01
173.2200,1.476669e+02,8.854355e+01,9.036208e+01,1.045790e+02,6.749214e+01,6.559784e+01
173.2400,1.469663e+02,8.814415e+01,8.995352e+01,1.040985e+02,6.719807e+01,6.531318e+01
173.2600,1.462719e+02,8.774833e+01,8.954862e+01,1.036224e+02,6.690663e+01,6.503106e+01
173.2800,1.455838e+02,8.735605e+01,8.914734e+01,1.031505e+02,6.661779e+01,6.475145e+01
173.3000,1.449019e+02,8.696725e+01,8.874963e+01,1.026828e+02,6.633150e+01,6.447431e+01
173.3200,1.442260e+02,8.658190e+01,8.835544e+01,1.022193e+02,6.604774e+01,6.419962e+01
173.3400,1.435562e+02,8.619995e+01,8.796474e+01,1.017599e+02,6.576647e+01,6.392734e+01
173.3600,1.428922e+02,8.582137e+01,8.757748e+01,1.013046e+02,6.548768e+01,6.365745e+01
173.3800,1.422342e+02,8.544610e+01,8.719361e+01,1.008532e+02,6.521131e+01,6.338992e+01
173.4000,1.415819e+02,8.507412e+01,8.681310e+01,1.004058e+02,6.493736e+01,6.312472e+01
173.4200,1.409353e+02,8.470538e+01,8.643591e+01,9.996229e+01,6.466578e+01,6.286181e+01
173.4400,1.402944e+02,8.433983e+01,8.606199e+01,9.952265e+01,6.439654e+01,6.260118e+01
173.4600,1.396591e+02,8.397745e+01,8.569131e+01,9.908682e+01,6.412963e+01,6.234279e+01
173.4800,1.390292e+02,8.361819e+01,8.532382e+01,9.865476e+01,6.386501e+01,6.208662e+01
173.5000,1.384048e+02,8.326202e+01,8.495949e+01,9.822641e+01,6.360265e+01,6.183263e+01
173.5200,1.377858e+02,8.290890e+01,8.459828e+01,9.780174e+01,6.334253e+01,6.158081e+01
173.5400,1.371722e+02,8.255879e+01,8.424015e+01,9.738070e+01,6.308461e+01,6.133113e+01
173.5600,1.365637e+02,8.221165e+01,8.388507e+01,9.696325e+01,6.282888e+01,6.108356e+01
173.5800,1.359605e+02,8.186746e+01,8.353300e+01,9.654934e+01,6.257531e+01,6.083808e+01
173.6000,1.353623e+02,8.152617e+01,8.318390e+01,9.613894e+01,6.232387e+01,6.059466e+01
173.6200,1.347693e+02,8.118776e+01,8.283774e+01,9.573200e+01,6.207453e+01,6.035328e+01
173.6400,1.341812e+02,8.085218e+01,8.249448e+01,9.532848e+01,6.182728e+01,6.011392e+01
173.6600,1.335981e+02,8.051941e+01,8.215409e+01,9.492833e+01,6.158209e+01,5.987654e+01
173.6800,1.330199e+02,8.018941e+01,8.181654e+01,9.453153e+01,6.133892e+01,5.964113e+01
173.7000,1.324465e+02,7.986214e+01,8.148179e+01,9.413804e+01,6.109777e+01,5.940767e+01
173.7200,1.318779e+02,7.953759e+01,8.114981e+01,9.374780e+01,6.085860e+01,5.917613e+01
173.7400,1.313140e+02,7.921571e+01,8.082057e+01,9.336079e+01,6.062140e+01,5.894648e+01
173.7600,1.307548e+02,7.889648e+01,8.049404e+01,9.297697e+01,6.038614e+01,5.871872e+01
173.7800,1.302002e+02,7.857986e+01,8.017018e+01,9.259630e+01,6.015279e+01,5.849281e+01
173.8000,1.296502e+02,7.826583e+01,7.984897e+01,9.221875e+01,5.992134e+01,5.826873e+01
173.8200,1.291046e+02,7.795435e+01,7.953037e+01,9.184427e+01,5.969176e+01,5.804647e+01
173.8400,1.285635e+02,7.764539e+01,7.921435e+01,9.147284e+01,5.946404e+01,5.782600e+01
173.8600,1.280269e+02,7.733894e+01,7.890089e+01,9.110442e+01,5.923815e+01,5.760731e+01
173.8800,1.274945e+02,7.703495e+01,7.858995e+01,9.073897e+01,5.901407e+01,5.739036e+01
173.9000,1.269665e+02,7.673340e+01,7.828152e+01,9.037647e+01,5.879178e+01,5.717515e+01
173.9200,1.264427e+02,7.643427e+01,7.797555e+01,9.001687e+01,5.857126e+01,5.696165e+01
173.9400,1.259232e+02,7.613752e+01,7.767202e+01,8.966015e+01,5.835249e+01,5.674984e+01
173.9600,1.254078e+02,7.584313e+01,7.737090e+01,8.930627e+01,5.813545e+01,5.653971e+01
173.9800,1.248965e+02,7.555107e+01,7.707218e+01,8.895521e+01,5.792012e+01,5.633124e+01
174.0000,1.243893e+02,7.526132e+01,7.677581e+01,8.860692e+01,5.770648e+01,5.612440e+01
174.0200,1.238861e+02,7.497385e+01,7.648177e+01,8.826139e+01,5.749452e+01,5.591918e+01
174.0400,1.233869e+02,7.468863e+01,7.619005e+01,8.791857e+01,5.728421e+01,5.571556e+01
174.0600,1.228916e+02,7.440565e+01,7.590060e+01,8.757844e+01,5.707554e+01,5.551353e+01
174.0800,1.224002e+02,7.412487e+01,7.561342e+01,8.724097e+01,5.686849e+01,5.531306e+01
174.1000,1.219127e+02,7.384628e+01,7.532846e+01,8.690612e+01,5.666303e+01,5.511414e+01
174.1200,1.214290e+02,7.356984e+01,7.504572e+01,8.657388e+01,5.645916e+01,5.491675e+01
174.1400,1.209490e+02,7.329554e+01,7.476515e+01,8.624421e+01,5.625686e+01,5.472088e+01
174.1600,1.204727e+02,7.302334e+01,7.448675e+01,8.591709e+01,5.605610e+01,5.452650e+01
174.1800,1.200002e+02,7.275324e+01,7.421048e+01,8.559248e+01,5.585688e+01,5.433361e+01
174.2000,1.195312e+02,7.248520e+01,7.393633e+01,8.527036e+01,5.565917e+01,5.414218e+01
174.2200,1.190659e+02,7.221920e+01,7.366427e+01,8.495071e+01,5.546296e+01,5.395221e+01
174.2400,1.186042e+02,7.195522e+01,7.339427e+01,8.463348e+01,5.526823e+01,5.376367e+01
174.2600,1.181459e+02,7.169325e+01,7.312632e+01,8.431867e+01,5.507497e+01,5.357654e+01
174.2800,1.176912e+02,7.143325e+01,7.286040e+01,8.400625e+01,5.488317e+01,5.339083e+01
174.3000,1.172399e+02,7.117521e+01,7.259647e+01,8.369618e+01,5.469279e+01,5.320650e+01
174.3200,1.167920e+02,7.091910e+01,7.233453e+01,8.338844e+01,5.450384e+01,5.302354e+01
174.3400,1.163475e+02,7.066491e+01,7.207455e+01,8.308301e+01,5.431629e+01,5.284195e+01
174.3600,1.159064e+02,7.041262e+01,7.181650e+01,8.277987e+01,5.413013e+01,5.266170e+01
174.3800,1.154685e+02,7.016219e+01,7.156037e+01,8.247898e+01,5.394535e+01,5.248278e+01
174.4000,1.150339e+02,6.991363e+01,7.130615e+01,8.218033e+01,5.376193e+01,5.230518e+01
174.4200,1.146026e+02,6.966690e+01,7.105380e+01,8.188390e+01,5.357986e+01,5.212888e+01
174.4400,1.141745e+02,6.942199e+01,7.080331e+01,8.158965e+01,5.339912e+01,5.195388e+01
174.4600,1.137495e+02,6.917887e+01,7.055465e+01,8.129757e+01,5.321970e+01,5.178014e+01
174.4800,1.133277e+02,6.893753e+01,7.030782e+01,8.100763e+01,5.304158e+01,5.160768e+01
174.5000,1.129089e+02,6.869796e+01,7.006279e+01,8.071982e+01,5.286475e+01,5.143646e+01
174.5200,1.124933e+02,6.846012e+01,6.981954e+01,8.043410e+01,5.268921e+01,5.126647e+01
174.5400,1.120807e+02,6.822401e+01,6.957806e+01,8.015046e+01,5.251493e+01,5.109772e+01
174.5600,1.116710e+02,6.798961e+01,6.933832e+01,7.986888e+01,5.234190e+01,5.093017e+01
174.5800,1.112644e+02,6.775689e+01,6.910031e+01,7.958933e+01,5.217010e+01,5.076382e+01
174.6000,1.108607e+02,6.752585e+01,6.886401e+01,7.931180e+01,5.199954e+01,5.059866e+01
174.6200,1.104600e+02,6.729646e+01,6.862940e+01,7.903626e+01,5.183019e+01,5.043468e+01
174.6400,1.100621e+02,6.706871e+01,6.839647e+01,7.876269e+01,5.166204e+01,5.027185e+01
174.6600,1.096671e+02,6.684257e+01,6.816520e+01,7.849108e+01,5.149508e+01,5.011018e+01
174.6800,1.092749e+02,6.661805e+01,6.793557e+01,7.822140e+01,5.132930e+01,4.994965e+01
174.7000,1.088855e+02,6.639511e+01,6.770756e+01,7.795363e+01,5.116468e+01,4.979024e+01
174.7200,1.084988e+02,6.617374e+01,6.748116e+01,7.768776e+01,5.100122e+01,4.963195e+01
174.7400,1.081150e+02,6.595393e+01,6.725635e+01,7.742377e+01,5.083890e+01,4.947477e+01
174.7600,1.077338e+02,6.573566e+01,6.703312e+01,7.716163e+01,5.067771e+01,4.931868e+01
174.7800,1.073553e+02,6.551892e+01,6.681145e+01,7.690133e+01,5.051764e+01,4.916367e+01
174.8000,1.069795e+02,6.530368e+01,6.659133e+01,7.664285e+01,5.035868e+01,4.900974e+01
174.8200,1.066063e+02,6.508995e+01,6.637274e+01,7.638617e+01,5.020081e+01,4.885686e+01
174.8400,1.062358e+02,6.487769e+01,6.615566e+01,7.613128e+01,5.004403e+01,4.870504e+01
174.8600,1.058678e+02,6.466689e+01,6.594008e+01,7.587815e+01,4.988833e+01,4.855426e+01
174.8800,1.055024e+02,6.445755e+01,6.572598e+01,7.562677e+01,4.973369e+01,4.840451e+01
174.9000,1.051395e+02,6.424965e+01,6.551336e+01,7.537712e+01,4.958011e+01,4.825578e+01
174.9200,1.047791e+02,6.404317e+01,6.530219e+01,7.512919e+01,4.942757e+01,4.810806e+01
174.9400,1.044212e+02,6.383809e+01,6.509246e+01,7.488295e+01,4.927606e+01,4.796134e+01
174.9600,1.040657e+02,6.363442e+01,6.488416e+01,7.463839e+01,4.912558e+01,4.781562e+01
174.9800,1.037127e+02,6.343212e+01,6.467728e+01,7.439550e+01,4.897611e+01,4.767087e+01
175.0000,1.033621e+02,6.323119e+01,6.447179e+01,7.415426e+01,4.882765e+01,4.752709e+01
175.0200,1.030139e+02,6.303162e+01,6.426769e+01,7.391465e+01,4.868018e+01,4.738428e+01
175.0400,1.026681e+02,6.283339e+01,6.406496e+01,7.367666e+01,4.853369e+01,4.724242e+01
175.0600,1.023246e+02,6.263648e+01,6.386359e+01,7.344027e+01,4.838818e+01,4.710150e+01
175.0800,1.019834e+02,6.244090e+01,6.366357e+01,7.320547e+01,4.824364e+01,4.696152e+01
175.1000,1.016445e+02,6.224661e+01,6.346488e+01,7.297223e+01,4.810005e+01,4.682247e+01
175.1200,1.013079e+02,6.205362e+01,6.326752e+01,7.274055e+01,4.795741e+01,4.668433e+01
175.1400,1.009736e+02,6.186191e+01,6.307146e+01,7.251041e+01,4.781571e+01,4.654710e+01
175.1600,1.006415e+02,6.167146e+01,6.287670e+01,7.228180e+01,4.767494e+01,4.641077e+01
175.1800,1.003116e+02,6.148227e+01,6.268322e+01,7.205470e+01,4.753509e+01,4.627533e+01
175.2000,9.998383e+01,6.129432e+01,6.249101e+01,7.182910e+01,4.739615e+01,4.614077e+01
175.2200,9.965829e+01,6.110760e+01,6.230006e+01,7.160498e+01,4.725812e+01,4.600708e+01
175.2400,9.933488e+01,6.092210e+01,6.211036e+01,7.138233e+01,4.712098e+01,4.587427e+01
175.2600,9.901361e+01,6.073781e+01,6.192190e+01,7.116113e+01,4.698472e+01,4.574231e+01
175.2800,9.869445e+01,6.055472e+01,6.173466e+01,7.094138e+01,4.684935e+01,4.561120e+01
175.3000,9.837737e+01,6.037281e+01,6.154863e+01,7.072306e+01,4.671484e+01,4.548093e+01
175.3200,9.806237e+01,6.019207e+01,6.136380e+01,7.050614e+01,4.658120e+01,4.535150e+01
175.3400,9.774941e+01,6.001250e+01,6.118017e+01,7.029064e+01,4.644841e+01,4.522289e+01
175.3600,9.743849e+01,5.983408e+01,6.099771e+01,7.007652e+01,4.631647e+01,4.509510e+01
175.3800,9.712958e+01,5.965680e+01,6.081642e+01,6.986377e+01,4.618536e+01,4.496812e+01
175.4000,9.682266e+01,5.948066e+01,6.063629e+01,6.965239e+01,4.605509e+01,4.484195e+01
175.4200,9.651772e+01,5.930563e+01,6.045731e+01,6.944236e+01,4.592564e+01,4.471657e+01
175.4400,9.621473e+01,5.913172e+01,6.027946e+01,6.923367e+01,4.579700e+01,4.459198e+01
175.4600,9.591369e+01,5.895891e+01,6.010274e+01,6.902631e+01,4.566917e+01,4.446818e+01
175.4800,9.561456e+01,5.878718e+01,5.992714e+01,6.882025e+01,4.554214e+01,4.434514e+01
175.5000,9.531734e+01,5.861654e+01,5.975264e+01,6.861551e+01,4.541591e+01,4.422288e+01
175.5200,9.502201e+01,5.844697e+01,5.957923e+01,6.841205e+01,4.529046e+01,4.410138e+01
175.5400,9.472854e+01,5.827846e+01,5.940691e+01,6.820986e+01,4.516579e+01,4.398063e+01
175.5600,9.443693e+01,5.811100e+01,5.923567e+01,6.800895e+01,4.504189e+01,4.386062e+01
175.5800,9.414715e+01,5.794458e+01,5.906550e+01,6.780929e+01,4.491876e+01,4.374136e+01
175.6000,9.385920e+01,5.777920e+01,5.889638e+01,6.761088e+01,4.479639e+01,4.362283e+01
175.6200,9.357304e+01,5.761484e+01,5.872830e+01,6.741369e+01,4.467476e+01,4.350503e+01
175.6400,9.328868e+01,5.745149e+01,5.856127e+01,6.721773e+01,4.455388e+01,4.338795e+01
175.6600,9.300608e+01,5.728915e+01,5.839526e+01,6.702299e+01,4.443374e+01,4.327158e+01
175.6800,9.272524e+01,5.712781e+01,5.823027e+01,6.682944e+01,4.431433e+01,4.315592e+01
175.7000,9.244614e+01,5.696745e+01,5.806630e+01,6.663708e+01,4.419565e+01,4.304096e+01
175.7200,9.216876e+01,5.680807e+01,5.790332e+01,6.644590e+01,4.407768e+01,4.292670e+01
175.7400,9.189309e+01,5.664966e+01,5.774134e+01,6.625588e+01,4.396043e+01,4.281312e+01
175.7600,9.161911e+01,5.649221e+01,5.758034e+01,6.606703e+01,4.384388e+01,4.270023e+01
175.7800,9.134681e+01,5.633571e+01,5.742031e+01,6.587933e+01,4.372803e+01,4.258802e+01
175.8000,9.107618e+01,5.618016e+01,5.726125e+01,6.569276e+01,4.361288e+01,4.247648e+01
175.8200,9.080719e+01,5.602555e+01,5.710315e+01,6.550732e+01,4.349841e+01,4.236560e+01
175.8400,9.053984e+01,5.587186e+01,5.694600e+01,6.532300e+01,4.338462e+01,4.225538e+01
175.8600,9.027412e+01,5.571910e+01,5.678979e+01,6.513978e+01,4.327151e+01,4.214581e+01
175.8800,9.000999e+01,5.556724e+01,5.663451e+01,6.495767e+01,4.315907e+01,4.203690e+01
175.9000,8.974746e+01,5.541629e+01,5.648016e+01,6.477664e+01,4.304729e+01,4.192862e+01
175.9200,8.948651e+01,5.526624e+01,5.632672e+01,6.459669e+01,4.293617e+01,4.182099e+01
175.9400,8.922712e+01,5.511707e+01,5.617420e+01,6.441782e+01,4.282571e+01,4.171398e+01
175.9600,8.896929e+01,5.496879e+01,5.602257e+01,6.424000e+01,4.271589e+01,4.160760e+01
175.9800,8.871299e+01,5.482137e+01,5.587184e+01,6.406324e+01,4.260671e+01,4.150184e+01
176.0000,8.845821e+01,5.467483e+01,5.572199e+01,6.388752e+01,4.249816e+01,4.139669e+01
176.0200,8.820495e+01,5.452914e+01,5.557303e+01,6.371284e+01,4.239025e+01,4.129216e+01
176.0400,8.795319e+01,5.438431e+01,5.542493e+01,6.353918e+01,4.228296e+01,4.118823e+01
176.0600,8.770291e+01,5.424031e+01,5.527770e+01,6.336653e+01,4.217629e+01,4.108490e+01
176.0800,8.745411e+01,5.409716e+01,5.513132e+01,6.319490e+01,4.207024e+01,4.098216e+01
176.1000,8.720677e+01,5.395483e+01,5.498579e+01,6.302426e+01,4.196480e+01,4.088002e+01
176.1200,8.696088e+01,5.381333e+01,5.484110e+01,6.285461e+01,4.185995e+01,4.077846e+01
176.1400,8.671642e+01,5.367264e+01,5.469725e+01,6.268595e+01,4.175571e+01,4.067747e+01
176.1600,8.647339e+01,5.353276e+01,5.455423e+01,6.251826e+01,4.165206e+01,4.057707e+01
176.1800,8.623176e+01,5.339368e+01,5.441202e+01,6.235154e+01,4.154901e+01,4.047723e+01
176.2000,8.599154e+01,5.325540e+01,5.427063e+01,6.218577e+01,4.144653e+01,4.037796e+01
176.2200,8.575271e+01,5.311791e+01,5.413005e+01,6.202096e+01,4.134463e+01,4.027925e+01
176.2400,8.551526e+01,5.298120e+01,5.399026e+01,6.185708e+01,4.124331e+01,4.018109e+01
176.2600,8.527917e+01,5.284526e+01,5.385127e+01,6.169414e+01,4.114256e+01,4.008349e+01
176.2800,8.504443e+01,5.271009e+01,5.371307e+01,6.153213e+01,4.104237e+01,3.998643e+01
176.3000,8.481104e+01,5.257569e+01,5.357565e+01,6.137104e+01,4.094275e+01,3.988991e+01
176.3200,8.457898e+01,5.244204e+01,5.343900e+01,6.121086e+01,4.084368e+01,3.979393e+01
176.3400,8.434824e+01,5.230914e+01,5.330311e+01,6.105158e+01,4.074515e+01,3.969849e+01
176.3600,8.411881e+01,5.217699e+01,5.316799e+01,6.089319e+01,4.064718e+01,3.960357e+01
176.3800,8.389068e+01,5.204558e+01,5.303363e+01,6.073570e+01,4.054975e+01,3.950918e+01
176.4000,8.366384e+01,5.191489e+01,5.290001e+01,6.057909e+01,4.045285e+01,3.941531e+01
176.4200,8.343828e+01,5.178494e+01,5.276714e+01,6.042335e+01,4.035649e+01,3.932195e+01
176.4400,8.321398e+01,5.165570e+01,5.263500e+01,6.026848e+01,4.026066e+01,3.922911e+01
176.4600,8.299094e+01,5.152717e+01,5.250359e+01,6.011447e+01,4.016535e+01,3.913677e+01
176.4800,8.276915e+01,5.139936e+01,5.237291e+01,5.996131e+01,4.007057e+01,3.904494e+01
176.5000,8.254859e+01,5.127225e+01,5.224295e+01,5.980900e+01,3.997629e+01,3.895361e+01
176.5200,8.232927e+01,5.114583e+01,5.211370e+01,5.965753e+01,3.988253e+01,3.886277e+01
176.5400,8.211115e+01,5.102011e+01,5.198516e+01,5.950689e+01,3.978928e+01,3.877242e+01
176.5600,8.189425e+01,5.089507e+01,5.185732e+01,5.935708e+01,3.969654e+01,3.868256e+01
176.5800,8.167854e+01,5.077071e+01,5.173017e+01,5.920808e+01,3.960429e+01,3.859319e+01
176.6000,8.146403e+01,5.064703e+01,5.160372e+01,5.905990e+01,3.951253e+01,3.850429e+01
176.6200,8.125069e+01,5.052402e+01,5.147795e+01,5.891253e+01,3.942127e+01,3.841587e+01
176.6400,8.103852e+01,5.040167e+01,5.135286e+01,5.876596e+01,3.933050e+01,3.832793e+01
176.6600,8.082750e+01,5.027998e+01,5.122844e+01,5.862017e+01,3.924021e+01,3.824045e+01
176.6800,8.061764e+01,5.015894e+01,5.110470e+01,5.847518e+01,3.915040e+01,3.815343e+01
176.7000,8.040892e+01,5.003855e+01,5.098161e+01,5.833097e+01,3.906107e+01,3.806688e+01
176.7200,8.020134e+01,4.991881e+01,5.085919e+01,5.818753e+01,3.897221e+01,3.798078e+01
176.7400,7.999487e+01,4.979970e+01,5.073742e+01,5.804486e+01,3.888382e+01,3.789514e+01
176.7600,7.978952e+01,4.968123e+01,5.061629e+01,5.790296e+01,3.879590e+01,3.780995e+01
176.7800,7.958528e+01,4.956339e+01,5.049581e+01,5.776181e+01,3.870843e+01,3.772520e+01
176.8000,7.938213e+01,4.944616e+01,5.037597e+01,5.762141e+01,3.862143e+01,3.764090e+01
176.8200,7.918008e+01,4.932956e+01,5.025676e+01,5.748176e+01,3.853488e+01,3.755704e+01
176.8400,7.897910e+01,4.921357e+01,5.013817e+01,5.734284e+01,3.844878e+01,3.747362e+01
176.8600,7.877919e+01,4.909819e+01,5.002021e+01,5.720466e+01,3.836312e+01,3.739062e+01
176.8800,7.858035e+01,4.898342e+01,4.990287e+01,5.706721e+01,3.827791e+01,3.730806e+01
176.9000,7.838256e+01,4.886924e+01,4.978614e+01,5.693048e+01,3.819315e+01,3.722592e+01
176.9200,7.818582e+01,4.875566e+01,4.967002e+01,5.679446e+01,3.810881e+01,3.714421e+01
176.9400,7.799012e+01,4.864267e+01,4.955451e+01,5.665916e+01,3.802492e+01,3.706292e+01
176.9600,7.779545e+01,4.853026e+01,4.943959e+01,5.652456e+01,3.794145e+01,3.698204e+01
176.9800,7.760180e+01,4.841844e+01,4.932527e+01,5.639066e+01,3.785841e+01,3.690157e+01
177.0000,7.740916e+01,4.830719e+01,4.921154e+01,5.625746e+01,3.777579e+01,3.682152e+01
177.0200,7.721754e+01,4.819652e+01,4.909840e+01,5.612494e+01,3.769360e+01,3.674187e+01
177.0400,7.702691e+01,4.808641e+01,4.898583e+01,5.599311e+01,3.761182e+01,3.666263e+01
177.0600,7.683728e+01,4.797687e+01,4.887384e+01,5.586196e+01,3.753046e+01,3.658379e+01
177.0800,7.664863e+01,4.786789e+01,4.876243e+01,5.573148e+01,3.744950e+01,3.650535e+01
177.1000,7.646095e+01,4.775946e+01,4.865158e+01,5.560168e+01,3.736896e+01,3.642730e+01
177.1200,7.627425e+01,4.765159e+01,4.854130e+01,5.547253e+01,3.728882e+01,3.634964e+01
177.1400,7.608851e+01,4.754426e+01,4.843158e+01,5.534404e+01,3.720908e+01,3.627237e+01
177.1600,7.590372e+01,4.743747e+01,4.832241e+01,5.521621e+01,3.712974e+01,3.619549e+01
177.1800,7.571988e+01,4.733122e+01,4.821379e+01,5.508903e+01,3.705080e+01,3.611899e+01
177.2000,7.553698e+01,4.722551e+01,4.810572e+01,5.496249e+01,3.697225e+01,3.604287e+01
177.2200,7.535501e+01,4.712033e+01,4.799819e+01,5.483659e+01,3.689409e+01,3.596713e+01
177.2400,7.517398e+01,4.701567e+01,4.789121e+01,5.471132e+01,3.681632e+01,3.589177e+01
177.2600,7.499386e+01,4.691154e+01,4.778475e+01,5.458668e+01,3.673893e+01,3.581677e+01
177.2800,7.481465e+01,4.680793e+01,4.767883e+01,5.446267e+01,3.666192e+01,3.574215e+01
177.3000,7.463635e+01,4.670483e+01,4.757344e+01,5.433928e+01,3.658529e+01,3.566789e+01
177.3200,7.445895e+01,4.660224e+01,4.746857e+01,5.421650e+01,3.650904e+01,3.559399e+01
177.3400,7.428244e+01,4.650016e+01,4.736421e+01,5.409434e+01,3.643316e+01,3.552046e+01
177.3600,7.410682e+01,4.639859e+01,4.726038e+01,5.397278e+01,3.635765e+01,3.544728e+01
177.3800,7.393208e+01,4.629751e+01,4.715705e+01,5.385182e+01,3.628251e+01,3.537446e+01
177.4000,7.375821e+01,4.619693e+01,4.705423e+01,5.373146e+01,3.620773e+01,3.530200e+01
177.4200,7.358520e+01,4.609685e+01,4.695192e+01,5.361170e+01,3.613332e+01,3.522988e+01
177.4400,7.341306e+01,4.599725e+01,4.685011e+01,5.349252e+01,3.605926e+01,3.515811e+01
177.4600,7.324177e+01,4.589814e+01,4.674879e+01,5.337393e+01,3.598556e+01,3.508669e+01
177.4800,7.307133e+01,4.579951e+01,4.664797e+01,5.325592e+01,3.591222e+01,3.501561e+01
177.5000,7.290173e+01,4.570136e+01,4.654764e+01,5.313849e+01,3.583923e+01,3.494487e+01
177.5200,7.273297e+01,4.560368e+01,4.644779e+01,5.302162e+01,3.576658e+01,3.487447e+01
177.5400,7.256504e+01,4.550648e+01,4.634843e+01,5.290533e+01,3.569429e+01,3.480440e+01
177.5600,7.239793e+01,4.540974e+01,4.624954e+01,5.278960e+01,3.562234e+01,3.473467e+01
177.5800,7.223163e+01,4.531347e+01,4.615113e+01,5.267443e+01,3.555073e+01,3.466527e+01
177.6000,7.206615e+01,4.521766e+01,4.605319e+01,5.255981e+01,3.547945e+01,3.459619e+01
177.6200,7.190148e+01,4.512231e+01,4.595573e+01,5.244575e+01,3.540852e+01,3.452745e+01
177.6400,7.173760e+01,4.502742e+01,4.585872e+01,5.233223e+01,3.533792e+01,3.445902e+01
177.6600,7.157452e+01,4.493297e+01,4.576218e+01,5.221926e+01,3.526765e+01,3.439092e+01
177.6800,7.141223e+01,4.483898e+01,4.566610e+01,5.210683e+01,3.519772e+01,3.432314e+01
177.7000,7.125072e+01,4.474543e+01,4.557047e+01,5.199494e+01,3.512811e+01,3.425567e+01
177.7200,7.108998e+01,4.465232e+01,4.547530e+01,5.188357e+01,3.505882e+01,3.418852e+01
177.7400,7.093002e+01,4.455965e+01,4.538058e+01,5.177274e+01,3.498986e+01,3.412168e+01
177.7600,7.077083e+01,4.446742e+01,4.528630e+01,5.166243e+01,3.492122e+01,3.405515e+01
177.7800,7.061240e+01,4.437562e+01,4.519246e+01,5.155264e+01,3.485289e+01,3.398893e+01
177.8000,7.045472e+01,4.428425e+01,4.509907e+01,5.144337e+01,3.478489e+01,3.392302e+01
177.8200,7.029779e+01,4.419331e+01,4.500611e+01,5.133461e+01,3.471719e+01,3.385741e+01
177.8400,7.014161e+01,4.410279e+01,4.491358e+01,5.122637e+01,3.464981e+01,3.379210e+01
177.8600,6.998617e+01,4.401270e+01,4.482149e+01,5.111863e+01,3.458274e+01,3.372709e+01
177.8800,6.983146e+01,4.392302e+01,4.472982e+01,5.101139e+01,3.451598e+01,3.366237e+01
177.9000,6.967748e+01,4.383375e+01,4.463858e+01,5.090465e+01,3.444952e+01,3.359796e+01
177.9200,6.952423e+01,4.374490e+01,4.454776e+01,5.079841e+01,3.438336e+01,3.353383e+01
177.9400,6.937170e+01,4.365646e+01,4.445736e+01,5.069267e+01,3.431750e+01,3.347000e+01
177.9600,6.921988e+01,4.356842e+01,4.436737e+01,5.058741e+01,3.425195e+01,3.340646e+01
177.9800,6.906877e+01,4.348079e+01,4.427780e+01,5.048263e+01,3.418669e+01,3.334320e+01
178.0000,6.891836e+01,4.339355e+01,4.418864e+01,5.037834e+01,3.412172e+01,3.328023e+01
178.0200,6.876866e+01,4.330672e+01,4.409988e+01,5.027453e+01,3.405705e+01,3.321754e+01
178.0400,6.861964e+01,4.322028e+01,4.401153e+01,5.017120e+01,3.399267e+01,3.315514e+01
178.0600,6.847132e+01,4.313424e+01,4.392358e+01,5.006834e+01,3.392858e+01,3.309301e+01
178.0800,6.832369e+01,4.304858e+01,4.383603e+01,4.996594e+01,3.386477e+01,3.303116e+01
178.1000,6.817673e+01,4.296331e+01,4.374888e+01,4.986402e+01,3.380125e+01,3.296959e+01
178.1200,6.803045e+01,4.287843e+01,4.366212e+01,4.976256e+01,3.373801e+01,3.290829e+01
178.1400,6.788485e+01,4.279393e+01,4.357575e+01,4.966155e+01,3.367505e+01,3.284727e+01
178.1600,6.773990e+01,4.270981e+01,4.348977e+01,4.956101e+01,3.361237e+01,3.278651e+01
178.1800,6.759563e+01,4.262606e+01,4.340417e+01,4.946091e+01,3.354997e+01,3.272602e+01
178.2000,6.745201e+01,4.254269e+01,4.331896e+01,4.936127e+01,3.348785e+01,3.266580e+01
178.2200,6.730904e+01,4.245969e+01,4.323413e+01,4.926208e+01,3.342600e+01,3.260584e+01
178.2400,6.716672e+01,4.237707e+01,4.314967e+01,4.916333e+01,3.336442e+01,3.254615e+01
178.2600,6.702505e+01,4.229480e+01,4.306560e+01,4.906502e+01,3.330311e+01,3.248671e+01
178.2800,6.688401e+01,4.221291e+01,4.298189e+01,4.896715e+01,3.324206e+01,3.242754e+01
178.3000,6.674361e+01,4.213137e+01,4.289856e+01,4.886971e+01,3.318129e+01,3.236862e+01
178.3200,6.660385e+01,4.205019e+01,4.281559e+01,4.877271e+01,3.312078e+01,3.230996e+01
178.3400,6.646471e+01,4.196938e+01,4.273299e+01,4.867614e+01,3.306053e+01,3.225156e+01
178.3600,6.632620e+01,4.188891e+01,4.265075e+01,4.858000e+01,3.300054e+01,3.219340e+01
178.3800,6.618830e+01,4.180880e+01,4.256887e+01,4.848428e+01,3.294081e+01,3.213550e+01
178.4000,6.605102e+01,4.172904e+01,4.248735e+01,4.838898e+01,3.288134e+01,3.207785e+01
178.4200,6.591435e+01,4.164963e+01,4.240618e+01,4.829410e+01,3.282212e+01,3.202044e+01
178.4400,6.577828e+01,4.157056e+01,4.232537e+01,4.819964e+01,3.276316e+01,3.196328e+01
178.4600,6.564282e+01,4.149183e+01,4.224491e+01,4.810559e+01,3.270446e+01,3.190637e+01
178.4800,6.550796e+01,4.141345e+01,4.216480e+01,4.801195e+01,3.264600e+01,3.184970e+01
178.5000,6.537369e+01,4.133540e+01,4.208504e+01,4.791871e+01,3.258779e+01,3.179327e+01
178.5200,6.524002e+01,4.125770e+01,4.200562e+01,4.782588e+01,3.252983e+01,3.173708e+01
178.5400,6.510693e+01,4.118032e+01,4.192654e+01,4.773346e+01,3.247211e+01,3.168112e+01
178.5600,6.497442e+01,4.110328e+01,4.184780e+01,4.764143e+01,3.241464e+01,3.162541e+01
178.5800,6.484250e+01,4.102657e+01,4.176940e+01,4.754981e+01,3.235741e+01,3.156993e+01
178.6000,6.471115e+01,4.095018e+01,4.169134e+01,4.745857e+01,3.230043e+01,3.151468e+01
178.6200,6.458037e+01,4.087413e+01,4.161360e+01,4.736773e+01,3.224368e+01,3.145966e+01
178.6400,6.445016e+01,4.079839e+01,4.153620e+01,4.727728e+01,3.218717e+01,3.140488e+01
178.6600,6.432052e+01,4.072298e+01,4.145913e+01,4.718721e+01,3.213090e+01,3.135032e+01
178.6800,6.419143e+01,4.064789e+01,4.138239e+01,4.709753e+01,3.207486e+01,3.129599e+01
178.7000,6.406290e+01,4.057311e+01,4.130597e+01,4.700823e+01,3.201906e+01,3.124189e+01
178.7200,6.393493e+01,4.049865e+01,4.122987e+01,4.691931e+01,3.196349e+01,3.118801e+01
178.7400,6.380751e+01,4.042450e+01,4.115409e+01,4.683077e+01,3.190815e+01,3.113435e+01
178.7600,6.368063e+01,4.035067e+01,4.107863e+01,4.674260e+01,3.185304e+01,3.108092e+01
178.7800,6.355430e+01,4.027714e+01,4.100349e+01,4.665480e+01,3.179815e+01,3.102771e+01
178.8000,6.342850e+01,4.020392e+01,4.092866e+01,4.656738e+01,3.174349e+01,3.097471e+01
178.8200,6.330324e+01,4.013101e+01,4.085415e+01,4.648032e+01,3.168906e+01,3.092193e+01
178.8400,6.317852e+01,4.005840e+01,4.077994e+01,4.639363e+01,3.163485e+01,3.086937e+01
178.8600,6.305432e+01,3.998609e+01,4.070605e+01,4.630730e+01,3.158086e+01,3.081703e+01
178.8800,6.293065e+01,3.991408e+01,4.063246e+01,4.622133e+01,3.152709e+01,3.076490e+01
178.9000,6.280751e+01,3.984237e+01,4.055917e+01,4.613572e+01,3.147355e+01,3.071298e+01
178.9200,6.268488e+01,3.977095e+01,4.048619e+01,4.605046e+01,3.142021e+01,3.066127e+01
178.9400,6.256277e+01,3.969983e+01,4.041351e+01,4.596556e+01,3.136710e+01,3.060977e+01
178.9600,6.244117e+01,3.962900e+01,4.034113e+01,4.588101e+01,3.131420e+01,3.055848e+01
178.9800,6.232008e+01,3.955846e+01,4.026904e+01,4.579681e+01,3.126152e+01,3.050739e+01
179.0000,6.219949e+01,3.948821e+01,4.019725e+01,4.571296e+01,3.120904e+01,3.045651e+01
179.0200,6.207942e+01,3.941825e+01,4.012575e+01,4.562945e+01,3.115678e+01,3.040584e+01
179.0400,6.195984e+01,3.934857e+01,4.005455e+01,4.554628e+01,3.110473e+01,3.035536e+01
179.0600,6.184075e+01,3.927918e+01,3.998363e+01,4.546346e+01,3.105288e+01,3.030509e+01
179.0800,6.172216e+01,3.921006e+01,3.991300e+01,4.538097e+01,3.100125e+01,3.025502e+01
179.1000,6.160407e+01,3.914123e+01,3.984266e+01,4.529882e+01,3.094982e+01,3.020515e+01
179.1200,6.148646e+01,3.907267e+01,3.977260e+01,4.521701e+01,3.089859e+01,3.015548e+01
179.1400,6.136933e+01,3.900439e+01,3.970283e+01,4.513552e+01,3.084757e+01,3.010601e+01
179.1600,6.125269e+01,3.893639e+01,3.963333e+01,4.505437e+01,3.079675e+01,3.005673e+01
179.1800,6.113652e+01,3.886866e+01,3.956412e+01,4.497355e+01,3.074613e+01,3.000764e+01
179.2000,6.102083e+01,3.880120e+01,3.949518e+01,4.489305e+01,3.069571e+01,2.995875e+01
179.2200,6.090561e+01,3.873400e+01,3.942652e+01,4.481288e+01,3.064548e+01,2.991005e+01
179.2400,6.079087e+01,3.866708e+01,3.935813e+01,4.473302e+01,3.059546e+01,2.986154e+01
179.2600,6.067659e+01,3.860042e+01,3.929002e+01,4.465349e+01,3.054563e+01,2.981322e+01
179.2800,6.056277e+01,3.853403e+01,3.922217e+01,4.457428e+01,3.049600e+01,2.976509e+01
179.3000,6.044942e+01,3.846790e+01,3.915460e+01,4.449538e+01,3.044656e+01,2.971714e+01
179.3200,6.033652e+01,3.840203e+01,3.908729e+01,4.441680e+01,3.039731e+01,2.966939e+01
179.3400,6.022408e+01,3.833642e+01,3.902025e+01,4.433853e+01,3.034825e+01,2.962181e+01
179.3600,6.011210e+01,3.827107e+01,3.895347e+01,4.426057e+01,3.029939e+01,2.957443e+01
179.3800,6.000056e+01,3.820598e+01,3.888695e+01,4.418292e+01,3.025071e+01,2.952722e+01
179.4000,5.988947e+01,3.814114e+01,3.882070e+01,4.410558e+01,3.020222e+01,2.948020e+01
179.4200,5.977883e+01,3.807656e+01,3.875470e+01,4.402854e+01,3.015392e+01,2.943335e+01
179.4400,5.966862e+01,3.801223e+01,3.868897e+01,4.395181e+01,3.010580e+01,2.938669e+01
179.4600,5.955886e+01,3.794814e+01,3.862349e+01,4.387537e+01,3.005787e+01,2.934021e+01
179.4800,5.944954e+01,3.788431e+01,3.855826e+01,4.379924e+01,3.001012e+01,2.929390e+01
179.5000,5.934064e+01,3.782073e+01,3.849329e+01,4.372340e+01,2.996255e+01,2.924777e+01
179.5200,5.923218e+01,3.775739e+01,3.842857e+01,4.364787e+01,2.991516e+01,2.920182e+01
179.5400,5.912415e+01,3.769429e+01,3.836410e+01,4.357262e+01,2.986796e+01,2.915604e+01
179.5600,5.901655e+01,3.763144e+01,3.829987e+01,4.349767e+01,2.982093e+01,2.911043e+01
179.5800,5.890937e+01,3.756883e+01,3.823590e+01,4.342300e+01,2.977408e+01,2.906499e+01
179.6000,5.880261e+01,3.750646e+01,3.817217e+01,4.334863e+01,2.972741e+01,2.901973e+01
179.6200,5.869627e+01,3.744433e+01,3.810869e+01,4.327455e+01,2.968092e+01,2.897464e+01
179.6400,5.859034e+01,3.738244e+01,3.804545e+01,4.320075e+01,2.963460e+01,2.892971e+01
179.6600,5.848483e+01,3.732078e+01,3.798245e+01,4.312723e+01,2.958845e+01,2.888496e+01
179.6800,5.837974e+01,3.725936e+01,3.791969e+01,4.305400e+01,2.954248e+01,2.884037e+01
179.7000,5.827505e+01,3.719817e+01,3.785717e+01,4.298104e+01,2.949667e+01,2.879595e+01
179.7200,5.817076e+01,3.713722e+01,3.779488e+01,4.290837e+01,2.945104e+01,2.875169e+01
179.7400,5.806689e+01,3.707649e+01,3.773284e+01,4.283597e+01,2.940558e+01,2.870760e+01
179.7600,5.796341e+01,3.701599e+01,3.767102e+01,4.276385e+01,2.936029e+01,2.866367e+01
179.7800,5.786033e+01,3.695573e+01,3.760944e+01,4.269201e+01,2.931516e+01,2.861991e+01
179.8000,5.775765e+01,3.689568e+01,3.754809e+01,4.262043e+01,2.927021e+01,2.857630e+01
179.8200,5.765537e+01,3.683587e+01,3.748698e+01,4.254913e+01,2.922541e+01,2.853286e+01
179.8400,5.755348e+01,3.677628e+01,3.742609e+01,4.247810e+01,2.918079e+01,2.848958e+01
179.8600,5.745197e+01,3.671691e+01,3.736543e+01,4.240733e+01,2.913633e+01,2.844645e+01
179.8800,5.735086e+01,3.665776e+01,3.730499e+01,4.233683e+01,2.909203e+01,2.840348e+01
179.9000,5.725013e+01,3.659883e+01,3.724479e+01,4.226660e+01,2.904789e+01,2.836067e+01
179.9200,5.714979e+01,3.654012e+01,3.718480e+01,4.219662e+01,2.900391e+01,2.831802e+01
179.9400,5.704983e+01,3.648163e+01,3.712504e+01,4.212691e+01,2.896010e+01,2.827552e+01
179.9600,5.695024e+01,3.642335e+01,3.706550e+01,4.205747e+01,2.891644e+01,2.823318e+01
179.9800,5.685103e+01,3.636529e+01,3.700618e+01,4.198827e+01,2.887294e+01,2.819098e+01
180.0000,5.675220e+01,3.630745e+01,3.694707e+01,4.191934e+01,2.882960e+01,2.814895e+01
